record_id,dialogue_id,split,task,proposer,seen,recommendation_response,appraisal,intends_to_watch
belief_10,622,train,belief,recommender,no,accepted,,
belief_11,622,train,belief,seeker,yes,,likes,
belief_12,622,train,belief,recommender,yes,accepted,,
belief_13,622,train,belief,recommender,yes,declined,,
belief_14,622,train,belief,recommender,yes,declined,,
belief_15,622,train,belief,recommender,no,accepted,,
belief_16,622,train,belief,recommender,yes,accepted,,
belief_17,895,train,belief,recommender,yes,accepted,,
belief_18,895,train,belief,seeker,yes,,likes,
belief_19,895,train,belief,recommender,yes,accepted,,
belief_20,895,train,belief,recommender,no,accepted,,
belief_21,895,train,belief,recommender,yes,accepted,,
belief_22,895,train,belief,recommender,yes,accepted,,
belief_23,895,train,belief,recommender,yes,accepted,,
belief_24,895,train,belief,recommender,yes,declined,,
belief_25,895,train,belief,seeker,yes,,likes,
belief_26,895,train,belief,seeker,yes,,likes,
belief_27,895,train,belief,recommender,yes,accepted,,
belief_28,895,train,belief,recommender,yes,accepted,,
belief_29,895,train,belief,recommender,yes,accepted,,
belief_30,950,train,belief,recommender,no,accepted,,
belief_31,950,train,belief,seeker,yes,,likes,
belief_32,950,train,belief,recommender,yes,accepted,,
belief_33,950,train,belief,seeker,yes,,likes,
belief_34,950,train,belief,recommender,yes,declined,,
belief_35,950,train,belief,seeker,yes,,likes,
belief_36,950,train,belief,recommender,yes,accepted,,
belief_37,950,train,belief,recommender,yes,accepted,,
belief_38,950,train,belief,seeker,yes,,dislikes,
belief_39,957,train,belief,recommender,no,accepted,,
belief_40,957,train,belief,recommender,yes,declined,,
belief_41,957,train,belief,seeker,yes,,likes,
belief_42,957,train,belief,recommender,no,declined,,
belief_43,957,train,belief,recommender,yes,accepted,,
belief_44,957,train,belief,recommender,yes,accepted,,
belief_45,957,train,belief,seeker,yes,,likes,
belief_46,957,train,belief,recommender,yes,declined,,
belief_47,957,train,belief,recommender,yes,accepted,,
belief_48,957,train,belief,seeker,yes,,likes,
belief_49,957,train,belief,recommender,no,declined,,
belief_50,957,train,belief,seeker,yes,,likes,
belief_51,1002,train,belief,recommender,yes,accepted,,
belief_52,1002,train,belief,recommender,no,accepted,,
belief_53,1002,train,belief,recommender,no,accepted,,
belief_54,1002,train,belief,recommender,no,accepted,,
belief_55,1002,train,belief,recommender,no,declined,,
belief_56,1003,train,belief,recommender,yes,accepted,,
belief_57,1003,train,belief,recommender,yes,declined,,
belief_58,1003,train,belief,recommender,yes,accepted,,
belief_59,1003,train,belief,recommender,no,accepted,,
belief_60,1003,train,belief,recommender,no,accepted,,
belief_61,1003,train,belief,recommender,no,accepted,,
belief_62,1021,train,belief,recommender,no,accepted,,
belief_63,1021,train,belief,recommender,yes,declined,,
belief_64,1021,train,belief,recommender,yes,accepted,,
belief_65,1021,train,belief,recommender,yes,accepted,,
belief_66,1021,train,belief,recommender,no,accepted,,
belief_67,1057,train,belief,recommender,no,accepted,,
belief_68,1057,train,belief,seeker,yes,,likes,
belief_69,1057,train,belief,recommender,yes,declined,,
belief_70,1057,train,belief,seeker,yes,,likes,
belief_71,1057,train,belief,recommender,yes,accepted,,
belief_72,1057,train,belief,seeker,yes,,dislikes,
belief_73,1108,train,belief,recommender,yes,accepted,,
belief_75,1108,train,belief,seeker,yes,,likes,
belief_76,1108,train,belief,seeker,yes,,likes,
belief_78,1108,train,belief,seeker,yes,,likes,
belief_79,1108,train,belief,recommender,yes,accepted,,
belief_80,1108,train,belief,recommender,yes,accepted,,
belief_81,1111,train,belief,seeker,yes,,likes,
belief_82,1111,train,belief,recommender,yes,accepted,,
belief_83,1111,train,belief,recommender,yes,accepted,,
belief_84,1111,train,belief,recommender,yes,declined,,
belief_85,1111,train,belief,recommender,yes,accepted,,
belief_86,1111,train,belief,recommender,yes,accepted,,
belief_87,1111,train,belief,recommender,yes,accepted,,
belief_88,1111,train,belief,recommender,yes,accepted,,
belief_89,1111,train,belief,seeker,yes,,likes,
belief_90,1111,train,belief,recommender,yes,accepted,,
belief_91,1127,train,belief,recommender,yes,declined,,
belief_92,1127,train,belief,recommender,no,accepted,,
belief_93,1127,train,belief,recommender,no,accepted,,
belief_94,1127,train,belief,recommender,no,accepted,,
belief_95,1127,train,belief,recommender,no,accepted,,
belief_96,1127,train,belief,recommender,yes,accepted,,
belief_97,1127,train,belief,recommender,no,declined,,
belief_98,1127,train,belief,recommender,no,accepted,,
belief_99,1205,train,belief,recommender,no,declined,,
belief_100,1205,train,belief,recommender,no,declined,,
belief_101,1205,train,belief,recommender,no,accepted,,
belief_102,1205,train,belief,recommender,no,declined,,
belief_104,1212,train,belief,recommender,no,accepted,,
belief_105,1212,train,belief,seeker,yes,,likes,
belief_106,1212,train,belief,recommender,yes,accepted,,
belief_107,1212,train,belief,recommender,yes,declined,,
belief_115,1357,train,belief,recommender,yes,accepted,,
belief_116,1357,train,belief,recommender,no,declined,,
belief_117,1357,train,belief,seeker,no,,likes,
belief_118,1357,train,belief,seeker,yes,,likes,
belief_119,1357,train,belief,recommender,yes,accepted,,
belief_120,1363,train,belief,recommender,no,accepted,,
belief_121,1363,train,belief,recommender,no,accepted,,
belief_122,1363,train,belief,recommender,no,accepted,,
belief_123,1363,train,belief,recommender,no,declined,,
belief_132,1501,train,belief,recommender,yes,accepted,,
belief_133,1501,train,belief,recommender,yes,accepted,,
belief_134,1501,train,belief,recommender,yes,declined,,
belief_135,1501,train,belief,recommender,yes,declined,,
belief_136,1501,train,belief,seeker,yes,,likes,
belief_137,1501,train,belief,seeker,yes,,likes,
belief_138,1501,train,belief,recommender,yes,accepted,,
belief_139,1501,train,belief,seeker,yes,,dislikes,
belief_140,1501,train,belief,recommender,yes,declined,,
belief_141,1501,train,belief,seeker,yes,,likes,
belief_142,1501,train,belief,seeker,yes,,likes,
belief_157,1619,train,belief,seeker,yes,,likes,
belief_158,1619,train,belief,recommender,yes,accepted,,
belief_159,1619,train,belief,seeker,yes,,likes,
belief_160,1619,train,belief,recommender,yes,accepted,,
belief_161,1619,train,belief,recommender,yes,accepted,,
belief_162,1619,train,belief,recommender,no,accepted,,
belief_163,1619,train,belief,recommender,yes,declined,,
belief_165,1619,train,belief,seeker,yes,,likes,
belief_166,1623,train,belief,recommender,yes,declined,,
belief_167,1623,train,belief,recommender,yes,declined,,
belief_168,1623,train,belief,seeker,yes,,likes,
belief_169,1623,train,belief,recommender,no,accepted,,
belief_170,1623,train,belief,recommender,no,declined,,
belief_171,1623,train,belief,seeker,yes,,likes,
belief_172,1623,train,belief,recommender,yes,accepted,,
belief_173,1623,train,belief,recommender,no,declined,,
belief_174,1623,train,belief,recommender,yes,accepted,,
belief_175,1751,train,belief,recommender,yes,accepted,,
belief_176,1751,train,belief,seeker,yes,,likes,
belief_177,1751,train,belief,recommender,no,declined,,
belief_178,1751,train,belief,recommender,yes,accepted,,
belief_179,1751,train,belief,recommender,no,declined,,
belief_180,1751,train,belief,recommender,yes,accepted,,
belief_181,1751,train,belief,recommender,no,declined,,
belief_182,1941,train,belief,seeker,yes,,likes,
belief_183,1941,train,belief,recommender,no,declined,,
belief_184,1941,train,belief,recommender,no,accepted,,
belief_185,1941,train,belief,recommender,no,accepted,,
belief_186,1941,train,belief,recommender,yes,accepted,,
belief_187,1992,train,belief,seeker,yes,,likes,
belief_188,1992,train,belief,seeker,yes,,likes,
belief_189,1992,train,belief,recommender,yes,accepted,,
belief_190,1992,train,belief,seeker,yes,,likes,
belief_191,1992,train,belief,recommender,no,declined,,
belief_192,1992,train,belief,seeker,yes,,likes,
belief_193,1992,train,belief,recommender,no,accepted,,
belief_194,1992,train,belief,recommender,yes,accepted,,
belief_195,1992,train,belief,seeker,yes,,likes,
belief_196,1998,train,belief,seeker,yes,,likes,
belief_197,1998,train,belief,seeker,yes,,likes,
belief_198,1998,train,belief,recommender,yes,accepted,,
belief_199,1998,train,belief,recommender,yes,declined,,
belief_200,1998,train,belief,recommender,no,accepted,,
belief_201,1998,train,belief,recommender,yes,declined,,
belief_202,1998,train,belief,recommender,no,accepted,,
belief_203,1998,train,belief,recommender,no,accepted,,
belief_204,2032,train,belief,recommender,yes,declined,,
belief_205,2032,train,belief,recommender,no,accepted,,
belief_206,2032,train,belief,seeker,yes,,likes,
belief_207,2032,train,belief,seeker,yes,,likes,
belief_208,2032,train,belief,recommender,yes,declined,,
belief_209,2032,train,belief,seeker,yes,,likes,
belief_210,2203,train,belief,seeker,yes,,likes,
belief_211,2203,train,belief,recommender,yes,accepted,,
belief_212,2203,train,belief,recommender,yes,declined,,
belief_213,2203,train,belief,recommender,yes,accepted,,
belief_214,2203,train,belief,recommender,yes,accepted,,
belief_215,2203,train,belief,recommender,yes,accepted,,
belief_216,2214,train,belief,recommender,yes,accepted,,
belief_217,2214,train,belief,seeker,yes,,likes,
belief_218,2214,train,belief,recommender,no,declined,,
belief_219,2214,train,belief,seeker,yes,,likes,
belief_220,2214,train,belief,recommender,yes,declined,,
belief_221,2214,train,belief,seeker,yes,,likes,
belief_222,2214,train,belief,seeker,yes,,likes,
belief_223,2214,train,belief,seeker,yes,,likes,
belief_224,2214,train,belief,recommender,yes,accepted,,
belief_225,2214,train,belief,recommender,no,accepted,,
belief_226,2245,train,belief,recommender,yes,accepted,,
belief_227,2245,train,belief,recommender,yes,declined,,
belief_228,2245,train,belief,recommender,no,declined,,
belief_230,2245,train,belief,recommender,yes,accepted,,
belief_239,2255,train,belief,recommender,yes,accepted,,
belief_240,2255,train,belief,seeker,yes,,likes,
belief_241,2255,train,belief,seeker,yes,,likes,
belief_242,2255,train,belief,recommender,yes,declined,,
belief_243,2255,train,belief,recommender,yes,accepted,,
belief_244,2255,train,belief,recommender,yes,accepted,,
belief_245,2258,train,belief,seeker,yes,,likes,
belief_246,2258,train,belief,recommender,yes,accepted,,
belief_247,2258,train,belief,seeker,yes,,likes,
belief_248,2258,train,belief,seeker,yes,,likes,
belief_249,2258,train,belief,recommender,yes,declined,,
belief_250,2258,train,belief,recommender,yes,accepted,,
belief_251,2258,train,belief,recommender,yes,accepted,,
belief_252,2335,train,belief,seeker,yes,,likes,
belief_253,2335,train,belief,recommender,yes,accepted,,
belief_254,2335,train,belief,seeker,yes,,likes,
belief_255,2335,train,belief,recommender,yes,accepted,,
belief_256,2335,train,belief,recommender,no,accepted,,
belief_257,2335,train,belief,recommender,yes,declined,,
belief_258,2335,train,belief,recommender,no,accepted,,
belief_274,2498,train,belief,seeker,yes,,likes,
belief_275,2498,train,belief,recommender,yes,accepted,,
belief_277,2498,train,belief,recommender,yes,accepted,,
belief_278,2498,train,belief,recommender,yes,accepted,,
belief_279,2498,train,belief,recommender,no,accepted,,
belief_284,2773,train,belief,recommender,yes,accepted,,
belief_285,2773,train,belief,recommender,no,declined,,
belief_286,2773,train,belief,recommender,no,accepted,,
belief_287,2773,train,belief,seeker,yes,,likes,
belief_288,2773,train,belief,recommender,yes,accepted,,
belief_289,2773,train,belief,seeker,yes,,likes,
belief_290,2818,train,belief,recommender,no,accepted,,
belief_291,2818,train,belief,seeker,yes,,likes,
belief_292,2818,train,belief,recommender,yes,accepted,,
belief_293,2818,train,belief,seeker,yes,,likes,
belief_294,2818,train,belief,recommender,no,accepted,,
belief_295,2818,train,belief,recommender,no,accepted,,
belief_296,2818,train,belief,recommender,no,declined,,
belief_297,2818,train,belief,recommender,yes,accepted,,
belief_302,3375,train,belief,recommender,yes,accepted,,
belief_303,3375,train,belief,recommender,no,accepted,,
belief_304,3375,train,belief,recommender,yes,declined,,
belief_305,3375,train,belief,recommender,yes,declined,,
belief_306,3480,train,belief,seeker,yes,,likes,
belief_307,3480,train,belief,seeker,yes,,likes,
belief_308,3480,train,belief,seeker,yes,,likes,
belief_309,3480,train,belief,recommender,no,declined,,
belief_310,3480,train,belief,recommender,yes,declined,,
belief_311,3480,train,belief,seeker,yes,,likes,
belief_312,3480,train,belief,recommender,yes,accepted,,
belief_313,3480,train,belief,recommender,yes,accepted,,
belief_314,3480,train,belief,seeker,yes,,likes,
belief_315,3480,train,belief,recommender,yes,accepted,,
belief_316,3480,train,belief,recommender,no,declined,,
belief_317,3797,train,belief,recommender,no,accepted,,
belief_318,3797,train,belief,recommender,no,accepted,,
belief_319,3797,train,belief,recommender,yes,declined,,
belief_320,3797,train,belief,recommender,yes,accepted,,
belief_327,3838,train,belief,recommender,no,accepted,,
belief_328,3838,train,belief,seeker,yes,,likes,
belief_329,3838,train,belief,recommender,yes,declined,,
belief_330,3838,train,belief,seeker,yes,,likes,
belief_331,3838,train,belief,recommender,no,accepted,,
belief_332,3838,train,belief,recommender,no,accepted,,
belief_333,3849,train,belief,recommender,yes,accepted,,
belief_334,3849,train,belief,recommender,yes,declined,,
belief_335,3849,train,belief,recommender,yes,accepted,,
belief_336,3849,train,belief,recommender,yes,accepted,,
belief_337,3897,train,belief,recommender,yes,accepted,,
belief_338,3897,train,belief,recommender,no,declined,,
belief_339,3897,train,belief,recommender,yes,accepted,,
belief_340,3937,train,belief,recommender,no,accepted,,
belief_341,3937,train,belief,recommender,yes,declined,,
belief_342,3937,train,belief,recommender,yes,accepted,,
belief_343,3937,train,belief,recommender,yes,accepted,,
belief_344,3937,train,belief,recommender,yes,accepted,,
belief_345,3937,train,belief,recommender,yes,accepted,,
belief_346,3994,train,belief,recommender,yes,accepted,,
belief_347,3994,train,belief,recommender,no,accepted,,
belief_348,3994,train,belief,recommender,yes,accepted,,
belief_349,3994,train,belief,recommender,yes,declined,,
belief_361,5221,train,belief,recommender,yes,accepted,,
belief_362,5221,train,belief,recommender,yes,accepted,,
belief_363,5221,train,belief,recommender,yes,declined,,
belief_364,5221,train,belief,seeker,yes,,likes,
belief_365,5221,train,belief,seeker,yes,,likes,
belief_366,5221,train,belief,recommender,yes,accepted,,
belief_367,5369,train,belief,recommender,yes,declined,,
belief_368,5369,train,belief,recommender,yes,accepted,,
belief_369,5369,train,belief,recommender,yes,declined,,
belief_370,5369,train,belief,recommender,yes,accepted,,
belief_371,5369,train,belief,recommender,yes,accepted,,
belief_372,5369,train,belief,seeker,yes,,likes,
belief_383,5921,train,belief,recommender,no,accepted,,
belief_384,5921,train,belief,recommender,yes,accepted,,
belief_385,5921,train,belief,recommender,yes,accepted,,
belief_386,5921,train,belief,recommender,yes,declined,,
belief_387,5934,train,belief,recommender,yes,declined,,
belief_388,5934,train,belief,recommender,no,accepted,,
belief_389,5934,train,belief,recommender,yes,accepted,,
belief_390,5934,train,belief,recommender,yes,accepted,,
belief_415,6522,train,belief,recommender,yes,accepted,,
belief_416,6522,train,belief,recommender,no,declined,,
belief_417,6522,train,belief,recommender,no,accepted,,
belief_418,6522,train,belief,recommender,no,accepted,,
belief_429,6730,train,belief,recommender,yes,declined,,
belief_430,6730,train,belief,recommender,yes,declined,,
belief_431,6730,train,belief,recommender,yes,declined,,
belief_432,6730,train,belief,seeker,yes,,likes,
belief_433,6730,train,belief,recommender,yes,accepted,,
belief_434,6730,train,belief,recommender,yes,accepted,,
belief_435,6730,train,belief,recommender,yes,accepted,,
belief_436,6730,train,belief,recommender,no,accepted,,
belief_440,6793,train,belief,seeker,yes,,likes,
belief_441,6793,train,belief,recommender,yes,declined,,
belief_442,6793,train,belief,recommender,no,accepted,,
belief_443,6793,train,belief,recommender,yes,accepted,,
belief_444,6793,train,belief,recommender,yes,declined,,
belief_445,6793,train,belief,recommender,yes,declined,,
belief_446,6810,train,belief,recommender,yes,accepted,,
belief_447,6810,train,belief,recommender,yes,declined,,
belief_448,6810,train,belief,recommender,yes,accepted,,
belief_449,6810,train,belief,recommender,yes,accepted,,
belief_450,6810,train,belief,recommender,no,accepted,,
belief_458,6843,train,belief,recommender,no,accepted,,
belief_459,6843,train,belief,recommender,yes,accepted,,
belief_460,6843,train,belief,recommender,yes,declined,,
belief_462,6843,train,belief,recommender,yes,accepted,,
belief_463,6843,train,belief,recommender,yes,declined,,
belief_473,6893,train,belief,recommender,no,accepted,,
belief_474,6893,train,belief,recommender,no,declined,,
belief_475,6893,train,belief,recommender,yes,accepted,,
belief_477,6893,train,belief,seeker,yes,,likes,
belief_484,6938,train,belief,recommender,yes,accepted,,
belief_485,6938,train,belief,recommender,no,accepted,,
belief_486,6938,train,belief,recommender,no,accepted,,
belief_487,6938,train,belief,recommender,yes,accepted,,
belief_488,6938,train,belief,recommender,yes,declined,,
belief_495,6941,train,belief,recommender,yes,accepted,,
belief_497,6941,train,belief,recommender,yes,declined,,
belief_498,6941,train,belief,recommender,no,declined,,
belief_499,6941,train,belief,seeker,yes,,likes,
belief_500,7045,train,belief,recommender,yes,accepted,,
belief_501,7045,train,belief,recommender,no,declined,,
belief_502,7045,train,belief,recommender,yes,accepted,,
belief_503,7045,train,belief,recommender,yes,declined,,
belief_504,7082,train,belief,seeker,yes,,dislikes,
belief_505,7082,train,belief,recommender,no,declined,,
belief_506,7082,train,belief,seeker,yes,,dislikes,
belief_507,7082,train,belief,recommender,no,accepted,,
belief_508,7082,train,belief,recommender,no,declined,,
belief_509,7082,train,belief,seeker,yes,,likes,
belief_518,7195,train,belief,seeker,yes,,dislikes,
belief_519,7195,train,belief,recommender,yes,accepted,,
belief_520,7195,train,belief,recommender,yes,accepted,,
belief_521,7195,train,belief,recommender,yes,declined,,
belief_522,7195,train,belief,seeker,yes,,likes,
belief_523,7195,train,belief,seeker,yes,,likes,
belief_524,7195,train,belief,recommender,no,accepted,,
belief_525,7195,train,belief,seeker,yes,,likes,
belief_526,7201,train,belief,seeker,yes,,likes,
belief_527,7201,train,belief,recommender,yes,accepted,,
belief_528,7201,train,belief,recommender,yes,declined,,
belief_529,7201,train,belief,recommender,yes,accepted,,
belief_530,7201,train,belief,recommender,no,accepted,,
belief_531,7356,train,belief,recommender,yes,accepted,,
belief_532,7356,train,belief,seeker,yes,,likes,
belief_533,7356,train,belief,seeker,yes,,likes,
belief_534,7356,train,belief,recommender,no,accepted,,
belief_535,7356,train,belief,recommender,yes,accepted,,
belief_536,7356,train,belief,recommender,yes,declined,,
belief_537,7398,train,belief,recommender,yes,declined,,
belief_538,7398,train,belief,seeker,yes,,likes,
belief_540,7398,train,belief,recommender,yes,accepted,,
belief_541,7398,train,belief,recommender,no,declined,,
belief_542,7398,train,belief,recommender,no,accepted,,
belief_543,7398,train,belief,seeker,yes,,likes,
belief_544,7411,train,belief,recommender,no,declined,,
belief_545,7411,train,belief,seeker,yes,,likes,
belief_546,7411,train,belief,recommender,no,declined,,
belief_547,7411,train,belief,recommender,yes,accepted,,
belief_548,7411,train,belief,recommender,no,declined,,
belief_549,7411,train,belief,recommender,no,accepted,,
belief_550,7411,train,belief,recommender,yes,accepted,,
belief_551,7411,train,belief,recommender,no,accepted,,
belief_552,7570,train,belief,seeker,yes,,likes,
belief_553,7570,train,belief,recommender,no,accepted,,
belief_554,7570,train,belief,recommender,no,accepted,,
belief_555,7570,train,belief,recommender,yes,accepted,,
belief_556,7570,train,belief,seeker,yes,,likes,
belief_557,7570,train,belief,recommender,no,declined,,
belief_558,7588,train,belief,recommender,yes,accepted,,
belief_560,7588,train,belief,seeker,yes,,likes,
belief_561,7588,train,belief,recommender,no,accepted,,
belief_562,7588,train,belief,seeker,yes,,likes,
belief_563,7588,train,belief,recommender,yes,accepted,,
belief_564,7588,train,belief,recommender,no,accepted,,
belief_566,7663,train,belief,recommender,no,accepted,,
belief_567,7663,train,belief,recommender,no,accepted,,
belief_568,7663,train,belief,recommender,no,accepted,,
belief_569,7663,train,belief,recommender,yes,declined,,
belief_570,7698,train,belief,seeker,yes,,likes,
belief_571,7698,train,belief,recommender,no,declined,,
belief_572,7698,train,belief,recommender,no,accepted,,
belief_573,7698,train,belief,recommender,yes,accepted,,
belief_574,7698,train,belief,recommender,no,accepted,,
belief_575,7698,train,belief,recommender,no,declined,,
belief_576,7698,train,belief,recommender,yes,accepted,,
belief_577,7698,train,belief,recommender,no,declined,,
belief_578,7732,train,belief,recommender,no,accepted,,
belief_581,7732,train,belief,recommender,yes,accepted,,
belief_582,7732,train,belief,recommender,yes,accepted,,
belief_583,7732,train,belief,recommender,no,declined,,
belief_596,7894,train,belief,recommender,no,accepted,,
belief_597,7894,train,belief,recommender,yes,accepted,,
belief_598,7894,train,belief,recommender,yes,accepted,,
belief_599,7894,train,belief,recommender,yes,accepted,,
belief_600,7894,train,belief,recommender,yes,accepted,,
belief_601,7894,train,belief,recommender,yes,accepted,,
belief_602,7894,train,belief,recommender,yes,accepted,,
belief_603,7894,train,belief,recommender,no,accepted,,
belief_604,7894,train,belief,recommender,no,declined,,
belief_610,7934,train,belief,recommender,yes,declined,,
belief_611,7934,train,belief,recommender,yes,accepted,,
belief_612,7934,train,belief,recommender,no,accepted,,
belief_613,7934,train,belief,seeker,yes,,likes,
belief_614,7934,train,belief,recommender,yes,declined,,
belief_615,7934,train,belief,recommender,no,accepted,,
belief_616,7934,train,belief,recommender,yes,accepted,,
belief_617,8155,train,belief,seeker,yes,,likes,
belief_618,8155,train,belief,recommender,yes,accepted,,
belief_619,8155,train,belief,seeker,yes,,likes,
belief_620,8155,train,belief,recommender,no,declined,,
belief_621,8155,train,belief,recommender,yes,accepted,,
belief_622,8155,train,belief,recommender,yes,declined,,
belief_623,8155,train,belief,seeker,yes,,likes,
belief_632,8223,train,belief,seeker,yes,,likes,
belief_633,8223,train,belief,recommender,yes,declined,,
belief_634,8223,train,belief,recommender,yes,declined,,
belief_635,8223,train,belief,recommender,no,accepted,,
belief_636,8223,train,belief,recommender,yes,accepted,,
belief_637,8229,train,belief,recommender,no,declined,,
belief_638,8229,train,belief,recommender,no,accepted,,
belief_639,8229,train,belief,recommender,yes,accepted,,
belief_640,8266,train,belief,recommender,no,declined,,
belief_641,8266,train,belief,seeker,yes,,likes,
belief_642,8266,train,belief,recommender,no,accepted,,
belief_643,8266,train,belief,recommender,no,declined,,
belief_644,8266,train,belief,recommender,yes,accepted,,
belief_655,8365,train,belief,recommender,yes,declined,,
belief_656,8365,train,belief,recommender,no,accepted,,
belief_657,8365,train,belief,recommender,yes,declined,,
belief_658,8365,train,belief,recommender,no,accepted,,
belief_659,8365,train,belief,recommender,no,accepted,,
belief_660,8365,train,belief,recommender,yes,accepted,,
belief_661,8365,train,belief,recommender,no,accepted,,
belief_662,8365,train,belief,recommender,yes,accepted,,
belief_663,8365,train,belief,recommender,yes,accepted,,
belief_664,8393,train,belief,recommender,no,declined,,
belief_665,8393,train,belief,recommender,no,accepted,,
belief_666,8393,train,belief,recommender,yes,accepted,,
belief_667,8393,train,belief,recommender,yes,accepted,,
belief_668,8393,train,belief,recommender,no,accepted,,
belief_669,8501,train,belief,recommender,yes,accepted,,
belief_670,8501,train,belief,recommender,yes,declined,,
belief_671,8501,train,belief,recommender,yes,accepted,,
belief_672,8501,train,belief,recommender,no,accepted,,
belief_673,8501,train,belief,seeker,yes,,likes,
belief_674,8502,train,belief,recommender,yes,declined,,
belief_675,8502,train,belief,recommender,yes,accepted,,
belief_676,8502,train,belief,recommender,yes,accepted,,
belief_677,8502,train,belief,recommender,no,accepted,,
belief_678,8502,train,belief,recommender,yes,accepted,,
belief_679,8515,train,belief,recommender,no,declined,,
belief_680,8515,train,belief,recommender,no,accepted,,
belief_681,8515,train,belief,recommender,yes,accepted,,
belief_682,8515,train,belief,recommender,yes,accepted,,
belief_683,8515,train,belief,recommender,no,accepted,,
belief_684,8515,train,belief,recommender,no,accepted,,
belief_685,8536,train,belief,recommender,no,declined,,
belief_687,8536,train,belief,seeker,yes,,likes,
belief_694,8889,train,belief,recommender,no,accepted,,
belief_695,8889,train,belief,recommender,yes,accepted,,
belief_696,8889,train,belief,recommender,no,accepted,,
belief_697,8889,train,belief,seeker,yes,,likes,
belief_698,8889,train,belief,recommender,no,declined,,
belief_699,8889,train,belief,seeker,yes,,likes,
belief_700,8991,train,belief,recommender,no,accepted,,
belief_701,8991,train,belief,seeker,yes,,likes,
belief_702,8991,train,belief,recommender,yes,declined,,
belief_703,8991,train,belief,seeker,yes,,likes,
belief_704,8991,train,belief,recommender,no,accepted,,
belief_705,9160,train,belief,recommender,no,declined,,
belief_706,9160,train,belief,recommender,yes,accepted,,
belief_707,9160,train,belief,recommender,yes,accepted,,
belief_708,9160,train,belief,recommender,no,accepted,,
belief_709,9238,train,belief,recommender,yes,accepted,,
belief_710,9238,train,belief,recommender,yes,accepted,,
belief_711,9238,train,belief,recommender,no,accepted,,
belief_712,9238,train,belief,recommender,yes,declined,,
belief_713,9251,train,belief,recommender,yes,declined,,
belief_714,9251,train,belief,recommender,yes,declined,,
belief_715,9251,train,belief,recommender,no,accepted,,
belief_716,9251,train,belief,seeker,yes,,likes,
belief_717,9251,train,belief,recommender,yes,declined,,
belief_718,9251,train,belief,seeker,yes,,likes,
belief_719,9307,train,belief,seeker,yes,,dislikes,
belief_720,9307,train,belief,recommender,no,declined,,
belief_721,9307,train,belief,seeker,yes,,likes,
belief_722,9307,train,belief,recommender,no,accepted,,
belief_723,9307,train,belief,recommender,no,accepted,,
belief_729,9340,train,belief,recommender,yes,declined,,
belief_730,9340,train,belief,recommender,no,accepted,,
belief_731,9340,train,belief,seeker,yes,,likes,
belief_732,9340,train,belief,recommender,no,accepted,,
belief_733,9340,train,belief,seeker,yes,,dislikes,
belief_734,9340,train,belief,recommender,no,accepted,,
belief_735,9343,train,belief,recommender,no,accepted,,
belief_736,9343,train,belief,seeker,yes,,likes,
belief_737,9353,train,belief,seeker,yes,,likes,
belief_738,9353,train,belief,recommender,no,accepted,,
belief_739,9353,train,belief,recommender,yes,accepted,,
belief_740,9353,train,belief,recommender,yes,accepted,,
belief_741,9353,train,belief,seeker,yes,,likes,
belief_742,9353,train,belief,recommender,yes,declined,,
belief_743,9358,train,belief,recommender,yes,declined,,
belief_744,9358,train,belief,recommender,yes,accepted,,
belief_745,9358,train,belief,recommender,yes,accepted,,
belief_746,9358,train,belief,recommender,yes,accepted,,
belief_748,9366,train,belief,seeker,yes,,likes,
belief_749,9366,train,belief,recommender,yes,accepted,,
belief_750,9366,train,belief,recommender,no,accepted,,
belief_751,9366,train,belief,recommender,yes,declined,,
belief_752,9371,train,belief,seeker,yes,,likes,
belief_753,9371,train,belief,recommender,no,accepted,,
belief_754,9371,train,belief,recommender,no,declined,,
belief_755,9371,train,belief,seeker,yes,,likes,
belief_760,9592,train,belief,seeker,yes,,likes,
belief_761,9592,train,belief,recommender,yes,accepted,,
belief_762,9592,train,belief,recommender,no,accepted,,
belief_763,9592,train,belief,recommender,no,declined,,
belief_764,9592,train,belief,seeker,yes,,likes,
belief_765,9592,train,belief,recommender,no,accepted,,
belief_766,9662,train,belief,recommender,yes,declined,,
belief_767,9662,train,belief,recommender,no,accepted,,
belief_768,9662,train,belief,recommender,no,accepted,,
belief_769,9662,train,belief,recommender,yes,declined,,
belief_770,9662,train,belief,seeker,yes,,likes,
belief_771,9662,train,belief,seeker,yes,,likes,
belief_772,9664,train,belief,recommender,no,accepted,,
belief_773,9664,train,belief,recommender,yes,accepted,,
belief_774,9664,train,belief,seeker,no,,likes,
belief_775,9664,train,belief,recommender,no,declined,,
belief_780,9708,train,belief,recommender,no,declined,,
belief_781,9708,train,belief,recommender,yes,accepted,,
belief_782,9708,train,belief,recommender,no,declined,,
belief_783,9708,train,belief,recommender,yes,accepted,,
belief_784,9721,train,belief,recommender,yes,declined,,
belief_785,9721,train,belief,recommender,yes,accepted,,
belief_786,9721,train,belief,recommender,yes,accepted,,
belief_787,9721,train,belief,recommender,yes,accepted,,
belief_788,9721,train,belief,recommender,yes,accepted,,
belief_789,9721,train,belief,recommender,yes,accepted,,
belief_790,9788,train,belief,recommender,yes,declined,,
belief_791,9788,train,belief,recommender,yes,declined,,
belief_792,9788,train,belief,recommender,yes,accepted,,
belief_793,9956,train,belief,recommender,no,accepted,,
belief_794,9956,train,belief,recommender,yes,declined,,
belief_795,9956,train,belief,recommender,yes,accepted,,
belief_796,9956,train,belief,recommender,no,accepted,,
belief_797,10001,train,belief,recommender,no,accepted,,
belief_798,10001,train,belief,recommender,yes,declined,,
belief_799,10001,train,belief,seeker,yes,,likes,
belief_800,10001,train,belief,recommender,yes,declined,,
belief_801,10001,train,belief,recommender,no,accepted,,
belief_802,10003,train,belief,recommender,no,declined,,
belief_803,10003,train,belief,recommender,no,accepted,,
belief_804,10003,train,belief,recommender,yes,accepted,,
belief_805,10003,train,belief,recommender,no,accepted,,
belief_806,10041,train,belief,recommender,no,accepted,,
belief_808,10041,train,belief,recommender,yes,accepted,,
belief_809,10041,train,belief,seeker,yes,,likes,
belief_810,10041,train,belief,recommender,yes,accepted,,
belief_811,10096,train,belief,recommender,no,accepted,,
belief_812,10096,train,belief,recommender,no,accepted,,
belief_813,10096,train,belief,seeker,yes,,likes,
belief_814,10096,train,belief,seeker,yes,,likes,
belief_815,10096,train,belief,recommender,yes,declined,,
belief_822,10275,train,belief,recommender,yes,declined,,
belief_823,10275,train,belief,recommender,yes,accepted,,
belief_824,10275,train,belief,recommender,yes,accepted,,
belief_825,10275,train,belief,recommender,no,accepted,,
belief_826,10328,train,belief,seeker,yes,,likes,
belief_827,10328,train,belief,recommender,yes,accepted,,
belief_828,10328,train,belief,recommender,yes,accepted,,
belief_829,10328,train,belief,seeker,yes,,likes,
belief_830,10328,train,belief,recommender,no,declined,,
belief_831,10328,train,belief,recommender,no,accepted,,
belief_832,10328,train,belief,recommender,yes,accepted,,
belief_837,10355,train,belief,recommender,yes,accepted,,
belief_838,10355,train,belief,recommender,yes,accepted,,
belief_839,10355,train,belief,seeker,yes,,likes,
belief_840,10355,train,belief,recommender,yes,declined,,
belief_841,10355,train,belief,seeker,yes,,likes,
belief_842,10499,train,belief,recommender,no,accepted,,
belief_843,10499,train,belief,recommender,no,accepted,,
belief_844,10499,train,belief,recommender,no,declined,,
belief_845,10499,train,belief,recommender,no,accepted,,
belief_846,10499,train,belief,recommender,no,accepted,,
belief_847,10547,train,belief,recommender,no,accepted,,
belief_848,10547,train,belief,seeker,yes,,likes,
belief_849,10547,train,belief,recommender,no,accepted,,
belief_850,10547,train,belief,recommender,no,declined,,
belief_851,10547,train,belief,recommender,no,accepted,,
belief_852,10547,train,belief,seeker,yes,,likes,
belief_859,10600,train,belief,seeker,yes,,likes,
belief_860,10600,train,belief,seeker,yes,,likes,
belief_861,10600,train,belief,recommender,no,declined,,
belief_862,10600,train,belief,recommender,no,declined,,
belief_863,10600,train,belief,recommender,yes,accepted,,
belief_864,10600,train,belief,seeker,yes,,likes,
belief_865,10600,train,belief,recommender,no,accepted,,
belief_866,10600,train,belief,recommender,no,declined,,
belief_870,10629,train,belief,seeker,yes,,dislikes,
belief_871,10629,train,belief,recommender,yes,declined,,
belief_872,10629,train,belief,recommender,yes,declined,,
belief_873,10629,train,belief,recommender,yes,declined,,
belief_874,10629,train,belief,recommender,yes,accepted,,
belief_875,10629,train,belief,seeker,yes,,likes,
belief_876,10629,train,belief,recommender,yes,accepted,,
belief_884,10891,train,belief,recommender,yes,accepted,,
belief_885,10891,train,belief,recommender,no,accepted,,
belief_886,10891,train,belief,seeker,yes,,likes,
belief_887,10891,train,belief,recommender,yes,declined,,
belief_888,10891,train,belief,recommender,no,accepted,,
belief_889,10891,train,belief,recommender,no,accepted,,
belief_890,10968,train,belief,recommender,yes,accepted,,
belief_891,10968,train,belief,recommender,no,accepted,,
belief_892,10968,train,belief,recommender,no,accepted,,
belief_893,10968,train,belief,recommender,yes,accepted,,
belief_899,10986,train,belief,recommender,yes,accepted,,
belief_900,10986,train,belief,seeker,yes,,likes,
belief_901,10986,train,belief,recommender,yes,accepted,,
belief_902,10986,train,belief,recommender,yes,declined,,
belief_903,10986,train,belief,recommender,no,accepted,,
belief_904,11005,train,belief,recommender,yes,accepted,,
belief_905,11005,train,belief,seeker,yes,,likes,
belief_906,11005,train,belief,recommender,no,accepted,,
belief_907,11005,train,belief,recommender,no,declined,,
belief_908,11005,train,belief,recommender,no,declined,,
belief_909,11036,train,belief,seeker,yes,,likes,
belief_910,11036,train,belief,recommender,yes,accepted,,
belief_911,11036,train,belief,recommender,no,declined,,
belief_912,11036,train,belief,recommender,yes,accepted,,
belief_913,11036,train,belief,recommender,no,accepted,,
belief_914,11068,train,belief,recommender,no,accepted,,
belief_915,11068,train,belief,recommender,yes,declined,,
belief_916,11068,train,belief,recommender,yes,accepted,,
belief_917,11068,train,belief,recommender,yes,declined,,
belief_918,11068,train,belief,recommender,no,accepted,,
belief_919,11099,train,belief,recommender,no,accepted,,
belief_920,11099,train,belief,recommender,yes,declined,,
belief_921,11099,train,belief,seeker,yes,,likes,
belief_922,11099,train,belief,recommender,yes,accepted,,
belief_930,11122,train,belief,recommender,yes,accepted,,
belief_931,11122,train,belief,recommender,yes,accepted,,
belief_932,11122,train,belief,recommender,yes,declined,,
belief_937,11267,train,belief,recommender,no,accepted,,
belief_938,11267,train,belief,recommender,no,declined,,
belief_939,11267,train,belief,recommender,no,accepted,,
belief_940,11267,train,belief,recommender,no,accepted,,
belief_941,11269,train,belief,recommender,no,declined,,
belief_942,11269,train,belief,recommender,no,accepted,,
belief_943,11269,train,belief,recommender,no,declined,,
belief_947,11372,train,belief,recommender,yes,declined,,
belief_948,11372,train,belief,recommender,yes,accepted,,
belief_949,11372,train,belief,recommender,no,accepted,,
belief_950,11372,train,belief,recommender,no,accepted,,
belief_951,11372,train,belief,recommender,no,declined,,
belief_952,11372,train,belief,recommender,no,accepted,,
belief_953,11382,train,belief,seeker,yes,,likes,
belief_954,11382,train,belief,recommender,yes,accepted,,
belief_955,11382,train,belief,recommender,yes,accepted,,
belief_956,11382,train,belief,recommender,no,declined,,
belief_957,11432,train,belief,seeker,yes,,likes,
belief_958,11432,train,belief,recommender,no,accepted,,
belief_959,11432,train,belief,recommender,yes,declined,,
belief_960,11432,train,belief,recommender,yes,declined,,
belief_961,11432,train,belief,seeker,yes,,likes,
belief_962,11478,train,belief,recommender,yes,accepted,,
belief_963,11478,train,belief,recommender,yes,accepted,,
belief_964,11478,train,belief,recommender,yes,declined,,
belief_965,11478,train,belief,recommender,yes,accepted,,
belief_966,11478,train,belief,seeker,yes,,likes,
belief_967,11478,train,belief,seeker,yes,,dislikes,
belief_983,12086,train,belief,recommender,yes,declined,,
belief_984,12086,train,belief,recommender,no,accepted,,
belief_985,12086,train,belief,recommender,yes,accepted,,
belief_986,12086,train,belief,recommender,yes,accepted,,
belief_993,12309,train,belief,recommender,no,accepted,,
belief_994,12309,train,belief,recommender,no,accepted,,
belief_995,12309,train,belief,seeker,yes,,likes,
belief_996,12309,train,belief,recommender,yes,accepted,,
belief_997,12309,train,belief,recommender,no,accepted,,
belief_998,12413,train,belief,recommender,yes,declined,,
belief_999,12413,train,belief,recommender,yes,accepted,,
belief_1000,12413,train,belief,recommender,yes,accepted,,
belief_1001,12413,train,belief,seeker,yes,,likes,
belief_1002,12413,train,belief,seeker,yes,,dislikes,
belief_1003,12413,train,belief,seeker,yes,,dislikes,
belief_1004,12413,train,belief,recommender,yes,declined,,
belief_1005,12413,train,belief,seeker,yes,,likes,
belief_1006,12413,train,belief,recommender,yes,accepted,,
belief_1007,12461,train,belief,recommender,no,declined,,
belief_1008,12461,train,belief,recommender,no,declined,,
belief_1009,12461,train,belief,recommender,yes,accepted,,
belief_1010,12461,train,belief,seeker,yes,,likes,
belief_1011,12461,train,belief,recommender,no,accepted,,
belief_1012,12461,train,belief,recommender,no,accepted,,
belief_1013,12461,train,belief,recommender,yes,accepted,,
belief_1014,12596,train,belief,recommender,yes,accepted,,
belief_1015,12596,train,belief,recommender,no,declined,,
belief_1016,12596,train,belief,recommender,yes,accepted,,
belief_1017,12596,train,belief,recommender,no,accepted,,
belief_1018,12596,train,belief,recommender,no,accepted,,
belief_1019,12596,train,belief,recommender,yes,accepted,,
belief_1024,13128,train,belief,recommender,yes,declined,,
belief_1025,13128,train,belief,recommender,no,accepted,,
belief_1026,13128,train,belief,recommender,yes,accepted,,
belief_1027,13128,train,belief,seeker,no,,likes,
belief_1028,13128,train,belief,recommender,yes,accepted,,
belief_1029,13239,train,belief,recommender,no,accepted,,
belief_1030,13239,train,belief,seeker,yes,,likes,
belief_1031,13239,train,belief,recommender,yes,accepted,,
belief_1032,13239,train,belief,recommender,no,declined,,
belief_1037,13304,train,belief,recommender,yes,accepted,,
belief_1038,13304,train,belief,seeker,yes,,likes,
belief_1039,13304,train,belief,seeker,yes,,likes,
belief_1040,13304,train,belief,seeker,yes,,likes,
belief_1041,13304,train,belief,recommender,yes,accepted,,
belief_1042,13304,train,belief,seeker,yes,,likes,
belief_1043,13328,train,belief,recommender,no,accepted,,
belief_1044,13328,train,belief,seeker,yes,,likes,
belief_1045,13328,train,belief,recommender,no,accepted,,
belief_1046,13364,train,belief,recommender,yes,accepted,,
belief_1047,13364,train,belief,recommender,yes,accepted,,
belief_1049,13364,train,belief,seeker,yes,,likes,
belief_1050,13364,train,belief,recommender,yes,accepted,,
belief_1051,13364,train,belief,seeker,yes,,likes,
belief_1052,13364,train,belief,recommender,yes,accepted,,
belief_1053,13364,train,belief,recommender,no,accepted,,
belief_1054,13364,train,belief,recommender,yes,accepted,,
belief_1055,13364,train,belief,recommender,no,accepted,,
belief_1056,13449,train,belief,recommender,yes,accepted,,
belief_1057,13449,train,belief,recommender,yes,accepted,,
belief_1058,13449,train,belief,recommender,yes,declined,,
belief_1059,13449,train,belief,recommender,yes,declined,,
belief_1060,13516,train,belief,recommender,yes,declined,,
belief_1061,13516,train,belief,recommender,no,accepted,,
belief_1062,13516,train,belief,recommender,yes,accepted,,
belief_1063,13516,train,belief,recommender,yes,accepted,,
belief_1072,13685,train,belief,recommender,no,accepted,,
belief_1073,13685,train,belief,recommender,no,accepted,,
belief_1074,13685,train,belief,recommender,yes,accepted,,
belief_1086,13959,train,belief,recommender,no,declined,,
belief_1087,13959,train,belief,recommender,no,accepted,,
belief_1088,13959,train,belief,recommender,no,accepted,,
belief_1089,13959,train,belief,seeker,yes,,likes,
belief_1090,13959,train,belief,recommender,no,accepted,,
belief_1096,13965,train,belief,recommender,yes,accepted,,
belief_1097,13965,train,belief,recommender,yes,accepted,,
belief_1098,13965,train,belief,recommender,yes,accepted,,
belief_1099,13965,train,belief,recommender,yes,accepted,,
belief_1100,14040,train,belief,recommender,yes,declined,,
belief_1101,14040,train,belief,recommender,yes,accepted,,
belief_1114,14124,train,belief,recommender,yes,accepted,,
belief_1115,14124,train,belief,recommender,no,declined,,
belief_1116,14124,train,belief,recommender,no,declined,,
belief_1117,14124,train,belief,recommender,no,accepted,,
belief_1118,14127,train,belief,recommender,no,declined,,
belief_1119,14127,train,belief,recommender,no,accepted,,
belief_1120,14127,train,belief,recommender,yes,accepted,,
belief_1121,14127,train,belief,seeker,yes,,likes,
belief_1122,14127,train,belief,seeker,yes,,likes,
belief_1123,14127,train,belief,recommender,yes,accepted,,
belief_1124,14127,train,belief,recommender,yes,accepted,,
belief_1125,14147,train,belief,recommender,no,accepted,,
belief_1126,14147,train,belief,seeker,yes,,likes,
belief_1127,14147,train,belief,recommender,yes,accepted,,
belief_1128,14147,train,belief,recommender,yes,declined,,
belief_1129,14147,train,belief,seeker,yes,,likes,
belief_1130,14189,train,belief,seeker,yes,,likes,
belief_1131,14189,train,belief,recommender,yes,accepted,,
belief_1132,14189,train,belief,seeker,yes,,likes,
belief_1133,14189,train,belief,recommender,yes,declined,,
belief_1134,14189,train,belief,seeker,yes,,likes,
belief_1140,14229,train,belief,recommender,no,accepted,,
belief_1141,14229,train,belief,recommender,no,accepted,,
belief_1142,14229,train,belief,recommender,no,accepted,,
belief_1143,14229,train,belief,seeker,yes,,likes,
belief_1144,14231,train,belief,recommender,yes,accepted,,
belief_1145,14231,train,belief,recommender,no,accepted,,
belief_1146,14231,train,belief,recommender,no,accepted,,
belief_1147,14231,train,belief,recommender,no,declined,,
belief_1148,14235,train,belief,recommender,no,accepted,,
belief_1149,14235,train,belief,recommender,yes,accepted,,
belief_1150,14235,train,belief,recommender,no,declined,,
belief_1151,14235,train,belief,seeker,yes,,likes,
belief_1152,14240,train,belief,recommender,yes,declined,,
belief_1153,14240,train,belief,recommender,yes,accepted,,
belief_1154,14240,train,belief,recommender,no,accepted,,
belief_1155,14240,train,belief,recommender,yes,accepted,,
belief_1156,14247,train,belief,recommender,yes,accepted,,
belief_1157,14247,train,belief,recommender,no,declined,,
belief_1158,14247,train,belief,recommender,no,accepted,,
belief_1159,14290,train,belief,seeker,yes,,likes,
belief_1160,14290,train,belief,recommender,yes,declined,,
belief_1161,14290,train,belief,seeker,yes,,likes,
belief_1162,14290,train,belief,recommender,yes,accepted,,
belief_1163,14290,train,belief,seeker,yes,,likes,
belief_1164,14290,train,belief,recommender,yes,declined,,
belief_1165,14290,train,belief,recommender,no,accepted,,
belief_1166,14394,train,belief,recommender,no,declined,,
belief_1167,14394,train,belief,recommender,yes,accepted,,
belief_1168,14394,train,belief,recommender,no,declined,,
belief_1169,14445,train,belief,seeker,yes,,likes,
belief_1170,14445,train,belief,recommender,yes,accepted,,
belief_1171,14445,train,belief,recommender,yes,accepted,,
belief_1172,14445,train,belief,recommender,no,accepted,,
belief_1173,14445,train,belief,recommender,yes,accepted,,
belief_1174,14445,train,belief,seeker,yes,,likes,
belief_1175,14445,train,belief,seeker,yes,,likes,
belief_1176,14445,train,belief,recommender,yes,declined,,
belief_1177,14445,train,belief,seeker,yes,,likes,
belief_1178,14460,train,belief,recommender,no,accepted,,
belief_1179,14460,train,belief,recommender,no,declined,,
belief_1180,14460,train,belief,seeker,yes,,likes,
belief_1181,14460,train,belief,seeker,yes,,dislikes,
belief_1182,14460,train,belief,recommender,yes,accepted,,
belief_1183,14460,train,belief,recommender,no,declined,,
belief_1184,14469,train,belief,seeker,yes,,likes,
belief_1185,14469,train,belief,recommender,no,accepted,,
belief_1186,14469,train,belief,recommender,no,accepted,,
belief_1187,14469,train,belief,seeker,yes,,likes,
belief_1188,14469,train,belief,recommender,no,declined,,
belief_1189,14469,train,belief,recommender,yes,accepted,,
belief_1190,14517,train,belief,recommender,yes,accepted,,
belief_1191,14517,train,belief,recommender,yes,accepted,,
belief_1192,14517,train,belief,recommender,no,accepted,,
belief_1193,14517,train,belief,recommender,yes,declined,,
belief_1194,14518,train,belief,recommender,yes,declined,,
belief_1195,14531,train,belief,recommender,no,declined,,
belief_1196,14531,train,belief,recommender,yes,accepted,,
belief_1197,14531,train,belief,recommender,no,accepted,,
belief_1198,14531,train,belief,seeker,yes,,likes,
belief_1200,14578,train,belief,recommender,no,accepted,,
belief_1201,14578,train,belief,recommender,no,accepted,,
belief_1202,14578,train,belief,recommender,yes,accepted,,
belief_1203,14578,train,belief,seeker,yes,,likes,
belief_1204,14578,train,belief,recommender,yes,declined,,
belief_1210,14720,train,belief,recommender,yes,accepted,,
belief_1211,14720,train,belief,recommender,yes,declined,,
belief_1221,14899,train,belief,recommender,yes,accepted,,
belief_1222,14899,train,belief,recommender,yes,accepted,,
belief_1223,14899,train,belief,seeker,yes,,likes,
belief_1224,14899,train,belief,recommender,no,accepted,,
belief_1225,14899,train,belief,recommender,yes,declined,,
belief_1226,14899,train,belief,recommender,yes,accepted,,
belief_1227,14899,train,belief,seeker,yes,,likes,
belief_1228,14899,train,belief,seeker,yes,,likes,
belief_1229,14965,train,belief,seeker,yes,,likes,
belief_1230,14965,train,belief,recommender,no,accepted,,
belief_1231,14965,train,belief,recommender,no,accepted,,
belief_1232,14965,train,belief,recommender,no,declined,,
belief_1233,14965,train,belief,recommender,no,accepted,,
belief_1234,15032,train,belief,recommender,yes,accepted,,
belief_1235,15032,train,belief,recommender,no,accepted,,
belief_1236,15032,train,belief,recommender,yes,accepted,,
belief_1237,15032,train,belief,seeker,yes,,likes,
belief_1238,15032,train,belief,recommender,yes,declined,,
belief_1239,15051,train,belief,recommender,no,declined,,
belief_1240,15051,train,belief,seeker,yes,,likes,
belief_1241,15051,train,belief,recommender,no,accepted,,
belief_1242,15051,train,belief,recommender,no,accepted,,
belief_1243,15051,train,belief,seeker,yes,,likes,
belief_1247,15267,train,belief,recommender,yes,declined,,
belief_1248,15267,train,belief,recommender,no,accepted,,
belief_1249,15267,train,belief,recommender,no,accepted,,
belief_1250,15267,train,belief,recommender,no,accepted,,
belief_1251,15267,train,belief,recommender,no,accepted,,
belief_1252,15419,train,belief,recommender,yes,accepted,,
belief_1253,15419,train,belief,recommender,no,accepted,,
belief_1254,15419,train,belief,recommender,yes,declined,,
belief_1255,15419,train,belief,recommender,no,accepted,,
belief_1256,15504,train,belief,seeker,yes,,likes,
belief_1257,15504,train,belief,recommender,no,accepted,,
belief_1258,15504,train,belief,recommender,yes,accepted,,
belief_1259,15504,train,belief,recommender,yes,declined,,
belief_1260,15504,train,belief,recommender,yes,accepted,,
belief_1267,16252,train,belief,recommender,no,declined,,
belief_1268,16252,train,belief,seeker,yes,,likes,
belief_1274,16370,train,belief,seeker,yes,,likes,
belief_1275,16370,train,belief,recommender,no,accepted,,
belief_1276,16569,train,belief,recommender,no,declined,,
belief_1277,16569,train,belief,recommender,no,accepted,,
belief_1288,16674,train,belief,recommender,no,declined,,
belief_1289,16709,train,belief,recommender,yes,declined,,
belief_1290,16709,train,belief,recommender,yes,accepted,,
belief_1291,16709,train,belief,seeker,yes,,likes,
belief_1293,16709,train,belief,recommender,yes,accepted,,
belief_1294,16709,train,belief,recommender,yes,accepted,,
belief_1295,16709,train,belief,seeker,yes,,likes,
belief_1296,16709,train,belief,recommender,yes,accepted,,
belief_1297,16709,train,belief,recommender,yes,declined,,
belief_1298,16709,train,belief,seeker,yes,,likes,
belief_1299,16709,train,belief,seeker,yes,,likes,
belief_1300,16786,train,belief,recommender,no,declined,,
belief_1301,16786,train,belief,recommender,no,accepted,,
belief_1302,16786,train,belief,seeker,yes,,likes,
belief_1303,16786,train,belief,recommender,no,declined,,
belief_1312,16849,train,belief,recommender,yes,declined,,
belief_1313,16849,train,belief,recommender,yes,accepted,,
belief_1314,16849,train,belief,recommender,yes,accepted,,
belief_1315,16849,train,belief,recommender,yes,declined,,
belief_1322,16874,train,belief,seeker,yes,,likes,
belief_1323,16874,train,belief,recommender,yes,accepted,,
belief_1324,16874,train,belief,recommender,yes,accepted,,
belief_1325,17058,train,belief,recommender,no,declined,,
belief_1326,17058,train,belief,recommender,no,accepted,,
belief_1327,17058,train,belief,recommender,yes,accepted,,
belief_1328,17076,train,belief,recommender,yes,accepted,,
belief_1329,17076,train,belief,recommender,yes,declined,,
belief_1330,17076,train,belief,seeker,yes,,likes,
belief_1331,17076,train,belief,seeker,yes,,likes,
belief_1332,17076,train,belief,seeker,yes,,likes,
belief_1333,17076,train,belief,recommender,yes,declined,,
belief_1334,17092,train,belief,recommender,yes,declined,,
belief_1335,17092,train,belief,seeker,yes,,likes,
belief_1336,17092,train,belief,recommender,yes,accepted,,
belief_1337,17092,train,belief,recommender,yes,accepted,,
belief_1338,17092,train,belief,seeker,yes,,likes,
belief_1339,17092,train,belief,recommender,yes,declined,,
belief_1340,17092,train,belief,recommender,yes,accepted,,
belief_1341,17094,train,belief,recommender,yes,declined,,
belief_1342,17094,train,belief,seeker,yes,,likes,
belief_1343,17094,train,belief,seeker,yes,,likes,
belief_1344,17094,train,belief,recommender,no,declined,,
belief_1349,17265,train,belief,seeker,yes,,likes,
belief_1350,17265,train,belief,recommender,yes,declined,,
belief_1351,17265,train,belief,recommender,yes,accepted,,
belief_1352,17265,train,belief,recommender,yes,accepted,,
belief_1353,17265,train,belief,recommender,yes,declined,,
belief_1354,17402,train,belief,recommender,no,accepted,,
belief_1355,17402,train,belief,recommender,yes,accepted,,
belief_1356,17402,train,belief,recommender,yes,accepted,,
belief_1361,17539,train,belief,seeker,yes,,likes,
belief_1362,17539,train,belief,seeker,yes,,likes,
belief_1363,17539,train,belief,recommender,no,declined,,
belief_1364,17539,train,belief,recommender,no,accepted,,
belief_1365,17539,train,belief,recommender,no,accepted,,
belief_1366,17539,train,belief,recommender,yes,accepted,,
belief_1367,17539,train,belief,recommender,no,accepted,,
belief_1368,17539,train,belief,recommender,no,declined,,
belief_1369,17634,train,belief,seeker,yes,,likes,
belief_1370,17634,train,belief,seeker,yes,,likes,
belief_1371,17634,train,belief,recommender,yes,declined,,
belief_1372,17634,train,belief,recommender,yes,declined,,
belief_1373,17634,train,belief,recommender,yes,declined,,
belief_1374,17634,train,belief,seeker,yes,,likes,
belief_1375,17634,train,belief,recommender,yes,declined,,
belief_1376,17634,train,belief,recommender,no,accepted,,
belief_1377,17636,train,belief,recommender,yes,accepted,,
belief_1378,17636,train,belief,recommender,yes,accepted,,
belief_1379,17636,train,belief,seeker,yes,,likes,
belief_1380,17636,train,belief,recommender,no,accepted,,
belief_1381,17636,train,belief,recommender,yes,declined,,
belief_1382,17643,train,belief,recommender,yes,accepted,,
belief_1383,17643,train,belief,recommender,no,accepted,,
belief_1384,17643,train,belief,seeker,yes,,likes,
belief_1385,17643,train,belief,seeker,yes,,likes,
belief_1386,17643,train,belief,recommender,no,declined,,
belief_1387,17643,train,belief,recommender,no,accepted,,
belief_1388,17643,train,belief,recommender,no,accepted,,
belief_1389,17651,train,belief,recommender,no,declined,,
belief_1390,17651,train,belief,recommender,no,accepted,,
belief_1391,17651,train,belief,seeker,yes,,likes,
belief_1392,17651,train,belief,seeker,yes,,likes,
belief_1393,17651,train,belief,recommender,yes,accepted,,
belief_1394,17651,train,belief,recommender,no,accepted,,
belief_1395,17651,train,belief,recommender,no,declined,,
belief_1396,17738,train,belief,seeker,yes,,likes,
belief_1397,17738,train,belief,recommender,no,declined,,
belief_1399,17738,train,belief,seeker,yes,,likes,
belief_1400,17738,train,belief,recommender,yes,accepted,,
belief_1401,17738,train,belief,recommender,no,declined,,
belief_1402,17738,train,belief,recommender,yes,accepted,,
belief_1403,17738,train,belief,seeker,yes,,likes,
belief_1404,17753,train,belief,seeker,yes,,likes,
belief_1405,17753,train,belief,recommender,yes,declined,,
belief_1406,17753,train,belief,recommender,yes,accepted,,
belief_1407,17753,train,belief,recommender,yes,accepted,,
belief_1408,17753,train,belief,recommender,no,accepted,,
belief_1409,17753,train,belief,recommender,yes,accepted,,
belief_1410,17862,train,belief,recommender,yes,declined,,
belief_1423,18095,train,belief,recommender,yes,declined,,
belief_1424,18095,train,belief,recommender,yes,accepted,,
belief_1425,18095,train,belief,recommender,yes,accepted,,
belief_1426,18095,train,belief,recommender,yes,accepted,,
belief_1427,18095,train,belief,seeker,yes,,likes,
belief_1428,18169,train,belief,recommender,yes,accepted,,
belief_1429,18169,train,belief,recommender,yes,accepted,,
belief_1430,18169,train,belief,recommender,yes,accepted,,
belief_1431,18169,train,belief,seeker,yes,,likes,
belief_1432,18169,train,belief,recommender,yes,declined,,
belief_1433,18282,train,belief,recommender,no,accepted,,
belief_1434,18282,train,belief,recommender,yes,declined,,
belief_1435,18282,train,belief,recommender,yes,accepted,,
belief_1436,18307,train,belief,seeker,yes,,likes,
belief_1437,18307,train,belief,recommender,yes,declined,,
belief_1438,18307,train,belief,recommender,yes,accepted,,
belief_1439,18307,train,belief,recommender,yes,accepted,,
belief_1440,18307,train,belief,seeker,yes,,likes,
belief_1443,18373,train,belief,recommender,no,accepted,,
belief_1444,18373,train,belief,recommender,no,accepted,,
belief_1445,18373,train,belief,recommender,no,accepted,,
belief_1446,18373,train,belief,recommender,no,declined,,
belief_1447,18382,train,belief,recommender,yes,declined,,
belief_1448,18382,train,belief,seeker,yes,,likes,
belief_1449,18390,train,belief,recommender,yes,declined,,
belief_1450,18390,train,belief,seeker,yes,,likes,
belief_1451,18407,train,belief,recommender,no,declined,,
belief_1452,18407,train,belief,seeker,yes,,likes,
belief_1453,18407,train,belief,recommender,yes,accepted,,
belief_1454,18407,train,belief,recommender,yes,accepted,,
belief_1455,18417,train,belief,recommender,no,accepted,,
belief_1456,18417,train,belief,recommender,no,accepted,,
belief_1457,18677,train,belief,recommender,yes,accepted,,
belief_1458,18677,train,belief,recommender,no,declined,,
belief_1459,18677,train,belief,recommender,no,accepted,,
belief_1464,18743,train,belief,recommender,yes,accepted,,
belief_1465,18743,train,belief,recommender,yes,declined,,
belief_1466,18743,train,belief,recommender,yes,accepted,,
belief_1467,18743,train,belief,recommender,no,accepted,,
belief_1468,18743,train,belief,recommender,yes,accepted,,
belief_1471,18836,train,belief,recommender,yes,declined,,
belief_1472,18836,train,belief,recommender,no,accepted,,
belief_1473,18836,train,belief,recommender,no,declined,,
belief_1474,18836,train,belief,recommender,yes,accepted,,
belief_1475,18903,train,belief,recommender,yes,declined,,
belief_1476,18903,train,belief,recommender,no,accepted,,
belief_1477,18903,train,belief,recommender,no,accepted,,
belief_1478,18903,train,belief,seeker,yes,,likes,
belief_1479,18903,train,belief,seeker,yes,,likes,
belief_1480,18903,train,belief,recommender,no,accepted,,
belief_1481,18943,train,belief,recommender,no,declined,,
belief_1482,18943,train,belief,recommender,no,accepted,,
belief_1483,19041,train,belief,seeker,yes,,likes,
belief_1484,19041,train,belief,recommender,no,accepted,,
belief_1485,19041,train,belief,recommender,no,accepted,,
belief_1486,19041,train,belief,recommender,no,accepted,,
belief_1487,19041,train,belief,recommender,yes,declined,,
belief_1488,19043,train,belief,recommender,yes,declined,,
belief_1489,19043,train,belief,recommender,yes,accepted,,
belief_1490,19043,train,belief,seeker,yes,,likes,
belief_1491,19043,train,belief,recommender,yes,accepted,,
belief_1492,19043,train,belief,recommender,yes,accepted,,
belief_1493,19120,train,belief,recommender,no,accepted,,
belief_1494,19120,train,belief,recommender,yes,accepted,,
belief_1495,19120,train,belief,recommender,no,accepted,,
belief_1496,19120,train,belief,seeker,yes,,likes,
belief_1497,19120,train,belief,recommender,no,declined,,
belief_1498,19120,train,belief,recommender,no,accepted,,
belief_1499,19126,train,belief,recommender,no,accepted,,
belief_1500,19126,train,belief,recommender,yes,accepted,,
belief_1501,19126,train,belief,recommender,no,accepted,,
belief_1502,19126,train,belief,recommender,no,declined,,
belief_1503,19126,train,belief,recommender,yes,accepted,,
belief_1515,19339,train,belief,recommender,yes,accepted,,
belief_1516,19339,train,belief,seeker,yes,,likes,
belief_1517,19339,train,belief,seeker,yes,,likes,
belief_1518,19358,train,belief,recommender,yes,accepted,,
belief_1519,19358,train,belief,seeker,yes,,likes,
belief_1520,19358,train,belief,recommender,no,declined,,
belief_1521,19358,train,belief,recommender,no,declined,,
belief_1522,19360,train,belief,recommender,yes,declined,,
belief_1523,19360,train,belief,recommender,no,accepted,,
belief_1524,19360,train,belief,recommender,no,accepted,,
belief_1525,19360,train,belief,recommender,no,accepted,,
belief_1545,19539,train,belief,recommender,no,accepted,,
belief_1546,19539,train,belief,recommender,no,accepted,,
belief_1547,19539,train,belief,recommender,no,declined,,
belief_1548,19539,train,belief,recommender,yes,accepted,,
belief_1549,19553,train,belief,recommender,yes,accepted,,
belief_1550,19553,train,belief,recommender,yes,declined,,
belief_1551,19553,train,belief,seeker,yes,,likes,
belief_1552,19553,train,belief,recommender,no,accepted,,
belief_1553,19553,train,belief,recommender,no,accepted,,
belief_1554,19553,train,belief,seeker,yes,,likes,
belief_1555,19553,train,belief,recommender,yes,accepted,,
belief_1556,19553,train,belief,recommender,yes,accepted,,
belief_1557,19565,train,belief,recommender,yes,accepted,,
belief_1558,19565,train,belief,seeker,yes,,likes,
belief_1559,19565,train,belief,recommender,yes,declined,,
belief_1560,19565,train,belief,recommender,no,accepted,,
belief_1565,19783,train,belief,seeker,yes,,likes,
belief_1566,19783,train,belief,recommender,yes,accepted,,
belief_1567,19783,train,belief,recommender,no,declined,,
belief_1568,19783,train,belief,recommender,no,declined,,
belief_1569,19783,train,belief,recommender,yes,accepted,,
belief_1570,19783,train,belief,recommender,yes,accepted,,
belief_1576,19895,train,belief,recommender,no,declined,,
belief_1577,19895,train,belief,recommender,no,accepted,,
belief_1578,20379,train,belief,recommender,yes,accepted,,
belief_1579,20379,train,belief,recommender,no,accepted,,
belief_1580,20379,train,belief,seeker,yes,,likes,
belief_1581,20379,train,belief,seeker,yes,,likes,
belief_1582,20379,train,belief,recommender,no,declined,,
belief_1583,20379,train,belief,recommender,no,accepted,,
belief_1584,20379,train,belief,recommender,yes,declined,,
belief_1585,20379,train,belief,recommender,no,declined,,
belief_1586,20379,train,belief,seeker,yes,,likes,
belief_1587,20526,train,belief,recommender,no,accepted,,
belief_1588,20526,train,belief,recommender,yes,accepted,,
belief_1589,20526,train,belief,recommender,yes,accepted,,
belief_1590,20526,train,belief,recommender,yes,declined,,
belief_1591,20526,train,belief,recommender,yes,accepted,,
belief_1596,20996,train,belief,seeker,yes,,likes,
belief_1597,20996,train,belief,recommender,yes,declined,,
belief_1598,20996,train,belief,recommender,yes,accepted,,
belief_1599,20996,train,belief,recommender,yes,accepted,,
belief_1600,20996,train,belief,recommender,yes,declined,,
belief_1601,20996,train,belief,recommender,yes,accepted,,
belief_1602,20996,train,belief,recommender,yes,accepted,,
belief_1603,20996,train,belief,recommender,yes,accepted,,
belief_1604,20996,train,belief,recommender,yes,declined,,
belief_1605,21029,train,belief,recommender,no,accepted,,
belief_1606,21029,train,belief,recommender,no,declined,,
belief_1607,21029,train,belief,recommender,no,declined,,
belief_1608,21029,train,belief,recommender,no,accepted,,
belief_1623,21343,train,belief,recommender,yes,accepted,,
belief_1624,21343,train,belief,seeker,yes,,likes,
belief_1625,21343,train,belief,recommender,yes,declined,,
belief_1626,21343,train,belief,recommender,yes,declined,,
belief_1635,21398,train,belief,recommender,no,accepted,,
belief_1636,21398,train,belief,seeker,yes,,likes,
belief_1637,21398,train,belief,recommender,no,accepted,,
belief_1638,21398,train,belief,recommender,no,accepted,,
belief_1639,21398,train,belief,recommender,no,accepted,,
belief_1644,21786,train,belief,seeker,yes,,likes,
belief_1645,21786,train,belief,recommender,yes,declined,,
belief_1646,21786,train,belief,recommender,yes,accepted,,
belief_1647,21786,train,belief,recommender,yes,accepted,,
belief_1648,21786,train,belief,recommender,no,declined,,
belief_1649,21786,train,belief,recommender,no,accepted,,
belief_1650,21786,train,belief,recommender,no,declined,,
belief_1651,21798,train,belief,recommender,no,accepted,,
belief_1652,21798,train,belief,recommender,no,accepted,,
belief_1653,21798,train,belief,recommender,yes,declined,,
belief_1654,21798,train,belief,recommender,no,accepted,,
belief_1655,21798,train,belief,seeker,yes,,likes,
belief_1656,21873,train,belief,recommender,no,accepted,,
belief_1657,21873,train,belief,recommender,yes,accepted,,
belief_1658,21873,train,belief,recommender,no,accepted,,
belief_1659,21873,train,belief,recommender,no,declined,,
belief_1660,21873,train,belief,seeker,yes,,likes,
belief_1661,21884,train,belief,seeker,yes,,likes,
belief_1662,21884,train,belief,recommender,yes,accepted,,
belief_1663,21884,train,belief,recommender,yes,accepted,,
belief_1664,21884,train,belief,seeker,yes,,likes,
belief_1665,21884,train,belief,recommender,yes,declined,,
belief_1666,21884,train,belief,recommender,yes,declined,,
belief_1667,21930,train,belief,recommender,no,accepted,,
belief_1668,21930,train,belief,recommender,yes,declined,,
belief_1669,21930,train,belief,recommender,no,accepted,,
belief_1670,21930,train,belief,seeker,yes,,likes,
belief_1671,21930,train,belief,recommender,no,accepted,,
belief_1682,21956,train,belief,recommender,no,declined,,
belief_1683,21956,train,belief,recommender,yes,accepted,,
belief_1684,21956,train,belief,seeker,yes,,likes,
belief_1690,21978,train,belief,recommender,no,declined,,
belief_1691,21978,train,belief,recommender,yes,accepted,,
belief_1692,21978,train,belief,recommender,yes,accepted,,
belief_1693,21978,train,belief,recommender,yes,accepted,,
belief_1694,21978,train,belief,seeker,yes,,likes,
belief_1695,22065,train,belief,seeker,yes,,likes,
belief_1696,22123,train,belief,recommender,yes,accepted,,
belief_1697,22123,train,belief,recommender,no,accepted,,
belief_1698,22123,train,belief,seeker,yes,,likes,
belief_1699,22123,train,belief,recommender,yes,accepted,,
belief_1700,22123,train,belief,recommender,yes,declined,,
belief_1703,22139,train,belief,recommender,no,accepted,,
belief_1704,22139,train,belief,recommender,no,declined,,
belief_1705,22139,train,belief,recommender,no,accepted,,
belief_1706,22204,train,belief,recommender,yes,accepted,,
belief_1707,22204,train,belief,recommender,yes,declined,,
belief_1708,22204,train,belief,recommender,yes,accepted,,
belief_1709,22705,train,belief,seeker,yes,,likes,
belief_1710,22705,train,belief,seeker,yes,,likes,
belief_1711,22705,train,belief,recommender,yes,accepted,,
belief_1712,22705,train,belief,seeker,yes,,likes,
belief_1713,22707,train,belief,recommender,no,declined,,
belief_1714,22707,train,belief,seeker,yes,,likes,
belief_1715,22707,train,belief,seeker,yes,,likes,
belief_1716,22707,train,belief,recommender,no,accepted,,
belief_1717,22707,train,belief,seeker,yes,,likes,
belief_1718,22707,train,belief,recommender,yes,accepted,,
belief_1719,22707,train,belief,seeker,yes,,likes,
belief_1720,22707,train,belief,recommender,yes,accepted,,
belief_1721,22707,train,belief,seeker,yes,,likes,
belief_1722,22707,train,belief,seeker,yes,,likes,
belief_1723,22730,train,belief,recommender,no,accepted,,
belief_1724,22730,train,belief,seeker,yes,,likes,
belief_1725,22730,train,belief,seeker,yes,,likes,
belief_1726,22730,train,belief,recommender,no,declined,,
belief_1727,22730,train,belief,seeker,yes,,likes,
belief_1728,22730,train,belief,recommender,no,accepted,,
belief_1729,22730,train,belief,recommender,yes,accepted,,
belief_1730,22730,train,belief,seeker,yes,,likes,
belief_1731,22730,train,belief,recommender,yes,accepted,,
belief_1732,22739,train,belief,recommender,yes,accepted,,
belief_1733,22739,train,belief,seeker,yes,,likes,
belief_1734,22739,train,belief,recommender,no,accepted,,
belief_1735,22739,train,belief,seeker,yes,,likes,
belief_1736,22739,train,belief,recommender,yes,accepted,,
belief_1737,22739,train,belief,seeker,yes,,likes,
belief_1738,22858,train,belief,seeker,yes,,likes,
belief_1739,22858,train,belief,seeker,yes,,likes,
belief_1740,22858,train,belief,recommender,no,accepted,,
belief_1741,22858,train,belief,recommender,no,accepted,,
belief_1742,22890,train,belief,recommender,yes,accepted,,
belief_1743,22890,train,belief,recommender,no,declined,,
belief_1744,22890,train,belief,recommender,no,accepted,,
belief_1745,22890,train,belief,recommender,no,declined,,
belief_1756,23092,train,belief,seeker,yes,,likes,
belief_1757,23092,train,belief,recommender,no,accepted,,
belief_1758,23092,train,belief,recommender,yes,declined,,
belief_1759,23093,train,belief,recommender,no,accepted,,
belief_1760,23093,train,belief,recommender,no,declined,,
belief_1761,23093,train,belief,seeker,yes,,likes,
desire_5,622,train,desire,,,,,yes
desire_6,622,train,desire,,,,,yes
desire_7,622,train,desire,,,,,no
desire_8,622,train,desire,,,,,no
desire_9,622,train,desire,,,,,yes
desire_10,622,train,desire,,,,,yes
desire_11,895,train,desire,,,,,yes
desire_12,895,train,desire,,,,,yes
desire_13,895,train,desire,,,,,yes
desire_14,895,train,desire,,,,,yes
desire_15,895,train,desire,,,,,yes
desire_16,895,train,desire,,,,,yes
desire_17,895,train,desire,,,,,no
desire_18,895,train,desire,,,,,yes
desire_19,895,train,desire,,,,,yes
desire_20,895,train,desire,,,,,yes
desire_21,950,train,desire,,,,,yes
desire_22,950,train,desire,,,,,yes
desire_23,950,train,desire,,,,,no
desire_24,950,train,desire,,,,,yes
desire_25,950,train,desire,,,,,yes
desire_26,957,train,desire,,,,,yes
desire_27,957,train,desire,,,,,no
desire_28,957,train,desire,,,,,no
desire_29,957,train,desire,,,,,yes
desire_30,957,train,desire,,,,,yes
desire_31,957,train,desire,,,,,no
desire_32,957,train,desire,,,,,yes
desire_33,957,train,desire,,,,,no
desire_34,1002,train,desire,,,,,yes
desire_35,1002,train,desire,,,,,yes
desire_36,1002,train,desire,,,,,yes
desire_37,1002,train,desire,,,,,yes
desire_38,1002,train,desire,,,,,no
desire_39,1003,train,desire,,,,,yes
desire_40,1003,train,desire,,,,,no
desire_41,1003,train,desire,,,,,yes
desire_42,1003,train,desire,,,,,yes
desire_43,1003,train,desire,,,,,yes
desire_44,1003,train,desire,,,,,yes
desire_45,1021,train,desire,,,,,yes
desire_46,1021,train,desire,,,,,no
desire_47,1021,train,desire,,,,,yes
desire_48,1021,train,desire,,,,,yes
desire_49,1021,train,desire,,,,,yes
desire_50,1057,train,desire,,,,,yes
desire_51,1057,train,desire,,,,,no
desire_52,1057,train,desire,,,,,yes
desire_53,1108,train,desire,,,,,yes
desire_55,1108,train,desire,,,,,yes
desire_56,1108,train,desire,,,,,yes
desire_57,1108,train,desire,,,,,yes
desire_58,1111,train,desire,,,,,yes
desire_59,1111,train,desire,,,,,yes
desire_60,1111,train,desire,,,,,no
desire_61,1111,train,desire,,,,,yes
desire_62,1111,train,desire,,,,,yes
desire_63,1111,train,desire,,,,,yes
desire_64,1111,train,desire,,,,,yes
desire_65,1111,train,desire,,,,,yes
desire_66,1127,train,desire,,,,,no
desire_67,1127,train,desire,,,,,yes
desire_68,1127,train,desire,,,,,yes
desire_69,1127,train,desire,,,,,yes
desire_70,1127,train,desire,,,,,yes
desire_71,1127,train,desire,,,,,yes
desire_72,1127,train,desire,,,,,no
desire_73,1127,train,desire,,,,,yes
desire_74,1205,train,desire,,,,,no
desire_75,1205,train,desire,,,,,no
desire_76,1205,train,desire,,,,,yes
desire_77,1205,train,desire,,,,,no
desire_78,1212,train,desire,,,,,yes
desire_79,1212,train,desire,,,,,yes
desire_80,1212,train,desire,,,,,yes
desire_81,1212,train,desire,,,,,no
desire_86,1357,train,desire,,,,,yes
desire_87,1357,train,desire,,,,,no
desire_88,1357,train,desire,,,,,yes
desire_89,1363,train,desire,,,,,yes
desire_90,1363,train,desire,,,,,yes
desire_91,1363,train,desire,,,,,yes
desire_92,1363,train,desire,,,,,no
desire_100,1501,train,desire,,,,,yes
desire_101,1501,train,desire,,,,,yes
desire_102,1501,train,desire,,,,,no
desire_103,1501,train,desire,,,,,no
desire_104,1501,train,desire,,,,,yes
desire_105,1501,train,desire,,,,,no
desire_113,1619,train,desire,,,,,yes
desire_114,1619,train,desire,,,,,yes
desire_115,1619,train,desire,,,,,yes
desire_116,1619,train,desire,,,,,yes
desire_117,1619,train,desire,,,,,no
desire_118,1619,train,desire,,,,,yes
desire_119,1623,train,desire,,,,,no
desire_120,1623,train,desire,,,,,no
desire_121,1623,train,desire,,,,,yes
desire_122,1623,train,desire,,,,,no
desire_123,1623,train,desire,,,,,yes
desire_124,1623,train,desire,,,,,no
desire_125,1623,train,desire,,,,,yes
desire_126,1751,train,desire,,,,,yes
desire_127,1751,train,desire,,,,,no
desire_128,1751,train,desire,,,,,yes
desire_129,1751,train,desire,,,,,no
desire_130,1751,train,desire,,,,,yes
desire_131,1751,train,desire,,,,,no
desire_132,1941,train,desire,,,,,no
desire_133,1941,train,desire,,,,,yes
desire_134,1941,train,desire,,,,,yes
desire_135,1941,train,desire,,,,,yes
desire_136,1992,train,desire,,,,,yes
desire_137,1992,train,desire,,,,,no
desire_138,1992,train,desire,,,,,yes
desire_139,1992,train,desire,,,,,yes
desire_140,1998,train,desire,,,,,yes
desire_141,1998,train,desire,,,,,no
desire_142,1998,train,desire,,,,,yes
desire_143,1998,train,desire,,,,,no
desire_144,1998,train,desire,,,,,yes
desire_145,1998,train,desire,,,,,yes
desire_146,2032,train,desire,,,,,no
desire_147,2032,train,desire,,,,,yes
desire_148,2032,train,desire,,,,,no
desire_149,2203,train,desire,,,,,yes
desire_150,2203,train,desire,,,,,no
desire_151,2203,train,desire,,,,,yes
desire_152,2203,train,desire,,,,,yes
desire_153,2203,train,desire,,,,,yes
desire_154,2214,train,desire,,,,,yes
desire_155,2214,train,desire,,,,,no
desire_156,2214,train,desire,,,,,no
desire_157,2214,train,desire,,,,,yes
desire_158,2214,train,desire,,,,,yes
desire_159,2245,train,desire,,,,,yes
desire_161,2245,train,desire,,,,,no
desire_162,2245,train,desire,,,,,yes
desire_168,2255,train,desire,,,,,yes
desire_169,2255,train,desire,,,,,no
desire_170,2255,train,desire,,,,,yes
desire_171,2255,train,desire,,,,,yes
desire_172,2258,train,desire,,,,,yes
desire_173,2258,train,desire,,,,,no
desire_174,2258,train,desire,,,,,yes
desire_175,2258,train,desire,,,,,yes
desire_176,2335,train,desire,,,,,yes
desire_177,2335,train,desire,,,,,yes
desire_178,2335,train,desire,,,,,yes
desire_179,2335,train,desire,,,,,no
desire_180,2335,train,desire,,,,,yes
desire_190,2498,train,desire,,,,,yes
desire_191,2498,train,desire,,,,,no
desire_192,2498,train,desire,,,,,yes
desire_193,2498,train,desire,,,,,yes
desire_194,2498,train,desire,,,,,yes
desire_199,2773,train,desire,,,,,yes
desire_200,2773,train,desire,,,,,no
desire_201,2773,train,desire,,,,,yes
desire_202,2773,train,desire,,,,,yes
desire_203,2818,train,desire,,,,,yes
desire_204,2818,train,desire,,,,,yes
desire_205,2818,train,desire,,,,,yes
desire_206,2818,train,desire,,,,,yes
desire_207,2818,train,desire,,,,,no
desire_208,2818,train,desire,,,,,yes
desire_213,3375,train,desire,,,,,yes
desire_214,3375,train,desire,,,,,yes
desire_215,3375,train,desire,,,,,no
desire_216,3375,train,desire,,,,,no
desire_217,3480,train,desire,,,,,no
desire_218,3480,train,desire,,,,,no
desire_219,3480,train,desire,,,,,yes
desire_220,3480,train,desire,,,,,yes
desire_221,3480,train,desire,,,,,yes
desire_222,3480,train,desire,,,,,no
desire_223,3797,train,desire,,,,,yes
desire_224,3797,train,desire,,,,,yes
desire_225,3797,train,desire,,,,,no
desire_226,3797,train,desire,,,,,yes
desire_232,3838,train,desire,,,,,yes
desire_233,3838,train,desire,,,,,no
desire_234,3838,train,desire,,,,,yes
desire_235,3838,train,desire,,,,,yes
desire_236,3849,train,desire,,,,,yes
desire_237,3849,train,desire,,,,,no
desire_238,3849,train,desire,,,,,yes
desire_239,3849,train,desire,,,,,yes
desire_240,3897,train,desire,,,,,yes
desire_241,3897,train,desire,,,,,no
desire_242,3897,train,desire,,,,,yes
desire_243,3937,train,desire,,,,,yes
desire_244,3937,train,desire,,,,,no
desire_245,3937,train,desire,,,,,yes
desire_246,3937,train,desire,,,,,yes
desire_247,3937,train,desire,,,,,yes
desire_248,3937,train,desire,,,,,yes
desire_249,3994,train,desire,,,,,yes
desire_250,3994,train,desire,,,,,yes
desire_251,3994,train,desire,,,,,yes
desire_252,3994,train,desire,,,,,no
desire_262,5221,train,desire,,,,,yes
desire_263,5221,train,desire,,,,,yes
desire_264,5221,train,desire,,,,,no
desire_265,5221,train,desire,,,,,yes
desire_266,5369,train,desire,,,,,no
desire_267,5369,train,desire,,,,,yes
desire_268,5369,train,desire,,,,,no
desire_269,5369,train,desire,,,,,yes
desire_270,5369,train,desire,,,,,yes
desire_279,5921,train,desire,,,,,yes
desire_280,5921,train,desire,,,,,yes
desire_281,5921,train,desire,,,,,yes
desire_282,5921,train,desire,,,,,no
desire_283,5934,train,desire,,,,,no
desire_284,5934,train,desire,,,,,yes
desire_285,5934,train,desire,,,,,yes
desire_286,5934,train,desire,,,,,yes
desire_307,6522,train,desire,,,,,yes
desire_308,6522,train,desire,,,,,no
desire_309,6522,train,desire,,,,,yes
desire_310,6522,train,desire,,,,,yes
desire_320,6730,train,desire,,,,,no
desire_321,6730,train,desire,,,,,no
desire_322,6730,train,desire,,,,,no
desire_323,6730,train,desire,,,,,yes
desire_324,6730,train,desire,,,,,yes
desire_325,6730,train,desire,,,,,yes
desire_326,6730,train,desire,,,,,yes
desire_330,6793,train,desire,,,,,no
desire_331,6793,train,desire,,,,,yes
desire_332,6793,train,desire,,,,,yes
desire_334,6793,train,desire,,,,,no
desire_335,6810,train,desire,,,,,yes
desire_336,6810,train,desire,,,,,no
desire_337,6810,train,desire,,,,,yes
desire_338,6810,train,desire,,,,,yes
desire_339,6810,train,desire,,,,,yes
desire_345,6843,train,desire,,,,,yes
desire_346,6843,train,desire,,,,,yes
desire_347,6843,train,desire,,,,,no
desire_348,6843,train,desire,,,,,yes
desire_349,6843,train,desire,,,,,no
desire_358,6893,train,desire,,,,,yes
desire_359,6893,train,desire,,,,,no
desire_360,6893,train,desire,,,,,yes
desire_368,6938,train,desire,,,,,yes
desire_369,6938,train,desire,,,,,yes
desire_370,6938,train,desire,,,,,yes
desire_371,6938,train,desire,,,,,yes
desire_372,6938,train,desire,,,,,no
desire_377,6941,train,desire,,,,,yes
desire_378,6941,train,desire,,,,,yes
desire_379,6941,train,desire,,,,,no
desire_380,6941,train,desire,,,,,no
desire_381,7045,train,desire,,,,,yes
desire_382,7045,train,desire,,,,,no
desire_383,7045,train,desire,,,,,yes
desire_384,7045,train,desire,,,,,no
desire_385,7082,train,desire,,,,,no
desire_386,7082,train,desire,,,,,yes
desire_387,7082,train,desire,,,,,no
desire_396,7195,train,desire,,,,,yes
desire_397,7195,train,desire,,,,,yes
desire_398,7195,train,desire,,,,,no
desire_399,7195,train,desire,,,,,yes
desire_400,7201,train,desire,,,,,yes
desire_401,7201,train,desire,,,,,no
desire_402,7201,train,desire,,,,,yes
desire_403,7201,train,desire,,,,,yes
desire_404,7356,train,desire,,,,,yes
desire_405,7356,train,desire,,,,,yes
desire_406,7356,train,desire,,,,,yes
desire_407,7356,train,desire,,,,,no
desire_408,7398,train,desire,,,,,no
desire_410,7398,train,desire,,,,,yes
desire_411,7398,train,desire,,,,,no
desire_412,7398,train,desire,,,,,yes
desire_413,7411,train,desire,,,,,no
desire_414,7411,train,desire,,,,,no
desire_415,7411,train,desire,,,,,yes
desire_416,7411,train,desire,,,,,no
desire_417,7411,train,desire,,,,,yes
desire_418,7411,train,desire,,,,,yes
desire_419,7411,train,desire,,,,,yes
desire_420,7570,train,desire,,,,,yes
desire_421,7570,train,desire,,,,,yes
desire_422,7570,train,desire,,,,,yes
desire_423,7570,train,desire,,,,,no
desire_424,7588,train,desire,,,,,yes
desire_426,7588,train,desire,,,,,yes
desire_427,7588,train,desire,,,,,yes
desire_428,7588,train,desire,,,,,yes
desire_429,7663,train,desire,,,,,yes
desire_430,7663,train,desire,,,,,yes
desire_431,7663,train,desire,,,,,yes
desire_432,7663,train,desire,,,,,yes
desire_433,7663,train,desire,,,,,no
desire_434,7698,train,desire,,,,,no
desire_435,7698,train,desire,,,,,yes
desire_436,7698,train,desire,,,,,yes
desire_437,7698,train,desire,,,,,yes
desire_438,7698,train,desire,,,,,no
desire_439,7698,train,desire,,,,,yes
desire_440,7698,train,desire,,,,,no
desire_441,7732,train,desire,,,,,yes
desire_442,7732,train,desire,,,,,yes
desire_443,7732,train,desire,,,,,yes
desire_444,7732,train,desire,,,,,yes
desire_445,7732,train,desire,,,,,no
desire_459,7894,train,desire,,,,,no
desire_460,7894,train,desire,,,,,yes
desire_461,7894,train,desire,,,,,yes
desire_462,7894,train,desire,,,,,yes
desire_463,7894,train,desire,,,,,yes
desire_464,7894,train,desire,,,,,yes
desire_465,7894,train,desire,,,,,yes
desire_466,7894,train,desire,,,,,no
desire_467,7894,train,desire,,,,,yes
desire_468,7894,train,desire,,,,,yes
desire_469,7894,train,desire,,,,,no
desire_474,7934,train,desire,,,,,no
desire_475,7934,train,desire,,,,,yes
desire_476,7934,train,desire,,,,,yes
desire_477,7934,train,desire,,,,,no
desire_478,7934,train,desire,,,,,yes
desire_479,7934,train,desire,,,,,yes
desire_480,8155,train,desire,,,,,yes
desire_481,8155,train,desire,,,,,no
desire_482,8155,train,desire,,,,,yes
desire_483,8155,train,desire,,,,,no
desire_490,8223,train,desire,,,,,yes
desire_491,8223,train,desire,,,,,no
desire_492,8223,train,desire,,,,,no
desire_493,8223,train,desire,,,,,yes
desire_494,8223,train,desire,,,,,yes
desire_495,8229,train,desire,,,,,no
desire_496,8229,train,desire,,,,,yes
desire_497,8229,train,desire,,,,,yes
desire_498,8266,train,desire,,,,,no
desire_499,8266,train,desire,,,,,yes
desire_500,8266,train,desire,,,,,no
desire_501,8266,train,desire,,,,,yes
desire_511,8365,train,desire,,,,,no
desire_512,8365,train,desire,,,,,yes
desire_513,8365,train,desire,,,,,no
desire_514,8365,train,desire,,,,,yes
desire_515,8365,train,desire,,,,,yes
desire_516,8365,train,desire,,,,,yes
desire_517,8365,train,desire,,,,,yes
desire_518,8365,train,desire,,,,,yes
desire_519,8365,train,desire,,,,,yes
desire_520,8393,train,desire,,,,,no
desire_521,8393,train,desire,,,,,yes
desire_522,8393,train,desire,,,,,yes
desire_523,8393,train,desire,,,,,yes
desire_524,8393,train,desire,,,,,yes
desire_525,8501,train,desire,,,,,yes
desire_526,8501,train,desire,,,,,no
desire_527,8501,train,desire,,,,,yes
desire_528,8501,train,desire,,,,,yes
desire_529,8502,train,desire,,,,,no
desire_530,8502,train,desire,,,,,yes
desire_531,8502,train,desire,,,,,yes
desire_532,8502,train,desire,,,,,yes
desire_533,8502,train,desire,,,,,yes
desire_534,8515,train,desire,,,,,no
desire_535,8515,train,desire,,,,,yes
desire_536,8515,train,desire,,,,,yes
desire_537,8515,train,desire,,,,,yes
desire_538,8515,train,desire,,,,,yes
desire_539,8515,train,desire,,,,,yes
desire_540,8536,train,desire,,,,,no
desire_542,8536,train,desire,,,,,yes
desire_550,8889,train,desire,,,,,yes
desire_551,8889,train,desire,,,,,yes
desire_552,8889,train,desire,,,,,yes
desire_553,8889,train,desire,,,,,no
desire_554,8991,train,desire,,,,,yes
desire_555,8991,train,desire,,,,,no
desire_556,8991,train,desire,,,,,no
desire_557,8991,train,desire,,,,,yes
desire_558,9160,train,desire,,,,,no
desire_559,9160,train,desire,,,,,yes
desire_560,9160,train,desire,,,,,yes
desire_561,9160,train,desire,,,,,yes
desire_562,9238,train,desire,,,,,yes
desire_563,9238,train,desire,,,,,yes
desire_564,9238,train,desire,,,,,yes
desire_565,9238,train,desire,,,,,no
desire_566,9251,train,desire,,,,,no
desire_567,9251,train,desire,,,,,no
desire_568,9251,train,desire,,,,,yes
desire_569,9251,train,desire,,,,,no
desire_570,9307,train,desire,,,,,no
desire_571,9307,train,desire,,,,,yes
desire_572,9307,train,desire,,,,,yes
desire_577,9340,train,desire,,,,,no
desire_578,9340,train,desire,,,,,yes
desire_579,9340,train,desire,,,,,yes
desire_580,9340,train,desire,,,,,yes
desire_581,9343,train,desire,,,,,yes
desire_582,9343,train,desire,,,,,no
desire_583,9343,train,desire,,,,,no
desire_584,9353,train,desire,,,,,yes
desire_585,9353,train,desire,,,,,yes
desire_586,9353,train,desire,,,,,yes
desire_587,9353,train,desire,,,,,no
desire_588,9358,train,desire,,,,,no
desire_589,9358,train,desire,,,,,yes
desire_590,9358,train,desire,,,,,yes
desire_591,9358,train,desire,,,,,yes
desire_592,9366,train,desire,,,,,yes
desire_593,9366,train,desire,,,,,yes
desire_594,9366,train,desire,,,,,no
desire_595,9371,train,desire,,,,,yes
desire_596,9371,train,desire,,,,,yes
desire_597,9371,train,desire,,,,,yes
desire_598,9371,train,desire,,,,,no
desire_604,9592,train,desire,,,,,yes
desire_605,9592,train,desire,,,,,yes
desire_606,9592,train,desire,,,,,no
desire_607,9592,train,desire,,,,,yes
desire_608,9662,train,desire,,,,,no
desire_609,9662,train,desire,,,,,yes
desire_610,9662,train,desire,,,,,yes
desire_611,9662,train,desire,,,,,no
desire_612,9664,train,desire,,,,,yes
desire_613,9664,train,desire,,,,,yes
desire_614,9664,train,desire,,,,,no
desire_618,9708,train,desire,,,,,no
desire_619,9708,train,desire,,,,,yes
desire_620,9708,train,desire,,,,,no
desire_621,9708,train,desire,,,,,yes
desire_622,9721,train,desire,,,,,no
desire_623,9721,train,desire,,,,,yes
desire_624,9721,train,desire,,,,,yes
desire_625,9721,train,desire,,,,,yes
desire_626,9721,train,desire,,,,,yes
desire_627,9721,train,desire,,,,,yes
desire_628,9788,train,desire,,,,,no
desire_629,9788,train,desire,,,,,no
desire_630,9788,train,desire,,,,,yes
desire_631,9956,train,desire,,,,,yes
desire_632,9956,train,desire,,,,,no
desire_633,9956,train,desire,,,,,yes
desire_634,9956,train,desire,,,,,yes
desire_635,10001,train,desire,,,,,yes
desire_636,10001,train,desire,,,,,no
desire_637,10001,train,desire,,,,,no
desire_638,10001,train,desire,,,,,yes
desire_639,10003,train,desire,,,,,no
desire_640,10003,train,desire,,,,,yes
desire_641,10003,train,desire,,,,,yes
desire_642,10003,train,desire,,,,,yes
desire_643,10041,train,desire,,,,,yes
desire_644,10041,train,desire,,,,,no
desire_645,10041,train,desire,,,,,yes
desire_646,10041,train,desire,,,,,yes
desire_647,10096,train,desire,,,,,yes
desire_648,10096,train,desire,,,,,yes
desire_649,10096,train,desire,,,,,no
desire_655,10275,train,desire,,,,,no
desire_656,10275,train,desire,,,,,yes
desire_657,10275,train,desire,,,,,yes
desire_658,10275,train,desire,,,,,yes
desire_659,10328,train,desire,,,,,yes
desire_660,10328,train,desire,,,,,yes
desire_661,10328,train,desire,,,,,no
desire_662,10328,train,desire,,,,,yes
desire_663,10328,train,desire,,,,,yes
desire_668,10355,train,desire,,,,,yes
desire_669,10355,train,desire,,,,,yes
desire_670,10355,train,desire,,,,,no
desire_671,10499,train,desire,,,,,yes
desire_672,10499,train,desire,,,,,yes
desire_673,10499,train,desire,,,,,no
desire_674,10499,train,desire,,,,,yes
desire_675,10499,train,desire,,,,,yes
desire_676,10547,train,desire,,,,,yes
desire_677,10547,train,desire,,,,,yes
desire_678,10547,train,desire,,,,,no
desire_679,10547,train,desire,,,,,yes
desire_684,10600,train,desire,,,,,no
desire_685,10600,train,desire,,,,,no
desire_686,10600,train,desire,,,,,yes
desire_687,10600,train,desire,,,,,yes
desire_688,10600,train,desire,,,,,no
desire_692,10629,train,desire,,,,,no
desire_693,10629,train,desire,,,,,no
desire_694,10629,train,desire,,,,,no
desire_695,10629,train,desire,,,,,yes
desire_696,10629,train,desire,,,,,yes
desire_704,10891,train,desire,,,,,yes
desire_705,10891,train,desire,,,,,yes
desire_706,10891,train,desire,,,,,no
desire_707,10891,train,desire,,,,,yes
desire_708,10891,train,desire,,,,,yes
desire_709,10968,train,desire,,,,,yes
desire_710,10968,train,desire,,,,,no
desire_711,10968,train,desire,,,,,yes
desire_712,10968,train,desire,,,,,yes
desire_713,10968,train,desire,,,,,yes
desire_719,10986,train,desire,,,,,yes
desire_720,10986,train,desire,,,,,yes
desire_721,10986,train,desire,,,,,no
desire_722,10986,train,desire,,,,,yes
desire_723,11005,train,desire,,,,,yes
desire_724,11005,train,desire,,,,,yes
desire_725,11005,train,desire,,,,,no
desire_726,11005,train,desire,,,,,no
desire_727,11036,train,desire,,,,,yes
desire_728,11036,train,desire,,,,,no
desire_729,11036,train,desire,,,,,yes
desire_730,11036,train,desire,,,,,yes
desire_731,11068,train,desire,,,,,yes
desire_732,11068,train,desire,,,,,no
desire_733,11068,train,desire,,,,,yes
desire_734,11068,train,desire,,,,,no
desire_735,11068,train,desire,,,,,yes
desire_736,11099,train,desire,,,,,yes
desire_737,11099,train,desire,,,,,no
desire_738,11099,train,desire,,,,,no
desire_739,11099,train,desire,,,,,yes
desire_744,11122,train,desire,,,,,yes
desire_745,11122,train,desire,,,,,yes
desire_746,11122,train,desire,,,,,no
desire_751,11267,train,desire,,,,,yes
desire_752,11267,train,desire,,,,,no
desire_753,11267,train,desire,,,,,yes
desire_754,11267,train,desire,,,,,yes
desire_755,11269,train,desire,,,,,no
desire_756,11269,train,desire,,,,,yes
desire_757,11269,train,desire,,,,,no
desire_762,11372,train,desire,,,,,yes
desire_763,11372,train,desire,,,,,yes
desire_764,11372,train,desire,,,,,yes
desire_765,11372,train,desire,,,,,no
desire_766,11372,train,desire,,,,,yes
desire_767,11372,train,desire,,,,,yes
desire_768,11382,train,desire,,,,,yes
desire_769,11382,train,desire,,,,,yes
desire_770,11382,train,desire,,,,,no
desire_771,11432,train,desire,,,,,yes
desire_772,11432,train,desire,,,,,no
desire_773,11432,train,desire,,,,,no
desire_774,11478,train,desire,,,,,yes
desire_775,11478,train,desire,,,,,yes
desire_776,11478,train,desire,,,,,no
desire_777,11478,train,desire,,,,,yes
desire_798,12086,train,desire,,,,,no
desire_799,12086,train,desire,,,,,yes
desire_800,12086,train,desire,,,,,yes
desire_801,12086,train,desire,,,,,yes
desire_806,12309,train,desire,,,,,yes
desire_807,12309,train,desire,,,,,yes
desire_808,12309,train,desire,,,,,yes
desire_809,12309,train,desire,,,,,yes
desire_810,12309,train,desire,,,,,no
desire_811,12413,train,desire,,,,,no
desire_812,12413,train,desire,,,,,yes
desire_813,12413,train,desire,,,,,yes
desire_814,12413,train,desire,,,,,no
desire_815,12413,train,desire,,,,,yes
desire_816,12461,train,desire,,,,,no
desire_817,12461,train,desire,,,,,no
desire_818,12461,train,desire,,,,,yes
desire_819,12461,train,desire,,,,,yes
desire_820,12461,train,desire,,,,,yes
desire_821,12461,train,desire,,,,,yes
desire_822,12596,train,desire,,,,,yes
desire_823,12596,train,desire,,,,,no
desire_824,12596,train,desire,,,,,yes
desire_825,12596,train,desire,,,,,yes
desire_826,12596,train,desire,,,,,yes
desire_827,12596,train,desire,,,,,yes
desire_832,13128,train,desire,,,,,no
desire_833,13128,train,desire,,,,,yes
desire_834,13128,train,desire,,,,,yes
desire_835,13128,train,desire,,,,,yes
desire_836,13239,train,desire,,,,,yes
desire_837,13239,train,desire,,,,,yes
desire_838,13239,train,desire,,,,,no
desire_843,13304,train,desire,,,,,yes
desire_844,13304,train,desire,,,,,no
desire_845,13304,train,desire,,,,,no
desire_846,13304,train,desire,,,,,yes
desire_847,13328,train,desire,,,,,yes
desire_848,13328,train,desire,,,,,no
desire_849,13328,train,desire,,,,,no
desire_850,13328,train,desire,,,,,yes
desire_851,13364,train,desire,,,,,yes
desire_852,13364,train,desire,,,,,yes
desire_854,13364,train,desire,,,,,yes
desire_855,13364,train,desire,,,,,yes
desire_856,13364,train,desire,,,,,yes
desire_857,13364,train,desire,,,,,yes
desire_858,13364,train,desire,,,,,yes
desire_859,13449,train,desire,,,,,yes
desire_860,13449,train,desire,,,,,yes
desire_861,13449,train,desire,,,,,no
desire_862,13449,train,desire,,,,,no
desire_863,13516,train,desire,,,,,no
desire_864,13516,train,desire,,,,,yes
desire_865,13516,train,desire,,,,,yes
desire_866,13516,train,desire,,,,,yes
desire_867,13516,train,desire,,,,,yes
desire_878,13685,train,desire,,,,,yes
desire_879,13685,train,desire,,,,,yes
desire_880,13685,train,desire,,,,,yes
desire_890,13959,train,desire,,,,,no
desire_891,13959,train,desire,,,,,yes
desire_892,13959,train,desire,,,,,yes
desire_893,13959,train,desire,,,,,yes
desire_899,13965,train,desire,,,,,yes
desire_900,13965,train,desire,,,,,yes
desire_901,13965,train,desire,,,,,no
desire_902,13965,train,desire,,,,,yes
desire_903,13965,train,desire,,,,,yes
desire_904,14040,train,desire,,,,,no
desire_905,14040,train,desire,,,,,yes
desire_906,14040,train,desire,,,,,yes
desire_916,14124,train,desire,,,,,yes
desire_917,14124,train,desire,,,,,no
desire_918,14124,train,desire,,,,,no
desire_919,14124,train,desire,,,,,yes
desire_920,14127,train,desire,,,,,no
desire_921,14127,train,desire,,,,,yes
desire_922,14127,train,desire,,,,,yes
desire_923,14127,train,desire,,,,,yes
desire_924,14127,train,desire,,,,,yes
desire_925,14147,train,desire,,,,,yes
desire_926,14147,train,desire,,,,,yes
desire_927,14147,train,desire,,,,,no
desire_928,14189,train,desire,,,,,yes
desire_929,14189,train,desire,,,,,no
desire_934,14229,train,desire,,,,,no
desire_935,14229,train,desire,,,,,yes
desire_936,14229,train,desire,,,,,yes
desire_937,14229,train,desire,,,,,no
desire_938,14229,train,desire,,,,,yes
desire_939,14231,train,desire,,,,,yes
desire_940,14231,train,desire,,,,,yes
desire_941,14231,train,desire,,,,,yes
desire_942,14231,train,desire,,,,,no
desire_943,14235,train,desire,,,,,yes
desire_944,14235,train,desire,,,,,yes
desire_945,14235,train,desire,,,,,no
desire_946,14240,train,desire,,,,,no
desire_947,14240,train,desire,,,,,yes
desire_948,14240,train,desire,,,,,yes
desire_949,14240,train,desire,,,,,yes
desire_950,14247,train,desire,,,,,yes
desire_951,14247,train,desire,,,,,no
desire_952,14247,train,desire,,,,,yes
desire_953,14247,train,desire,,,,,no
desire_954,14290,train,desire,,,,,no
desire_955,14290,train,desire,,,,,yes
desire_956,14290,train,desire,,,,,no
desire_957,14290,train,desire,,,,,yes
desire_958,14394,train,desire,,,,,no
desire_959,14394,train,desire,,,,,yes
desire_960,14394,train,desire,,,,,no
desire_961,14445,train,desire,,,,,yes
desire_962,14445,train,desire,,,,,yes
desire_963,14445,train,desire,,,,,yes
desire_964,14445,train,desire,,,,,yes
desire_965,14445,train,desire,,,,,no
desire_966,14460,train,desire,,,,,yes
desire_967,14460,train,desire,,,,,no
desire_968,14460,train,desire,,,,,yes
desire_969,14460,train,desire,,,,,no
desire_970,14469,train,desire,,,,,yes
desire_971,14469,train,desire,,,,,yes
desire_972,14469,train,desire,,,,,no
desire_973,14469,train,desire,,,,,yes
desire_974,14517,train,desire,,,,,yes
desire_975,14517,train,desire,,,,,yes
desire_976,14517,train,desire,,,,,yes
desire_977,14517,train,desire,,,,,no
desire_978,14518,train,desire,,,,,yes
desire_979,14518,train,desire,,,,,no
desire_980,14531,train,desire,,,,,no
desire_981,14531,train,desire,,,,,yes
desire_982,14531,train,desire,,,,,yes
desire_983,14578,train,desire,,,,,yes
desire_984,14578,train,desire,,,,,yes
desire_985,14578,train,desire,,,,,yes
desire_986,14578,train,desire,,,,,no
desire_992,14720,train,desire,,,,,yes
desire_993,14720,train,desire,,,,,yes
desire_994,14720,train,desire,,,,,no
desire_995,14720,train,desire,,,,,yes
desire_1003,14899,train,desire,,,,,yes
desire_1004,14899,train,desire,,,,,yes
desire_1005,14899,train,desire,,,,,yes
desire_1006,14899,train,desire,,,,,no
desire_1007,14899,train,desire,,,,,yes
desire_1008,14965,train,desire,,,,,yes
desire_1009,14965,train,desire,,,,,yes
desire_1010,14965,train,desire,,,,,no
desire_1011,14965,train,desire,,,,,yes
desire_1012,15032,train,desire,,,,,yes
desire_1013,15032,train,desire,,,,,yes
desire_1014,15032,train,desire,,,,,yes
desire_1015,15032,train,desire,,,,,no
desire_1016,15051,train,desire,,,,,no
desire_1017,15051,train,desire,,,,,yes
desire_1018,15051,train,desire,,,,,yes
desire_1022,15267,train,desire,,,,,no
desire_1023,15267,train,desire,,,,,yes
desire_1024,15267,train,desire,,,,,yes
desire_1025,15267,train,desire,,,,,yes
desire_1026,15267,train,desire,,,,,yes
desire_1027,15419,train,desire,,,,,yes
desire_1028,15419,train,desire,,,,,yes
desire_1029,15419,train,desire,,,,,no
desire_1030,15419,train,desire,,,,,yes
desire_1031,15504,train,desire,,,,,yes
desire_1032,15504,train,desire,,,,,yes
desire_1033,15504,train,desire,,,,,no
desire_1034,15504,train,desire,,,,,yes
desire_1039,16252,train,desire,,,,,yes
desire_1040,16252,train,desire,,,,,no
desire_1041,16252,train,desire,,,,,yes
desire_1047,16370,train,desire,,,,,no
desire_1048,16370,train,desire,,,,,no
desire_1049,16370,train,desire,,,,,yes
desire_1050,16370,train,desire,,,,,no
desire_1051,16569,train,desire,,,,,no
desire_1052,16569,train,desire,,,,,yes
desire_1061,16674,train,desire,,,,,no
desire_1062,16674,train,desire,,,,,no
desire_1063,16709,train,desire,,,,,no
desire_1064,16709,train,desire,,,,,yes
desire_1065,16709,train,desire,,,,,yes
desire_1066,16709,train,desire,,,,,yes
desire_1067,16709,train,desire,,,,,yes
desire_1068,16709,train,desire,,,,,yes
desire_1069,16709,train,desire,,,,,no
desire_1070,16786,train,desire,,,,,no
desire_1071,16786,train,desire,,,,,yes
desire_1072,16786,train,desire,,,,,no
desire_1076,16849,train,desire,,,,,no
desire_1077,16849,train,desire,,,,,yes
desire_1078,16849,train,desire,,,,,yes
desire_1079,16849,train,desire,,,,,no
desire_1085,16874,train,desire,,,,,yes
desire_1086,16874,train,desire,,,,,yes
desire_1087,17058,train,desire,,,,,no
desire_1088,17058,train,desire,,,,,yes
desire_1089,17058,train,desire,,,,,yes
desire_1090,17076,train,desire,,,,,no
desire_1091,17076,train,desire,,,,,yes
desire_1092,17076,train,desire,,,,,no
desire_1093,17076,train,desire,,,,,no
desire_1094,17076,train,desire,,,,,no
desire_1095,17092,train,desire,,,,,no
desire_1096,17092,train,desire,,,,,yes
desire_1097,17092,train,desire,,,,,yes
desire_1098,17092,train,desire,,,,,no
desire_1099,17092,train,desire,,,,,yes
desire_1100,17094,train,desire,,,,,no
desire_1101,17094,train,desire,,,,,no
desire_1106,17265,train,desire,,,,,no
desire_1107,17265,train,desire,,,,,yes
desire_1108,17265,train,desire,,,,,yes
desire_1109,17265,train,desire,,,,,no
desire_1110,17402,train,desire,,,,,yes
desire_1111,17402,train,desire,,,,,yes
desire_1112,17402,train,desire,,,,,no
desire_1113,17402,train,desire,,,,,yes
desire_1118,17539,train,desire,,,,,no
desire_1119,17539,train,desire,,,,,yes
desire_1120,17539,train,desire,,,,,yes
desire_1121,17539,train,desire,,,,,yes
desire_1122,17539,train,desire,,,,,yes
desire_1123,17539,train,desire,,,,,no
desire_1124,17634,train,desire,,,,,no
desire_1125,17634,train,desire,,,,,no
desire_1126,17634,train,desire,,,,,no
desire_1127,17634,train,desire,,,,,no
desire_1128,17634,train,desire,,,,,yes
desire_1129,17636,train,desire,,,,,yes
desire_1130,17636,train,desire,,,,,yes
desire_1131,17636,train,desire,,,,,yes
desire_1132,17636,train,desire,,,,,yes
desire_1133,17636,train,desire,,,,,no
desire_1134,17643,train,desire,,,,,yes
desire_1135,17643,train,desire,,,,,yes
desire_1136,17643,train,desire,,,,,no
desire_1137,17643,train,desire,,,,,yes
desire_1138,17643,train,desire,,,,,yes
desire_1139,17651,train,desire,,,,,no
desire_1140,17651,train,desire,,,,,yes
desire_1141,17651,train,desire,,,,,yes
desire_1142,17651,train,desire,,,,,yes
desire_1143,17651,train,desire,,,,,no
desire_1144,17738,train,desire,,,,,no
desire_1145,17738,train,desire,,,,,yes
desire_1146,17738,train,desire,,,,,no
desire_1147,17738,train,desire,,,,,yes
desire_1148,17753,train,desire,,,,,no
desire_1149,17753,train,desire,,,,,yes
desire_1150,17753,train,desire,,,,,yes
desire_1151,17753,train,desire,,,,,yes
desire_1152,17753,train,desire,,,,,yes
desire_1153,17862,train,desire,,,,,no
desire_1162,18095,train,desire,,,,,no
desire_1163,18095,train,desire,,,,,yes
desire_1164,18095,train,desire,,,,,yes
desire_1165,18095,train,desire,,,,,yes
desire_1166,18169,train,desire,,,,,yes
desire_1167,18169,train,desire,,,,,yes
desire_1168,18169,train,desire,,,,,yes
desire_1169,18169,train,desire,,,,,no
desire_1170,18282,train,desire,,,,,yes
desire_1171,18282,train,desire,,,,,no
desire_1172,18282,train,desire,,,,,yes
desire_1173,18307,train,desire,,,,,no
desire_1174,18307,train,desire,,,,,yes
desire_1175,18307,train,desire,,,,,yes
desire_1180,18373,train,desire,,,,,yes
desire_1181,18373,train,desire,,,,,yes
desire_1182,18373,train,desire,,,,,yes
desire_1183,18373,train,desire,,,,,no
desire_1184,18382,train,desire,,,,,no
desire_1185,18390,train,desire,,,,,yes
desire_1186,18390,train,desire,,,,,yes
desire_1187,18390,train,desire,,,,,no
desire_1188,18407,train,desire,,,,,no
desire_1189,18407,train,desire,,,,,yes
desire_1190,18407,train,desire,,,,,yes
desire_1191,18417,train,desire,,,,,yes
desire_1192,18417,train,desire,,,,,no
desire_1193,18417,train,desire,,,,,yes
desire_1194,18677,train,desire,,,,,yes
desire_1195,18677,train,desire,,,,,no
desire_1196,18677,train,desire,,,,,no
desire_1197,18677,train,desire,,,,,yes
desire_1200,18743,train,desire,,,,,yes
desire_1201,18743,train,desire,,,,,no
desire_1202,18743,train,desire,,,,,yes
desire_1203,18743,train,desire,,,,,yes
desire_1204,18743,train,desire,,,,,yes
desire_1207,18836,train,desire,,,,,no
desire_1208,18836,train,desire,,,,,yes
desire_1209,18836,train,desire,,,,,no
desire_1210,18836,train,desire,,,,,yes
desire_1211,18903,train,desire,,,,,no
desire_1212,18903,train,desire,,,,,yes
desire_1213,18903,train,desire,,,,,yes
desire_1214,18903,train,desire,,,,,yes
desire_1215,18943,train,desire,,,,,no
desire_1216,18943,train,desire,,,,,yes
desire_1217,19041,train,desire,,,,,yes
desire_1218,19041,train,desire,,,,,yes
desire_1219,19041,train,desire,,,,,yes
desire_1220,19041,train,desire,,,,,no
desire_1221,19043,train,desire,,,,,no
desire_1222,19043,train,desire,,,,,yes
desire_1223,19043,train,desire,,,,,yes
desire_1224,19043,train,desire,,,,,yes
desire_1225,19120,train,desire,,,,,yes
desire_1226,19120,train,desire,,,,,yes
desire_1227,19120,train,desire,,,,,yes
desire_1228,19120,train,desire,,,,,no
desire_1229,19120,train,desire,,,,,yes
desire_1230,19126,train,desire,,,,,yes
desire_1231,19126,train,desire,,,,,yes
desire_1232,19126,train,desire,,,,,yes
desire_1233,19126,train,desire,,,,,no
desire_1234,19126,train,desire,,,,,yes
desire_1242,19339,train,desire,,,,,no
desire_1243,19339,train,desire,,,,,yes
desire_1244,19339,train,desire,,,,,no
desire_1245,19358,train,desire,,,,,yes
desire_1246,19358,train,desire,,,,,no
desire_1247,19358,train,desire,,,,,no
desire_1248,19360,train,desire,,,,,no
desire_1249,19360,train,desire,,,,,yes
desire_1250,19360,train,desire,,,,,yes
desire_1251,19360,train,desire,,,,,yes
desire_1266,19539,train,desire,,,,,yes
desire_1267,19539,train,desire,,,,,yes
desire_1268,19539,train,desire,,,,,no
desire_1269,19539,train,desire,,,,,yes
desire_1270,19553,train,desire,,,,,yes
desire_1271,19553,train,desire,,,,,no
desire_1272,19553,train,desire,,,,,yes
desire_1273,19553,train,desire,,,,,yes
desire_1274,19553,train,desire,,,,,yes
desire_1275,19553,train,desire,,,,,yes
desire_1276,19565,train,desire,,,,,yes
desire_1277,19565,train,desire,,,,,no
desire_1278,19565,train,desire,,,,,yes
desire_1282,19783,train,desire,,,,,yes
desire_1283,19783,train,desire,,,,,no
desire_1284,19783,train,desire,,,,,no
desire_1285,19783,train,desire,,,,,yes
desire_1286,19783,train,desire,,,,,yes
desire_1290,19895,train,desire,,,,,no
desire_1291,19895,train,desire,,,,,yes
desire_1292,20379,train,desire,,,,,yes
desire_1293,20379,train,desire,,,,,yes
desire_1294,20379,train,desire,,,,,no
desire_1295,20379,train,desire,,,,,yes
desire_1296,20379,train,desire,,,,,no
desire_1297,20379,train,desire,,,,,no
desire_1298,20526,train,desire,,,,,yes
desire_1299,20526,train,desire,,,,,yes
desire_1300,20526,train,desire,,,,,yes
desire_1301,20526,train,desire,,,,,no
desire_1302,20526,train,desire,,,,,yes
desire_1306,20996,train,desire,,,,,no
desire_1307,20996,train,desire,,,,,yes
desire_1308,20996,train,desire,,,,,yes
desire_1309,20996,train,desire,,,,,no
desire_1310,20996,train,desire,,,,,yes
desire_1311,20996,train,desire,,,,,yes
desire_1312,20996,train,desire,,,,,yes
desire_1313,20996,train,desire,,,,,no
desire_1314,21029,train,desire,,,,,yes
desire_1315,21029,train,desire,,,,,no
desire_1316,21029,train,desire,,,,,no
desire_1317,21029,train,desire,,,,,yes
desire_1329,21343,train,desire,,,,,yes
desire_1330,21343,train,desire,,,,,no
desire_1331,21343,train,desire,,,,,no
desire_1340,21398,train,desire,,,,,yes
desire_1341,21398,train,desire,,,,,yes
desire_1342,21398,train,desire,,,,,yes
desire_1343,21398,train,desire,,,,,no
desire_1344,21398,train,desire,,,,,yes
desire_1349,21786,train,desire,,,,,no
desire_1350,21786,train,desire,,,,,yes
desire_1351,21786,train,desire,,,,,yes
desire_1352,21786,train,desire,,,,,no
desire_1353,21786,train,desire,,,,,yes
desire_1354,21786,train,desire,,,,,no
desire_1355,21798,train,desire,,,,,yes
desire_1356,21798,train,desire,,,,,yes
desire_1357,21798,train,desire,,,,,no
desire_1358,21798,train,desire,,,,,yes
desire_1359,21873,train,desire,,,,,yes
desire_1360,21873,train,desire,,,,,yes
desire_1361,21873,train,desire,,,,,yes
desire_1362,21873,train,desire,,,,,no
desire_1363,21884,train,desire,,,,,yes
desire_1364,21884,train,desire,,,,,yes
desire_1365,21884,train,desire,,,,,no
desire_1366,21884,train,desire,,,,,no
desire_1367,21930,train,desire,,,,,yes
desire_1368,21930,train,desire,,,,,no
desire_1369,21930,train,desire,,,,,yes
desire_1370,21930,train,desire,,,,,yes
desire_1379,21956,train,desire,,,,,no
desire_1380,21956,train,desire,,,,,yes
desire_1381,21956,train,desire,,,,,yes
desire_1382,21956,train,desire,,,,,yes
desire_1387,21978,train,desire,,,,,no
desire_1388,21978,train,desire,,,,,yes
desire_1389,21978,train,desire,,,,,yes
desire_1390,21978,train,desire,,,,,yes
desire_1391,22065,train,desire,,,,,no
desire_1392,22065,train,desire,,,,,yes
desire_1393,22065,train,desire,,,,,yes
desire_1394,22065,train,desire,,,,,yes
desire_1395,22065,train,desire,,,,,no
desire_1396,22123,train,desire,,,,,yes
desire_1397,22123,train,desire,,,,,yes
desire_1398,22123,train,desire,,,,,yes
desire_1399,22123,train,desire,,,,,no
desire_1405,22139,train,desire,,,,,yes
desire_1406,22139,train,desire,,,,,no
desire_1407,22139,train,desire,,,,,yes
desire_1408,22204,train,desire,,,,,yes
desire_1409,22204,train,desire,,,,,no
desire_1410,22204,train,desire,,,,,yes
desire_1411,22705,train,desire,,,,,no
desire_1412,22705,train,desire,,,,,no
desire_1413,22705,train,desire,,,,,yes
desire_1414,22705,train,desire,,,,,no
desire_1415,22707,train,desire,,,,,no
desire_1416,22707,train,desire,,,,,yes
desire_1417,22707,train,desire,,,,,yes
desire_1418,22707,train,desire,,,,,yes
desire_1419,22730,train,desire,,,,,yes
desire_1420,22730,train,desire,,,,,no
desire_1421,22730,train,desire,,,,,yes
desire_1422,22730,train,desire,,,,,yes
desire_1423,22730,train,desire,,,,,yes
desire_1424,22739,train,desire,,,,,yes
desire_1425,22739,train,desire,,,,,yes
desire_1426,22739,train,desire,,,,,no
desire_1427,22739,train,desire,,,,,yes
desire_1428,22858,train,desire,,,,,no
desire_1429,22858,train,desire,,,,,yes
desire_1430,22858,train,desire,,,,,yes
desire_1431,22890,train,desire,,,,,yes
desire_1432,22890,train,desire,,,,,no
desire_1433,22890,train,desire,,,,,yes
desire_1434,22890,train,desire,,,,,no
desire_1442,23092,train,desire,,,,,no
desire_1443,23092,train,desire,,,,,yes
desire_1444,23092,train,desire,,,,,no
desire_1445,23093,train,desire,,,,,yes
desire_1446,23093,train,desire,,,,,no
desire_1447,23093,train,desire,,,,,no
belief_108,1238,validation,belief,recommender,yes,declined,,
belief_109,1238,validation,belief,seeker,yes,,likes,
belief_110,1238,validation,belief,seeker,yes,,likes,
belief_111,1238,validation,belief,seeker,yes,,likes,
belief_112,1238,validation,belief,recommender,yes,declined,,
belief_113,1238,validation,belief,recommender,yes,accepted,,
belief_114,1238,validation,belief,recommender,yes,accepted,,
belief_298,3089,validation,belief,recommender,yes,declined,,
belief_299,3089,validation,belief,recommender,no,accepted,,
belief_300,3089,validation,belief,recommender,no,accepted,,
belief_301,3089,validation,belief,recommender,yes,accepted,,
belief_404,6434,validation,belief,seeker,yes,,likes,
belief_405,6434,validation,belief,recommender,no,declined,,
belief_406,6434,validation,belief,recommender,yes,accepted,,
belief_407,6434,validation,belief,recommender,no,accepted,,
belief_408,6434,validation,belief,recommender,no,declined,,
belief_409,6434,validation,belief,seeker,yes,,likes,
belief_410,6499,validation,belief,recommender,no,accepted,,
belief_411,6499,validation,belief,recommender,no,accepted,,
belief_412,6499,validation,belief,recommender,no,accepted,,
belief_413,6499,validation,belief,recommender,no,declined,,
belief_414,6499,validation,belief,recommender,no,accepted,,
belief_419,6655,validation,belief,recommender,yes,accepted,,
belief_420,6655,validation,belief,recommender,yes,declined,,
belief_421,6655,validation,belief,recommender,no,accepted,,
belief_422,6655,validation,belief,recommender,no,accepted,,
belief_451,6827,validation,belief,recommender,yes,accepted,,
belief_452,6827,validation,belief,recommender,yes,accepted,,
belief_453,6827,validation,belief,recommender,yes,accepted,,
belief_454,6827,validation,belief,seeker,yes,,likes,
belief_455,6827,validation,belief,seeker,yes,,likes,
belief_456,6827,validation,belief,recommender,yes,accepted,,
belief_457,6827,validation,belief,recommender,no,declined,,
belief_464,6856,validation,belief,recommender,no,accepted,,
belief_465,6856,validation,belief,recommender,yes,accepted,,
belief_466,6856,validation,belief,recommender,yes,declined,,
belief_467,6856,validation,belief,recommender,yes,declined,,
belief_478,6926,validation,belief,recommender,yes,accepted,,
belief_479,6926,validation,belief,recommender,no,accepted,,
belief_480,6926,validation,belief,recommender,no,declined,,
belief_481,6926,validation,belief,recommender,no,accepted,,
belief_482,6926,validation,belief,recommender,no,accepted,,
belief_483,6926,validation,belief,recommender,yes,accepted,,
belief_510,7120,validation,belief,recommender,yes,declined,,
belief_511,7120,validation,belief,seeker,yes,,likes,
belief_512,7120,validation,belief,recommender,yes,accepted,,
belief_513,7120,validation,belief,recommender,yes,accepted,,
belief_514,7120,validation,belief,recommender,no,accepted,,
belief_584,7840,validation,belief,recommender,no,accepted,,
belief_585,7840,validation,belief,recommender,yes,declined,,
belief_586,7840,validation,belief,recommender,no,accepted,,
belief_587,7840,validation,belief,recommender,yes,accepted,,
belief_588,7840,validation,belief,recommender,no,accepted,,
belief_589,7840,validation,belief,recommender,no,accepted,,
belief_590,7840,validation,belief,recommender,no,accepted,,
belief_605,7898,validation,belief,recommender,yes,accepted,,
belief_606,7898,validation,belief,recommender,no,declined,,
belief_607,7898,validation,belief,recommender,no,accepted,,
belief_608,7898,validation,belief,recommender,no,accepted,,
belief_609,7898,validation,belief,seeker,yes,,likes,
belief_624,8216,validation,belief,seeker,yes,,likes,
belief_625,8216,validation,belief,seeker,yes,,likes,
belief_626,8216,validation,belief,recommender,yes,accepted,,
belief_627,8216,validation,belief,recommender,no,declined,,
belief_628,8216,validation,belief,recommender,no,accepted,,
belief_629,8216,validation,belief,recommender,yes,accepted,,
belief_630,8216,validation,belief,recommender,no,declined,,
belief_631,8216,validation,belief,recommender,no,accepted,,
belief_690,8874,validation,belief,recommender,yes,accepted,,
belief_691,8874,validation,belief,recommender,no,accepted,,
belief_692,8874,validation,belief,recommender,yes,accepted,,
belief_693,8874,validation,belief,recommender,no,accepted,,
belief_756,9505,validation,belief,recommender,yes,accepted,,
belief_757,9505,validation,belief,recommender,no,accepted,,
belief_758,9505,validation,belief,recommender,yes,accepted,,
belief_759,9505,validation,belief,recommender,yes,declined,,
belief_816,10109,validation,belief,recommender,yes,declined,,
belief_817,10109,validation,belief,recommender,yes,accepted,,
belief_818,10109,validation,belief,recommender,yes,accepted,,
belief_819,10109,validation,belief,recommender,no,accepted,,
belief_820,10109,validation,belief,recommender,yes,accepted,,
belief_821,10109,validation,belief,seeker,yes,,likes,
belief_867,10623,validation,belief,recommender,no,accepted,,
belief_868,10623,validation,belief,recommender,yes,declined,,
belief_869,10623,validation,belief,recommender,yes,accepted,,
belief_944,11282,validation,belief,recommender,no,accepted,,
belief_945,11282,validation,belief,recommender,no,declined,,
belief_946,11282,validation,belief,recommender,no,accepted,,
belief_968,11566,validation,belief,seeker,yes,,likes,
belief_969,11587,validation,belief,recommender,no,accepted,,
belief_970,11587,validation,belief,recommender,no,accepted,,
belief_971,11587,validation,belief,recommender,no,accepted,,
belief_972,11587,validation,belief,recommender,yes,declined,,
belief_1068,13557,validation,belief,recommender,yes,accepted,,
belief_1069,13557,validation,belief,recommender,yes,accepted,,
belief_1070,13557,validation,belief,recommender,yes,accepted,,
belief_1071,13557,validation,belief,recommender,yes,accepted,,
belief_1205,14663,validation,belief,recommender,no,declined,,
belief_1206,14663,validation,belief,recommender,yes,accepted,,
belief_1207,14663,validation,belief,recommender,no,declined,,
belief_1208,14663,validation,belief,recommender,no,accepted,,
belief_1209,14663,validation,belief,recommender,no,accepted,,
belief_1244,15120,validation,belief,recommender,no,declined,,
belief_1245,15120,validation,belief,recommender,no,accepted,,
belief_1246,15120,validation,belief,recommender,yes,accepted,,
belief_1261,16068,validation,belief,recommender,yes,declined,,
belief_1262,16068,validation,belief,recommender,yes,declined,,
belief_1263,16068,validation,belief,recommender,no,accepted,,
belief_1264,16068,validation,belief,seeker,yes,,likes,
belief_1265,16068,validation,belief,seeker,yes,,likes,
belief_1266,16068,validation,belief,recommender,no,accepted,,
belief_1304,16797,validation,belief,seeker,yes,,dislikes,
belief_1305,16797,validation,belief,seeker,yes,,likes,
belief_1306,16797,validation,belief,recommender,yes,accepted,,
belief_1307,16797,validation,belief,seeker,yes,,likes,
belief_1308,16797,validation,belief,recommender,yes,declined,,
belief_1309,16797,validation,belief,seeker,yes,,likes,
belief_1310,16797,validation,belief,recommender,yes,accepted,,
belief_1311,16797,validation,belief,seeker,yes,,likes,
belief_1411,17894,validation,belief,recommender,no,accepted,,
belief_1412,17894,validation,belief,seeker,yes,,likes,
belief_1413,17894,validation,belief,recommender,yes,accepted,,
belief_1414,17894,validation,belief,seeker,yes,,likes,
belief_1415,17894,validation,belief,recommender,yes,accepted,,
belief_1416,17894,validation,belief,recommender,yes,declined,,
belief_1441,18372,validation,belief,recommender,no,accepted,,
belief_1442,18372,validation,belief,recommender,no,accepted,,
belief_1504,19183,validation,belief,recommender,yes,accepted,,
belief_1505,19183,validation,belief,recommender,yes,accepted,,
belief_1506,19183,validation,belief,recommender,yes,declined,,
belief_1507,19183,validation,belief,seeker,no,,likes,
belief_1508,19183,validation,belief,seeker,yes,,likes,
belief_1509,19183,validation,belief,seeker,yes,,dislikes,
belief_1510,19183,validation,belief,recommender,yes,accepted,,
belief_1511,19183,validation,belief,recommender,no,accepted,,
belief_1512,19183,validation,belief,recommender,yes,accepted,,
belief_1513,19290,validation,belief,seeker,yes,,likes,
belief_1514,19290,validation,belief,recommender,yes,declined,,
belief_1532,19444,validation,belief,seeker,yes,,likes,
belief_1533,19444,validation,belief,recommender,yes,accepted,,
belief_1534,19444,validation,belief,seeker,yes,,likes,
belief_1535,19444,validation,belief,recommender,yes,declined,,
belief_1536,19444,validation,belief,recommender,yes,accepted,,
belief_1537,19444,validation,belief,seeker,yes,,likes,
belief_1538,19497,validation,belief,recommender,no,accepted,,
belief_1539,19497,validation,belief,recommender,yes,declined,,
belief_1540,19497,validation,belief,recommender,yes,accepted,,
belief_1541,19497,validation,belief,recommender,no,accepted,,
belief_1542,19497,validation,belief,recommender,yes,accepted,,
belief_1543,19497,validation,belief,recommender,no,accepted,,
belief_1544,19497,validation,belief,recommender,yes,declined,,
belief_1561,19664,validation,belief,recommender,yes,accepted,,
belief_1562,19664,validation,belief,seeker,yes,,likes,
belief_1563,19664,validation,belief,recommender,no,accepted,,
belief_1564,19664,validation,belief,recommender,no,declined,,
belief_1627,21358,validation,belief,recommender,yes,accepted,,
belief_1628,21358,validation,belief,recommender,yes,declined,,
belief_1629,21358,validation,belief,recommender,yes,accepted,,
belief_1630,21358,validation,belief,recommender,no,accepted,,
belief_1701,22135,validation,belief,seeker,yes,,likes,
belief_1702,22135,validation,belief,recommender,yes,accepted,,
belief_1751,23007,validation,belief,recommender,no,accepted,,
belief_1752,23007,validation,belief,recommender,no,declined,,
belief_1753,23007,validation,belief,recommender,no,declined,,
belief_1754,23007,validation,belief,recommender,yes,accepted,,
belief_1755,23007,validation,belief,seeker,yes,,likes,
desire_82,1238,validation,desire,,,,,no
desire_83,1238,validation,desire,,,,,no
desire_84,1238,validation,desire,,,,,yes
desire_85,1238,validation,desire,,,,,yes
desire_209,3089,validation,desire,,,,,no
desire_210,3089,validation,desire,,,,,yes
desire_211,3089,validation,desire,,,,,yes
desire_212,3089,validation,desire,,,,,yes
desire_298,6434,validation,desire,,,,,no
desire_299,6434,validation,desire,,,,,yes
desire_300,6434,validation,desire,,,,,yes
desire_301,6434,validation,desire,,,,,no
desire_302,6499,validation,desire,,,,,yes
desire_303,6499,validation,desire,,,,,yes
desire_304,6499,validation,desire,,,,,yes
desire_305,6499,validation,desire,,,,,no
desire_306,6499,validation,desire,,,,,yes
desire_311,6655,validation,desire,,,,,yes
desire_312,6655,validation,desire,,,,,no
desire_313,6655,validation,desire,,,,,yes
desire_314,6655,validation,desire,,,,,yes
desire_340,6827,validation,desire,,,,,yes
desire_341,6827,validation,desire,,,,,yes
desire_342,6827,validation,desire,,,,,yes
desire_343,6827,validation,desire,,,,,yes
desire_344,6827,validation,desire,,,,,no
desire_350,6856,validation,desire,,,,,yes
desire_351,6856,validation,desire,,,,,yes
desire_352,6856,validation,desire,,,,,no
desire_353,6856,validation,desire,,,,,no
desire_362,6926,validation,desire,,,,,yes
desire_363,6926,validation,desire,,,,,yes
desire_364,6926,validation,desire,,,,,no
desire_365,6926,validation,desire,,,,,yes
desire_366,6926,validation,desire,,,,,yes
desire_367,6926,validation,desire,,,,,yes
desire_388,7120,validation,desire,,,,,no
desire_389,7120,validation,desire,,,,,yes
desire_390,7120,validation,desire,,,,,yes
desire_391,7120,validation,desire,,,,,no
desire_392,7120,validation,desire,,,,,yes
desire_446,7840,validation,desire,,,,,yes
desire_447,7840,validation,desire,,,,,no
desire_448,7840,validation,desire,,,,,yes
desire_449,7840,validation,desire,,,,,yes
desire_450,7840,validation,desire,,,,,yes
desire_451,7840,validation,desire,,,,,yes
desire_452,7840,validation,desire,,,,,yes
desire_453,7840,validation,desire,,,,,yes
desire_470,7898,validation,desire,,,,,yes
desire_471,7898,validation,desire,,,,,no
desire_472,7898,validation,desire,,,,,yes
desire_473,7898,validation,desire,,,,,yes
desire_484,8216,validation,desire,,,,,yes
desire_485,8216,validation,desire,,,,,no
desire_486,8216,validation,desire,,,,,yes
desire_487,8216,validation,desire,,,,,yes
desire_488,8216,validation,desire,,,,,no
desire_489,8216,validation,desire,,,,,yes
desire_544,8874,validation,desire,,,,,yes
desire_545,8874,validation,desire,,,,,no
desire_546,8874,validation,desire,,,,,yes
desire_547,8874,validation,desire,,,,,yes
desire_548,8874,validation,desire,,,,,yes
desire_549,8874,validation,desire,,,,,no
desire_599,9505,validation,desire,,,,,yes
desire_600,9505,validation,desire,,,,,yes
desire_601,9505,validation,desire,,,,,no
desire_602,9505,validation,desire,,,,,yes
desire_603,9505,validation,desire,,,,,no
desire_650,10109,validation,desire,,,,,no
desire_651,10109,validation,desire,,,,,yes
desire_652,10109,validation,desire,,,,,yes
desire_653,10109,validation,desire,,,,,yes
desire_654,10109,validation,desire,,,,,yes
desire_689,10623,validation,desire,,,,,yes
desire_690,10623,validation,desire,,,,,no
desire_691,10623,validation,desire,,,,,yes
desire_758,11282,validation,desire,,,,,yes
desire_759,11282,validation,desire,,,,,no
desire_760,11282,validation,desire,,,,,yes
desire_778,11566,validation,desire,,,,,yes
desire_779,11566,validation,desire,,,,,no
desire_780,11566,validation,desire,,,,,no
desire_781,11566,validation,desire,,,,,yes
desire_782,11566,validation,desire,,,,,no
desire_783,11566,validation,desire,,,,,yes
desire_784,11587,validation,desire,,,,,yes
desire_785,11587,validation,desire,,,,,yes
desire_786,11587,validation,desire,,,,,yes
desire_787,11587,validation,desire,,,,,no
desire_872,13557,validation,desire,,,,,yes
desire_873,13557,validation,desire,,,,,no
desire_874,13557,validation,desire,,,,,yes
desire_875,13557,validation,desire,,,,,yes
desire_876,13557,validation,desire,,,,,no
desire_877,13557,validation,desire,,,,,yes
desire_987,14663,validation,desire,,,,,no
desire_988,14663,validation,desire,,,,,yes
desire_989,14663,validation,desire,,,,,no
desire_990,14663,validation,desire,,,,,yes
desire_991,14663,validation,desire,,,,,yes
desire_1019,15120,validation,desire,,,,,no
desire_1020,15120,validation,desire,,,,,yes
desire_1021,15120,validation,desire,,,,,yes
desire_1035,16068,validation,desire,,,,,no
desire_1036,16068,validation,desire,,,,,no
desire_1037,16068,validation,desire,,,,,yes
desire_1038,16068,validation,desire,,,,,yes
desire_1073,16797,validation,desire,,,,,yes
desire_1074,16797,validation,desire,,,,,no
desire_1075,16797,validation,desire,,,,,yes
desire_1154,17894,validation,desire,,,,,yes
desire_1155,17894,validation,desire,,,,,yes
desire_1156,17894,validation,desire,,,,,yes
desire_1157,17894,validation,desire,,,,,no
desire_1176,18372,validation,desire,,,,,no
desire_1177,18372,validation,desire,,,,,yes
desire_1178,18372,validation,desire,,,,,yes
desire_1179,18372,validation,desire,,,,,no
desire_1235,19183,validation,desire,,,,,yes
desire_1236,19183,validation,desire,,,,,yes
desire_1237,19183,validation,desire,,,,,no
desire_1238,19183,validation,desire,,,,,yes
desire_1239,19183,validation,desire,,,,,yes
desire_1240,19183,validation,desire,,,,,yes
desire_1241,19290,validation,desire,,,,,no
desire_1256,19444,validation,desire,,,,,yes
desire_1257,19444,validation,desire,,,,,no
desire_1258,19444,validation,desire,,,,,yes
desire_1259,19497,validation,desire,,,,,yes
desire_1260,19497,validation,desire,,,,,no
desire_1261,19497,validation,desire,,,,,yes
desire_1262,19497,validation,desire,,,,,yes
desire_1263,19497,validation,desire,,,,,yes
desire_1264,19497,validation,desire,,,,,yes
desire_1265,19497,validation,desire,,,,,no
desire_1279,19664,validation,desire,,,,,yes
desire_1280,19664,validation,desire,,,,,yes
desire_1281,19664,validation,desire,,,,,no
desire_1332,21358,validation,desire,,,,,yes
desire_1333,21358,validation,desire,,,,,no
desire_1334,21358,validation,desire,,,,,yes
desire_1335,21358,validation,desire,,,,,yes
desire_1400,22135,validation,desire,,,,,no
desire_1401,22135,validation,desire,,,,,no
desire_1402,22135,validation,desire,,,,,yes
desire_1403,22135,validation,desire,,,,,no
desire_1404,22135,validation,desire,,,,,no
desire_1438,23007,validation,desire,,,,,yes
desire_1439,23007,validation,desire,,,,,no
desire_1440,23007,validation,desire,,,,,no
desire_1441,23007,validation,desire,,,,,yes
belief_0,474,test,belief,seeker,yes,,likes,
belief_1,474,test,belief,seeker,yes,,likes,
belief_2,474,test,belief,recommender,no,accepted,,
belief_3,474,test,belief,recommender,yes,declined,,
belief_4,474,test,belief,recommender,no,declined,,
belief_5,474,test,belief,seeker,yes,,likes,
belief_6,474,test,belief,recommender,yes,accepted,,
belief_7,474,test,belief,recommender,yes,accepted,,
belief_8,474,test,belief,seeker,yes,,dislikes,
belief_9,474,test,belief,seeker,yes,,likes,
belief_124,1495,test,belief,recommender,no,declined,,
belief_125,1495,test,belief,recommender,no,accepted,,
belief_126,1495,test,belief,recommender,yes,accepted,,
belief_127,1495,test,belief,seeker,yes,,likes,
belief_128,1495,test,belief,recommender,no,accepted,,
belief_129,1495,test,belief,recommender,no,accepted,,
belief_130,1495,test,belief,recommender,no,accepted,,
belief_131,1495,test,belief,recommender,no,accepted,,
belief_143,1507,test,belief,recommender,yes,declined,,
belief_144,1507,test,belief,seeker,yes,,likes,
belief_145,1507,test,belief,seeker,yes,,likes,
belief_146,1507,test,belief,recommender,yes,accepted,,
belief_147,1507,test,belief,seeker,yes,,likes,
belief_148,1507,test,belief,recommender,yes,accepted,,
belief_149,1507,test,belief,recommender,yes,accepted,,
belief_150,1509,test,belief,recommender,yes,declined,,
belief_151,1509,test,belief,seeker,yes,,likes,
belief_152,1509,test,belief,seeker,yes,,likes,
belief_153,1509,test,belief,recommender,no,accepted,,
belief_154,1509,test,belief,seeker,yes,,likes,
belief_155,1509,test,belief,recommender,yes,accepted,,
belief_156,1509,test,belief,seeker,yes,,likes,
belief_231,2252,test,belief,recommender,yes,accepted,,
belief_232,2252,test,belief,recommender,yes,accepted,,
belief_233,2252,test,belief,seeker,yes,,likes,
belief_234,2252,test,belief,recommender,yes,accepted,,
belief_235,2252,test,belief,recommender,yes,accepted,,
belief_236,2252,test,belief,seeker,yes,,likes,
belief_237,2252,test,belief,seeker,yes,,likes,
belief_238,2252,test,belief,recommender,yes,declined,,
belief_259,2349,test,belief,recommender,no,accepted,,
belief_260,2349,test,belief,recommender,no,accepted,,
belief_261,2349,test,belief,recommender,yes,accepted,,
belief_262,2349,test,belief,seeker,no,,likes,
belief_263,2349,test,belief,recommender,yes,declined,,
belief_264,2369,test,belief,seeker,yes,,likes,
belief_265,2369,test,belief,recommender,yes,accepted,,
belief_266,2369,test,belief,recommender,yes,accepted,,
belief_267,2369,test,belief,seeker,yes,,likes,
belief_268,2369,test,belief,seeker,yes,,likes,
belief_269,2369,test,belief,recommender,no,accepted,,
belief_270,2369,test,belief,recommender,yes,accepted,,
belief_271,2369,test,belief,seeker,yes,,likes,
belief_272,2369,test,belief,recommender,yes,declined,,
belief_273,2369,test,belief,seeker,yes,,likes,
belief_280,2630,test,belief,recommender,yes,accepted,,
belief_281,2630,test,belief,recommender,yes,accepted,,
belief_282,2630,test,belief,recommender,no,declined,,
belief_283,2630,test,belief,recommender,yes,accepted,,
belief_321,3828,test,belief,recommender,yes,declined,,
belief_322,3828,test,belief,recommender,no,accepted,,
belief_323,3828,test,belief,recommender,yes,declined,,
belief_324,3828,test,belief,recommender,yes,accepted,,
belief_325,3828,test,belief,seeker,yes,,likes,
belief_326,3828,test,belief,recommender,yes,accepted,,
belief_350,4529,test,belief,recommender,yes,accepted,,
belief_351,4529,test,belief,recommender,yes,accepted,,
belief_352,4529,test,belief,recommender,yes,accepted,,
belief_353,4529,test,belief,recommender,yes,declined,,
belief_354,4529,test,belief,recommender,yes,accepted,,
belief_355,4529,test,belief,seeker,yes,,likes,
belief_356,4669,test,belief,seeker,yes,,likes,
belief_357,4669,test,belief,recommender,yes,declined,,
belief_358,4669,test,belief,recommender,yes,accepted,,
belief_359,4669,test,belief,recommender,yes,accepted,,
belief_360,4669,test,belief,recommender,yes,declined,,
belief_373,5802,test,belief,recommender,yes,accepted,,
belief_374,5802,test,belief,recommender,no,accepted,,
belief_375,5802,test,belief,recommender,yes,declined,,
belief_376,5802,test,belief,recommender,no,accepted,,
belief_377,5919,test,belief,recommender,no,accepted,,
belief_378,5919,test,belief,seeker,yes,,likes,
belief_379,5919,test,belief,recommender,yes,accepted,,
belief_380,5919,test,belief,recommender,no,declined,,
belief_381,5919,test,belief,seeker,yes,,likes,
belief_382,5919,test,belief,recommender,no,accepted,,
belief_391,6009,test,belief,recommender,yes,accepted,,
belief_392,6009,test,belief,recommender,yes,accepted,,
belief_393,6009,test,belief,recommender,no,accepted,,
belief_394,6009,test,belief,recommender,no,accepted,,
belief_395,6009,test,belief,recommender,yes,declined,,
belief_396,6009,test,belief,recommender,yes,accepted,,
belief_397,6325,test,belief,recommender,yes,accepted,,
belief_398,6325,test,belief,seeker,yes,,likes,
belief_399,6325,test,belief,recommender,yes,accepted,,
belief_400,6325,test,belief,recommender,yes,accepted,,
belief_401,6325,test,belief,seeker,yes,,likes,
belief_402,6325,test,belief,recommender,yes,accepted,,
belief_403,6325,test,belief,recommender,yes,declined,,
belief_423,6708,test,belief,seeker,yes,,likes,
belief_424,6708,test,belief,recommender,no,accepted,,
belief_425,6708,test,belief,recommender,yes,accepted,,
belief_426,6708,test,belief,recommender,no,declined,,
belief_427,6708,test,belief,recommender,yes,declined,,
belief_428,6708,test,belief,recommender,yes,declined,,
belief_437,6778,test,belief,recommender,yes,declined,,
belief_438,6778,test,belief,recommender,no,accepted,,
belief_439,6778,test,belief,recommender,no,accepted,,
belief_468,6866,test,belief,seeker,yes,,likes,
belief_469,6866,test,belief,recommender,no,accepted,,
belief_470,6866,test,belief,recommender,yes,declined,,
belief_471,6866,test,belief,recommender,yes,accepted,,
belief_472,6866,test,belief,recommender,yes,accepted,,
belief_489,6940,test,belief,recommender,no,declined,,
belief_490,6940,test,belief,recommender,no,accepted,,
belief_491,6940,test,belief,seeker,yes,,likes,
belief_492,6940,test,belief,recommender,yes,accepted,,
belief_493,6940,test,belief,seeker,yes,,likes,
belief_494,6940,test,belief,recommender,yes,accepted,,
belief_515,7180,test,belief,recommender,yes,accepted,,
belief_516,7180,test,belief,recommender,yes,accepted,,
belief_517,7180,test,belief,recommender,no,accepted,,
belief_591,7851,test,belief,recommender,yes,accepted,,
belief_592,7851,test,belief,recommender,yes,accepted,,
belief_593,7851,test,belief,recommender,no,accepted,,
belief_594,7851,test,belief,recommender,no,declined,,
belief_595,7851,test,belief,recommender,yes,accepted,,
belief_645,8281,test,belief,recommender,no,accepted,,
belief_646,8281,test,belief,seeker,yes,,likes,
belief_647,8281,test,belief,recommender,yes,declined,,
belief_648,8281,test,belief,recommender,yes,accepted,,
belief_649,8281,test,belief,recommender,yes,accepted,,
belief_650,8331,test,belief,recommender,no,declined,,
belief_651,8331,test,belief,recommender,no,accepted,,
belief_652,8331,test,belief,recommender,yes,accepted,,
belief_653,8331,test,belief,recommender,yes,declined,,
belief_654,8331,test,belief,recommender,yes,accepted,,
belief_724,9336,test,belief,recommender,no,accepted,,
belief_725,9336,test,belief,recommender,no,accepted,,
belief_726,9336,test,belief,recommender,yes,accepted,,
belief_727,9336,test,belief,recommender,no,declined,,
belief_728,9336,test,belief,seeker,yes,,likes,
belief_776,9693,test,belief,recommender,no,accepted,,
belief_777,9693,test,belief,seeker,yes,,likes,
belief_778,9693,test,belief,seeker,yes,,likes,
belief_779,9693,test,belief,recommender,no,declined,,
belief_833,10336,test,belief,recommender,no,declined,,
belief_834,10336,test,belief,recommender,yes,accepted,,
belief_835,10336,test,belief,recommender,no,accepted,,
belief_836,10336,test,belief,recommender,no,accepted,,
belief_853,10597,test,belief,recommender,no,accepted,,
belief_854,10597,test,belief,seeker,yes,,likes,
belief_855,10597,test,belief,recommender,no,accepted,,
belief_856,10597,test,belief,recommender,yes,accepted,,
belief_857,10597,test,belief,seeker,yes,,likes,
belief_858,10597,test,belief,recommender,no,declined,,
belief_877,10695,test,belief,recommender,yes,accepted,,
belief_878,10695,test,belief,recommender,yes,accepted,,
belief_879,10695,test,belief,recommender,yes,accepted,,
belief_880,10695,test,belief,seeker,yes,,likes,
belief_881,10695,test,belief,seeker,yes,,likes,
belief_882,10695,test,belief,recommender,no,declined,,
belief_883,10695,test,belief,seeker,yes,,likes,
belief_894,10972,test,belief,recommender,no,accepted,,
belief_895,10972,test,belief,recommender,no,accepted,,
belief_896,10972,test,belief,recommender,no,accepted,,
belief_897,10972,test,belief,recommender,no,accepted,,
belief_898,10972,test,belief,recommender,no,declined,,
belief_923,11107,test,belief,seeker,yes,,likes,
belief_924,11107,test,belief,recommender,no,accepted,,
belief_925,11107,test,belief,recommender,yes,accepted,,
belief_926,11107,test,belief,seeker,yes,,likes,
belief_927,11107,test,belief,recommender,yes,accepted,,
belief_928,11107,test,belief,seeker,yes,,likes,
belief_929,11107,test,belief,recommender,yes,declined,,
belief_933,11245,test,belief,recommender,yes,accepted,,
belief_934,11245,test,belief,recommender,yes,accepted,,
belief_935,11245,test,belief,recommender,yes,declined,,
belief_936,11245,test,belief,recommender,no,accepted,,
belief_973,11616,test,belief,recommender,no,declined,,
belief_974,11616,test,belief,recommender,no,accepted,,
belief_975,11616,test,belief,recommender,yes,accepted,,
belief_976,11616,test,belief,recommender,yes,accepted,,
belief_977,11788,test,belief,recommender,no,accepted,,
belief_978,11788,test,belief,recommender,no,declined,,
belief_979,11788,test,belief,recommender,no,accepted,,
belief_980,11854,test,belief,recommender,yes,accepted,,
belief_981,11854,test,belief,seeker,yes,,likes,
belief_982,11854,test,belief,recommender,yes,declined,,
belief_987,12138,test,belief,recommender,no,declined,,
belief_988,12138,test,belief,recommender,no,declined,,
belief_989,12138,test,belief,recommender,yes,accepted,,
belief_990,12138,test,belief,recommender,yes,accepted,,
belief_991,12138,test,belief,seeker,yes,,likes,
belief_992,12138,test,belief,seeker,yes,,likes,
belief_1020,13013,test,belief,recommender,no,accepted,,
belief_1021,13013,test,belief,recommender,no,declined,,
belief_1022,13013,test,belief,recommender,no,accepted,,
belief_1023,13013,test,belief,recommender,no,accepted,,
belief_1033,13240,test,belief,recommender,no,accepted,,
belief_1034,13240,test,belief,recommender,yes,accepted,,
belief_1035,13240,test,belief,recommender,no,declined,,
belief_1036,13240,test,belief,recommender,yes,accepted,,
belief_1064,13526,test,belief,recommender,no,accepted,,
belief_1065,13526,test,belief,recommender,yes,declined,,
belief_1066,13526,test,belief,recommender,no,accepted,,
belief_1067,13526,test,belief,recommender,yes,accepted,,
belief_1076,13715,test,belief,recommender,no,accepted,,
belief_1077,13715,test,belief,recommender,yes,accepted,,
belief_1078,13715,test,belief,recommender,no,accepted,,
belief_1079,13715,test,belief,seeker,yes,,dislikes,
belief_1080,13715,test,belief,recommender,no,declined,,
belief_1081,13787,test,belief,recommender,no,declined,,
belief_1082,13787,test,belief,recommender,no,accepted,,
belief_1083,13787,test,belief,recommender,yes,accepted,,
belief_1084,13787,test,belief,recommender,yes,accepted,,
belief_1085,13787,test,belief,seeker,yes,,likes,
belief_1091,13964,test,belief,recommender,no,accepted,,
belief_1092,13964,test,belief,recommender,no,accepted,,
belief_1093,13964,test,belief,recommender,no,accepted,,
belief_1094,13964,test,belief,recommender,no,declined,,
belief_1095,13964,test,belief,recommender,no,accepted,,
belief_1102,14045,test,belief,recommender,yes,accepted,,
belief_1103,14045,test,belief,recommender,no,accepted,,
belief_1104,14045,test,belief,seeker,yes,,likes,
belief_1105,14045,test,belief,seeker,yes,,likes,
belief_1106,14045,test,belief,recommender,yes,declined,,
belief_1107,14045,test,belief,recommender,yes,accepted,,
belief_1108,14087,test,belief,seeker,yes,,likes,
belief_1109,14087,test,belief,recommender,no,accepted,,
belief_1110,14087,test,belief,recommender,yes,declined,,
belief_1111,14087,test,belief,recommender,no,accepted,,
belief_1112,14087,test,belief,recommender,no,declined,,
belief_1113,14087,test,belief,recommender,no,accepted,,
belief_1135,14197,test,belief,recommender,yes,accepted,,
belief_1136,14197,test,belief,seeker,yes,,likes,
belief_1137,14197,test,belief,recommender,yes,accepted,,
belief_1138,14197,test,belief,recommender,no,accepted,,
belief_1139,14197,test,belief,recommender,yes,declined,,
belief_1212,14849,test,belief,recommender,no,accepted,,
belief_1213,14849,test,belief,recommender,yes,declined,,
belief_1214,14849,test,belief,recommender,no,accepted,,
belief_1215,14849,test,belief,recommender,no,accepted,,
belief_1216,14849,test,belief,seeker,yes,,likes,
belief_1217,14887,test,belief,seeker,yes,,likes,
belief_1218,14887,test,belief,recommender,no,accepted,,
belief_1219,14887,test,belief,recommender,no,declined,,
belief_1220,14887,test,belief,recommender,no,accepted,,
belief_1269,16354,test,belief,recommender,yes,accepted,,
belief_1270,16354,test,belief,recommender,yes,declined,,
belief_1271,16354,test,belief,recommender,yes,accepted,,
belief_1272,16354,test,belief,recommender,yes,accepted,,
belief_1273,16354,test,belief,recommender,yes,accepted,,
belief_1278,16581,test,belief,recommender,yes,declined,,
belief_1279,16581,test,belief,recommender,yes,accepted,,
belief_1280,16581,test,belief,recommender,no,accepted,,
belief_1281,16581,test,belief,seeker,yes,,likes,
belief_1282,16581,test,belief,recommender,yes,accepted,,
belief_1283,16663,test,belief,recommender,no,declined,,
belief_1284,16663,test,belief,recommender,yes,accepted,,
belief_1285,16663,test,belief,seeker,yes,,likes,
belief_1286,16663,test,belief,recommender,no,accepted,,
belief_1287,16663,test,belief,recommender,no,accepted,,
belief_1316,16868,test,belief,recommender,yes,declined,,
belief_1317,16868,test,belief,recommender,yes,accepted,,
belief_1318,16868,test,belief,recommender,yes,accepted,,
belief_1319,16868,test,belief,seeker,yes,,likes,
belief_1320,16868,test,belief,recommender,no,accepted,,
belief_1321,16868,test,belief,recommender,yes,accepted,,
belief_1345,17125,test,belief,recommender,yes,accepted,,
belief_1346,17125,test,belief,recommender,no,accepted,,
belief_1347,17125,test,belief,recommender,yes,accepted,,
belief_1348,17125,test,belief,recommender,no,declined,,
belief_1357,17512,test,belief,recommender,no,declined,,
belief_1358,17512,test,belief,recommender,no,declined,,
belief_1359,17512,test,belief,seeker,yes,,likes,
belief_1360,17512,test,belief,recommender,no,accepted,,
belief_1417,17911,test,belief,seeker,yes,,likes,
belief_1418,17911,test,belief,seeker,yes,,likes,
belief_1419,17911,test,belief,recommender,no,declined,,
belief_1420,17911,test,belief,recommender,no,accepted,,
belief_1421,17911,test,belief,recommender,yes,accepted,,
belief_1422,17911,test,belief,recommender,yes,accepted,,
belief_1460,18692,test,belief,recommender,yes,accepted,,
belief_1461,18692,test,belief,recommender,no,declined,,
belief_1462,18692,test,belief,seeker,yes,,likes,
belief_1463,18692,test,belief,seeker,yes,,likes,
belief_1469,18817,test,belief,recommender,yes,accepted,,
belief_1470,18817,test,belief,recommender,yes,declined,,
belief_1526,19367,test,belief,recommender,no,accepted,,
belief_1527,19367,test,belief,recommender,yes,accepted,,
belief_1528,19367,test,belief,seeker,yes,,likes,
belief_1529,19367,test,belief,seeker,yes,,likes,
belief_1530,19367,test,belief,recommender,yes,accepted,,
belief_1531,19367,test,belief,recommender,no,declined,,
belief_1571,19877,test,belief,recommender,no,declined,,
belief_1572,19877,test,belief,recommender,no,declined,,
belief_1573,19877,test,belief,seeker,yes,,likes,
belief_1574,19877,test,belief,seeker,yes,,likes,
belief_1575,19877,test,belief,recommender,yes,accepted,,
belief_1592,20778,test,belief,seeker,yes,,likes,
belief_1593,20778,test,belief,recommender,yes,accepted,,
belief_1594,20778,test,belief,recommender,yes,declined,,
belief_1595,20778,test,belief,recommender,yes,accepted,,
belief_1609,21114,test,belief,recommender,yes,declined,,
belief_1610,21114,test,belief,recommender,yes,accepted,,
belief_1611,21114,test,belief,recommender,yes,accepted,,
belief_1612,21192,test,belief,recommender,yes,accepted,,
belief_1613,21192,test,belief,recommender,yes,accepted,,
belief_1614,21192,test,belief,seeker,yes,,likes,
belief_1615,21192,test,belief,recommender,no,declined,,
belief_1616,21192,test,belief,seeker,yes,,likes,
belief_1617,21192,test,belief,recommender,yes,accepted,,
belief_1618,21192,test,belief,seeker,yes,,likes,
belief_1619,21192,test,belief,recommender,yes,accepted,,
belief_1620,21333,test,belief,recommender,yes,declined,,
belief_1621,21333,test,belief,recommender,yes,accepted,,
belief_1622,21333,test,belief,recommender,yes,declined,,
belief_1631,21364,test,belief,recommender,no,accepted,,
belief_1632,21364,test,belief,recommender,yes,accepted,,
belief_1633,21364,test,belief,recommender,yes,accepted,,
belief_1634,21364,test,belief,recommender,no,declined,,
belief_1640,21529,test,belief,recommender,yes,accepted,,
belief_1641,21529,test,belief,recommender,no,accepted,,
belief_1642,21529,test,belief,recommender,no,declined,,
belief_1643,21529,test,belief,recommender,no,declined,,
belief_1672,21941,test,belief,recommender,yes,accepted,,
belief_1673,21941,test,belief,recommender,no,declined,,
belief_1674,21941,test,belief,seeker,yes,,likes,
belief_1675,21941,test,belief,recommender,no,accepted,,
belief_1676,21941,test,belief,recommender,no,accepted,,
belief_1677,21954,test,belief,recommender,yes,accepted,,
belief_1678,21954,test,belief,recommender,no,accepted,,
belief_1679,21954,test,belief,recommender,no,accepted,,
belief_1680,21954,test,belief,recommender,yes,declined,,
belief_1681,21954,test,belief,seeker,yes,,likes,
belief_1685,21968,test,belief,recommender,yes,declined,,
belief_1686,21968,test,belief,recommender,yes,declined,,
belief_1687,21968,test,belief,recommender,yes,accepted,,
belief_1688,21968,test,belief,recommender,yes,accepted,,
belief_1689,21968,test,belief,seeker,yes,,likes,
belief_1746,22918,test,belief,recommender,yes,declined,,
belief_1747,22918,test,belief,recommender,yes,declined,,
belief_1748,22918,test,belief,recommender,no,accepted,,
belief_1749,22918,test,belief,seeker,yes,,likes,
belief_1750,22918,test,belief,seeker,yes,,likes,
desire_0,474,test,desire,,,,,yes
desire_1,474,test,desire,,,,,no
desire_2,474,test,desire,,,,,no
desire_3,474,test,desire,,,,,yes
desire_4,474,test,desire,,,,,yes
desire_93,1495,test,desire,,,,,no
desire_94,1495,test,desire,,,,,yes
desire_95,1495,test,desire,,,,,yes
desire_96,1495,test,desire,,,,,yes
desire_97,1495,test,desire,,,,,yes
desire_98,1495,test,desire,,,,,yes
desire_99,1495,test,desire,,,,,yes
desire_106,1507,test,desire,,,,,no
desire_107,1507,test,desire,,,,,yes
desire_108,1507,test,desire,,,,,yes
desire_109,1507,test,desire,,,,,yes
desire_110,1509,test,desire,,,,,no
desire_111,1509,test,desire,,,,,yes
desire_112,1509,test,desire,,,,,yes
desire_163,2252,test,desire,,,,,yes
desire_164,2252,test,desire,,,,,yes
desire_165,2252,test,desire,,,,,yes
desire_166,2252,test,desire,,,,,yes
desire_167,2252,test,desire,,,,,no
desire_181,2349,test,desire,,,,,yes
desire_182,2349,test,desire,,,,,yes
desire_183,2349,test,desire,,,,,yes
desire_184,2349,test,desire,,,,,no
desire_185,2369,test,desire,,,,,yes
desire_186,2369,test,desire,,,,,yes
desire_187,2369,test,desire,,,,,yes
desire_188,2369,test,desire,,,,,yes
desire_189,2369,test,desire,,,,,no
desire_195,2630,test,desire,,,,,yes
desire_196,2630,test,desire,,,,,yes
desire_197,2630,test,desire,,,,,no
desire_198,2630,test,desire,,,,,yes
desire_227,3828,test,desire,,,,,no
desire_228,3828,test,desire,,,,,yes
desire_229,3828,test,desire,,,,,no
desire_230,3828,test,desire,,,,,yes
desire_231,3828,test,desire,,,,,yes
desire_253,4529,test,desire,,,,,yes
desire_254,4529,test,desire,,,,,yes
desire_255,4529,test,desire,,,,,yes
desire_256,4529,test,desire,,,,,no
desire_257,4529,test,desire,,,,,yes
desire_258,4669,test,desire,,,,,no
desire_259,4669,test,desire,,,,,yes
desire_260,4669,test,desire,,,,,yes
desire_261,4669,test,desire,,,,,no
desire_271,5802,test,desire,,,,,yes
desire_272,5802,test,desire,,,,,yes
desire_273,5802,test,desire,,,,,no
desire_274,5802,test,desire,,,,,yes
desire_275,5919,test,desire,,,,,yes
desire_276,5919,test,desire,,,,,yes
desire_277,5919,test,desire,,,,,no
desire_278,5919,test,desire,,,,,yes
desire_287,6009,test,desire,,,,,yes
desire_288,6009,test,desire,,,,,yes
desire_289,6009,test,desire,,,,,yes
desire_290,6009,test,desire,,,,,yes
desire_291,6009,test,desire,,,,,no
desire_292,6009,test,desire,,,,,yes
desire_293,6325,test,desire,,,,,yes
desire_294,6325,test,desire,,,,,yes
desire_295,6325,test,desire,,,,,yes
desire_296,6325,test,desire,,,,,yes
desire_297,6325,test,desire,,,,,no
desire_315,6708,test,desire,,,,,yes
desire_316,6708,test,desire,,,,,yes
desire_317,6708,test,desire,,,,,no
desire_318,6708,test,desire,,,,,no
desire_319,6708,test,desire,,,,,no
desire_327,6778,test,desire,,,,,no
desire_328,6778,test,desire,,,,,yes
desire_329,6778,test,desire,,,,,yes
desire_354,6866,test,desire,,,,,yes
desire_355,6866,test,desire,,,,,no
desire_356,6866,test,desire,,,,,yes
desire_357,6866,test,desire,,,,,yes
desire_373,6940,test,desire,,,,,no
desire_374,6940,test,desire,,,,,yes
desire_375,6940,test,desire,,,,,yes
desire_376,6940,test,desire,,,,,yes
desire_393,7180,test,desire,,,,,yes
desire_394,7180,test,desire,,,,,yes
desire_395,7180,test,desire,,,,,yes
desire_454,7851,test,desire,,,,,yes
desire_455,7851,test,desire,,,,,yes
desire_456,7851,test,desire,,,,,yes
desire_457,7851,test,desire,,,,,no
desire_458,7851,test,desire,,,,,yes
desire_502,8281,test,desire,,,,,yes
desire_503,8281,test,desire,,,,,no
desire_504,8281,test,desire,,,,,yes
desire_505,8281,test,desire,,,,,yes
desire_506,8331,test,desire,,,,,no
desire_507,8331,test,desire,,,,,yes
desire_508,8331,test,desire,,,,,yes
desire_509,8331,test,desire,,,,,no
desire_510,8331,test,desire,,,,,yes
desire_573,9336,test,desire,,,,,yes
desire_574,9336,test,desire,,,,,yes
desire_575,9336,test,desire,,,,,yes
desire_576,9336,test,desire,,,,,no
desire_615,9693,test,desire,,,,,yes
desire_616,9693,test,desire,,,,,yes
desire_617,9693,test,desire,,,,,no
desire_664,10336,test,desire,,,,,no
desire_665,10336,test,desire,,,,,yes
desire_666,10336,test,desire,,,,,yes
desire_667,10336,test,desire,,,,,yes
desire_680,10597,test,desire,,,,,yes
desire_681,10597,test,desire,,,,,yes
desire_682,10597,test,desire,,,,,yes
desire_683,10597,test,desire,,,,,no
desire_697,10695,test,desire,,,,,yes
desire_698,10695,test,desire,,,,,no
desire_699,10695,test,desire,,,,,yes
desire_700,10695,test,desire,,,,,yes
desire_701,10695,test,desire,,,,,no
desire_702,10695,test,desire,,,,,no
desire_703,10695,test,desire,,,,,no
desire_714,10972,test,desire,,,,,yes
desire_715,10972,test,desire,,,,,yes
desire_716,10972,test,desire,,,,,yes
desire_717,10972,test,desire,,,,,yes
desire_718,10972,test,desire,,,,,no
desire_740,11107,test,desire,,,,,yes
desire_741,11107,test,desire,,,,,yes
desire_742,11107,test,desire,,,,,yes
desire_743,11107,test,desire,,,,,no
desire_747,11245,test,desire,,,,,yes
desire_748,11245,test,desire,,,,,yes
desire_749,11245,test,desire,,,,,no
desire_750,11245,test,desire,,,,,yes
desire_788,11616,test,desire,,,,,no
desire_789,11616,test,desire,,,,,yes
desire_790,11616,test,desire,,,,,yes
desire_791,11616,test,desire,,,,,yes
desire_792,11788,test,desire,,,,,yes
desire_793,11788,test,desire,,,,,no
desire_794,11788,test,desire,,,,,yes
desire_795,11788,test,desire,,,,,yes
desire_796,11854,test,desire,,,,,yes
desire_797,11854,test,desire,,,,,no
desire_802,12138,test,desire,,,,,no
desire_803,12138,test,desire,,,,,no
desire_804,12138,test,desire,,,,,yes
desire_805,12138,test,desire,,,,,yes
desire_828,13013,test,desire,,,,,yes
desire_829,13013,test,desire,,,,,no
desire_830,13013,test,desire,,,,,yes
desire_831,13013,test,desire,,,,,yes
desire_839,13240,test,desire,,,,,yes
desire_840,13240,test,desire,,,,,yes
desire_841,13240,test,desire,,,,,no
desire_842,13240,test,desire,,,,,yes
desire_868,13526,test,desire,,,,,yes
desire_869,13526,test,desire,,,,,no
desire_870,13526,test,desire,,,,,yes
desire_871,13526,test,desire,,,,,yes
desire_882,13715,test,desire,,,,,yes
desire_883,13715,test,desire,,,,,yes
desire_884,13715,test,desire,,,,,yes
desire_885,13715,test,desire,,,,,no
desire_886,13787,test,desire,,,,,no
desire_887,13787,test,desire,,,,,yes
desire_888,13787,test,desire,,,,,yes
desire_889,13787,test,desire,,,,,yes
desire_894,13964,test,desire,,,,,yes
desire_895,13964,test,desire,,,,,yes
desire_896,13964,test,desire,,,,,yes
desire_897,13964,test,desire,,,,,no
desire_898,13964,test,desire,,,,,yes
desire_907,14045,test,desire,,,,,yes
desire_908,14045,test,desire,,,,,yes
desire_909,14045,test,desire,,,,,no
desire_910,14045,test,desire,,,,,yes
desire_911,14087,test,desire,,,,,yes
desire_912,14087,test,desire,,,,,no
desire_913,14087,test,desire,,,,,yes
desire_914,14087,test,desire,,,,,no
desire_915,14087,test,desire,,,,,yes
desire_930,14197,test,desire,,,,,yes
desire_931,14197,test,desire,,,,,yes
desire_932,14197,test,desire,,,,,yes
desire_933,14197,test,desire,,,,,no
desire_996,14849,test,desire,,,,,yes
desire_997,14849,test,desire,,,,,no
desire_998,14849,test,desire,,,,,yes
desire_999,14849,test,desire,,,,,yes
desire_1000,14887,test,desire,,,,,yes
desire_1001,14887,test,desire,,,,,no
desire_1002,14887,test,desire,,,,,yes
desire_1042,16354,test,desire,,,,,yes
desire_1043,16354,test,desire,,,,,no
desire_1044,16354,test,desire,,,,,yes
desire_1045,16354,test,desire,,,,,yes
desire_1046,16354,test,desire,,,,,yes
desire_1053,16581,test,desire,,,,,no
desire_1054,16581,test,desire,,,,,yes
desire_1055,16581,test,desire,,,,,yes
desire_1056,16581,test,desire,,,,,yes
desire_1057,16663,test,desire,,,,,no
desire_1058,16663,test,desire,,,,,yes
desire_1059,16663,test,desire,,,,,yes
desire_1060,16663,test,desire,,,,,yes
desire_1080,16868,test,desire,,,,,no
desire_1081,16868,test,desire,,,,,yes
desire_1082,16868,test,desire,,,,,yes
desire_1083,16868,test,desire,,,,,yes
desire_1084,16868,test,desire,,,,,yes
desire_1102,17125,test,desire,,,,,yes
desire_1103,17125,test,desire,,,,,yes
desire_1104,17125,test,desire,,,,,yes
desire_1105,17125,test,desire,,,,,no
desire_1114,17512,test,desire,,,,,no
desire_1115,17512,test,desire,,,,,no
desire_1116,17512,test,desire,,,,,no
desire_1117,17512,test,desire,,,,,yes
desire_1158,17911,test,desire,,,,,no
desire_1159,17911,test,desire,,,,,yes
desire_1160,17911,test,desire,,,,,yes
desire_1161,17911,test,desire,,,,,yes
desire_1198,18692,test,desire,,,,,yes
desire_1199,18692,test,desire,,,,,no
desire_1205,18817,test,desire,,,,,yes
desire_1206,18817,test,desire,,,,,no
desire_1252,19367,test,desire,,,,,yes
desire_1253,19367,test,desire,,,,,yes
desire_1254,19367,test,desire,,,,,yes
desire_1255,19367,test,desire,,,,,no
desire_1287,19877,test,desire,,,,,no
desire_1288,19877,test,desire,,,,,no
desire_1289,19877,test,desire,,,,,yes
desire_1303,20778,test,desire,,,,,yes
desire_1304,20778,test,desire,,,,,no
desire_1305,20778,test,desire,,,,,yes
desire_1318,21114,test,desire,,,,,no
desire_1319,21114,test,desire,,,,,yes
desire_1320,21114,test,desire,,,,,yes
desire_1321,21192,test,desire,,,,,yes
desire_1322,21192,test,desire,,,,,yes
desire_1323,21192,test,desire,,,,,no
desire_1324,21192,test,desire,,,,,yes
desire_1325,21192,test,desire,,,,,yes
desire_1326,21333,test,desire,,,,,no
desire_1327,21333,test,desire,,,,,yes
desire_1328,21333,test,desire,,,,,no
desire_1336,21364,test,desire,,,,,yes
desire_1337,21364,test,desire,,,,,yes
desire_1338,21364,test,desire,,,,,yes
desire_1339,21364,test,desire,,,,,no
desire_1345,21529,test,desire,,,,,yes
desire_1346,21529,test,desire,,,,,yes
desire_1347,21529,test,desire,,,,,no
desire_1348,21529,test,desire,,,,,no
desire_1371,21941,test,desire,,,,,yes
desire_1372,21941,test,desire,,,,,no
desire_1373,21941,test,desire,,,,,yes
desire_1374,21941,test,desire,,,,,yes
desire_1375,21954,test,desire,,,,,yes
desire_1376,21954,test,desire,,,,,yes
desire_1377,21954,test,desire,,,,,yes
desire_1378,21954,test,desire,,,,,no
desire_1383,21968,test,desire,,,,,no
desire_1384,21968,test,desire,,,,,no
desire_1385,21968,test,desire,,,,,yes
desire_1386,21968,test,desire,,,,,yes
desire_1435,22918,test,desire,,,,,no
desire_1436,22918,test,desire,,,,,no
desire_1437,22918,test,desire,,,,,yes
