dataset,record_id,family,system,raw,parsed,out_of_target,saved_corrupt_flag,ambiguous_location
opentom,74356138::location_cg_fo::0,location_cg_fo,base_direct,No,0,False,False,False
opentom,74356138::location_cg_fo::0,location_cg_fo,answer_only_direct,No,0,False,False,False
opentom,74356138::location_cg_fo::0,location_cg_fo,subjectesis_direct,No,0,False,False,False
opentom,74356138::location_cg_fo::0,location_cg_fo,subjectesis_no_review,No,0,False,False,False
opentom,74356138::location_cg_fo::0,location_cg_fo,subjectesis_review,No,0,False,False,False
opentom,74356138::location_cg_fo::1,location_cg_fo,base_direct,No,0,False,False,False
opentom,74356138::location_cg_fo::1,location_cg_fo,answer_only_direct,No,0,False,False,False
opentom,74356138::location_cg_fo::1,location_cg_fo,subjectesis_direct,No,0,False,False,False
opentom,74356138::location_cg_fo::1,location_cg_fo,subjectesis_no_review,No,0,False,False,False
opentom,74356138::location_cg_fo::1,location_cg_fo,subjectesis_review,No,0,False,False,False
opentom,74356138::location_cg_so::0,location_cg_so,base_direct,No,0,False,False,False
opentom,74356138::location_cg_so::0,location_cg_so,answer_only_direct,No,0,False,False,False
opentom,74356138::location_cg_so::0,location_cg_so,subjectesis_direct,No,0,False,False,False
opentom,74356138::location_cg_so::0,location_cg_so,subjectesis_no_review,No,0,False,False,False
opentom,74356138::location_cg_so::0,location_cg_so,subjectesis_review,No,0,False,False,False
opentom,74356138::location_cg_so::1,location_cg_so,base_direct,No,0,False,False,False
opentom,74356138::location_cg_so::1,location_cg_so,answer_only_direct,No,0,False,False,False
opentom,74356138::location_cg_so::1,location_cg_so,subjectesis_direct,No,0,False,False,False
opentom,74356138::location_cg_so::1,location_cg_so,subjectesis_no_review,No,0,False,False,False
opentom,74356138::location_cg_so::1,location_cg_so,subjectesis_review,No,0,False,False,False
opentom,74356138::location_fg_fo::0,location_fg_fo,base_direct,in the garbage bin,2,False,False,False
opentom,74356138::location_fg_fo::0,location_fg_fo,answer_only_direct,garbage bin,2,False,False,False
opentom,74356138::location_fg_fo::0,location_fg_fo,subjectesis_direct,garbage bin,2,False,False,False
opentom,74356138::location_fg_fo::0,location_fg_fo,subjectesis_no_review,in the garbage bin,2,False,False,False
opentom,74356138::location_fg_fo::0,location_fg_fo,subjectesis_review,in the garbage bin,2,False,False,False
opentom,74356138::location_fg_fo::1,location_fg_fo,base_direct,in a bucket,1,False,False,False
opentom,74356138::location_fg_fo::1,location_fg_fo,answer_only_direct,in a bucket,1,False,False,False
opentom,74356138::location_fg_fo::1,location_fg_fo,subjectesis_direct,in a bucket,1,False,False,False
opentom,74356138::location_fg_fo::1,location_fg_fo,subjectesis_no_review,in a bucket,1,False,False,False
opentom,74356138::location_fg_fo::1,location_fg_fo,subjectesis_review,in a bucket,1,False,False,False
opentom,74356138::location_fg_fo::2,location_fg_fo,base_direct,in the garbage bin,2,False,False,False
opentom,74356138::location_fg_fo::2,location_fg_fo,answer_only_direct,in the garbage bin,2,False,False,False
opentom,74356138::location_fg_fo::2,location_fg_fo,subjectesis_direct,in the garbage bin,2,False,False,False
opentom,74356138::location_fg_fo::2,location_fg_fo,subjectesis_no_review,in the garbage bin,2,False,False,False
opentom,74356138::location_fg_fo::2,location_fg_fo,subjectesis_review,in the garbage bin,2,False,False,False
opentom,74356138::location_fg_fo::3,location_fg_fo,base_direct,in the garbage bin,2,False,False,False
opentom,74356138::location_fg_fo::3,location_fg_fo,answer_only_direct,in the garbage bin,2,False,False,False
opentom,74356138::location_fg_fo::3,location_fg_fo,subjectesis_direct,gone,3,True,False,True
opentom,74356138::location_fg_fo::3,location_fg_fo,subjectesis_no_review,in the garbage bin,2,False,False,False
opentom,74356138::location_fg_fo::3,location_fg_fo,subjectesis_review,in the garbage bin,2,False,False,False
opentom,74356138::location_fg_so::0,location_fg_so,base_direct,in the garbage bin,2,False,False,False
opentom,74356138::location_fg_so::0,location_fg_so,answer_only_direct,in the garbage bin,2,False,False,False
opentom,74356138::location_fg_so::0,location_fg_so,subjectesis_direct,in the sunroom,3,True,False,True
opentom,74356138::location_fg_so::0,location_fg_so,subjectesis_no_review,no longer in the sunroom,3,True,False,True
opentom,74356138::location_fg_so::0,location_fg_so,subjectesis_review,no longer in the sunroom,3,True,False,True
opentom,74356138::location_fg_so::1,location_fg_so,base_direct,in the garbage bin,2,False,False,False
opentom,74356138::location_fg_so::1,location_fg_so,answer_only_direct,in the garbage bin,2,False,False,False
opentom,74356138::location_fg_so::1,location_fg_so,subjectesis_direct,in the garbage bin,2,False,False,False
opentom,74356138::location_fg_so::1,location_fg_so,subjectesis_no_review,in the garbage bin,2,False,False,False
opentom,74356138::location_fg_so::1,location_fg_so,subjectesis_review,in the garbage bin,2,False,False,False
opentom,74356138::multihop_fo::0,multihop_fo_fullness,base_direct,less full,1,False,False,False
opentom,74356138::multihop_fo::0,multihop_fo_fullness,answer_only_direct,less full,1,False,False,False
opentom,74356138::multihop_fo::0,multihop_fo_fullness,subjectesis_direct,less full,1,False,False,False
opentom,74356138::multihop_fo::0,multihop_fo_fullness,subjectesis_no_review,less full,1,False,False,False
opentom,74356138::multihop_fo::0,multihop_fo_fullness,subjectesis_review,less full,1,False,False,False
opentom,74356138::multihop_fo::1,multihop_fo_fullness,base_direct,less full,1,False,False,False
opentom,74356138::multihop_fo::1,multihop_fo_fullness,answer_only_direct,less full,1,False,False,False
opentom,74356138::multihop_fo::1,multihop_fo_fullness,subjectesis_direct,less full,1,False,False,False
opentom,74356138::multihop_fo::1,multihop_fo_fullness,subjectesis_no_review,less full,1,False,False,False
opentom,74356138::multihop_fo::1,multihop_fo_fullness,subjectesis_review,less full,1,False,False,False
opentom,74356138::multihop_fo::2,multihop_fo_fullness,base_direct,more full,2,False,False,False
opentom,74356138::multihop_fo::2,multihop_fo_fullness,answer_only_direct,more full,2,False,False,False
opentom,74356138::multihop_fo::2,multihop_fo_fullness,subjectesis_direct,less full,1,False,False,False
opentom,74356138::multihop_fo::2,multihop_fo_fullness,subjectesis_no_review,less full,1,False,False,False
opentom,74356138::multihop_fo::2,multihop_fo_fullness,subjectesis_review,less full,1,False,False,False
opentom,74356138::multihop_fo::3,multihop_fo_fullness,base_direct,less full,1,False,False,False
opentom,74356138::multihop_fo::3,multihop_fo_fullness,answer_only_direct,less full,1,False,False,False
opentom,74356138::multihop_fo::3,multihop_fo_fullness,subjectesis_direct,less full,1,False,False,False
opentom,74356138::multihop_fo::3,multihop_fo_fullness,subjectesis_no_review,less full,1,False,False,False
opentom,74356138::multihop_fo::3,multihop_fo_fullness,subjectesis_review,less full,1,False,False,False
opentom,74356138::multihop_fo::4,multihop_fo_accessibility,base_direct,less accessible,2,False,False,False
opentom,74356138::multihop_fo::4,multihop_fo_accessibility,answer_only_direct,less accessible,2,False,False,False
opentom,74356138::multihop_fo::4,multihop_fo_accessibility,subjectesis_direct,less accessible,2,False,False,False
opentom,74356138::multihop_fo::4,multihop_fo_accessibility,subjectesis_no_review,less accessible,2,False,False,False
opentom,74356138::multihop_fo::4,multihop_fo_accessibility,subjectesis_review,less accessible,2,False,False,False
opentom,74356138::multihop_fo::5,multihop_fo_accessibility,base_direct,less accessible,2,False,False,False
opentom,74356138::multihop_fo::5,multihop_fo_accessibility,answer_only_direct,less accessible,2,False,False,False
opentom,74356138::multihop_fo::5,multihop_fo_accessibility,subjectesis_direct,less accessible,2,False,False,False
opentom,74356138::multihop_fo::5,multihop_fo_accessibility,subjectesis_no_review,less accessible,2,False,False,False
opentom,74356138::multihop_fo::5,multihop_fo_accessibility,subjectesis_review,less accessible,2,False,False,False
opentom,74356138::multihop_so::0,multihop_so_fullness,base_direct,less full,1,False,False,False
opentom,74356138::multihop_so::0,multihop_so_fullness,answer_only_direct,less full,1,False,False,False
opentom,74356138::multihop_so::0,multihop_so_fullness,subjectesis_direct,less full,1,False,False,False
opentom,74356138::multihop_so::0,multihop_so_fullness,subjectesis_no_review,less full,1,False,False,False
opentom,74356138::multihop_so::0,multihop_so_fullness,subjectesis_review,less full,1,False,False,False
opentom,74356138::multihop_so::1,multihop_so_fullness,base_direct,less full,1,False,False,False
opentom,74356138::multihop_so::1,multihop_so_fullness,answer_only_direct,less full,1,False,False,False
opentom,74356138::multihop_so::1,multihop_so_fullness,subjectesis_direct,less full,1,False,False,False
opentom,74356138::multihop_so::1,multihop_so_fullness,subjectesis_no_review,less full,1,False,False,False
opentom,74356138::multihop_so::1,multihop_so_fullness,subjectesis_review,less full,1,False,False,False
opentom,74356138::multihop_so::2,multihop_so_fullness,base_direct,more full,2,False,False,False
opentom,74356138::multihop_so::2,multihop_so_fullness,answer_only_direct,less full,1,False,False,False
opentom,74356138::multihop_so::2,multihop_so_fullness,subjectesis_direct,less full,1,False,False,False
opentom,74356138::multihop_so::2,multihop_so_fullness,subjectesis_no_review,more full,2,False,False,False
opentom,74356138::multihop_so::2,multihop_so_fullness,subjectesis_review,less full,1,False,False,False
opentom,74356138::multihop_so::3,multihop_so_fullness,base_direct,more full,2,False,False,False
opentom,74356138::multihop_so::3,multihop_so_fullness,answer_only_direct,more full,2,False,False,False
opentom,74356138::multihop_so::3,multihop_so_fullness,subjectesis_direct,more full,2,False,False,False
opentom,74356138::multihop_so::3,multihop_so_fullness,subjectesis_no_review,more full,2,False,False,False
opentom,74356138::multihop_so::3,multihop_so_fullness,subjectesis_review,more full,2,False,False,False
opentom,74356138::multihop_so::4,multihop_so_accessibility,base_direct,less accessible,2,False,False,False
opentom,74356138::multihop_so::4,multihop_so_accessibility,answer_only_direct,less accessible,2,False,False,False
opentom,74356138::multihop_so::4,multihop_so_accessibility,subjectesis_direct,less accessible,2,False,False,False
opentom,74356138::multihop_so::4,multihop_so_accessibility,subjectesis_no_review,less accessible,2,False,False,False
opentom,74356138::multihop_so::4,multihop_so_accessibility,subjectesis_review,less accessible,2,False,False,False
opentom,74356138::multihop_so::5,multihop_so_accessibility,base_direct,less accessible,2,False,False,False
opentom,74356138::multihop_so::5,multihop_so_accessibility,answer_only_direct,less accessible,2,False,False,False
opentom,74356138::multihop_so::5,multihop_so_accessibility,subjectesis_direct,less accessible,2,False,False,False
opentom,74356138::multihop_so::5,multihop_so_accessibility,subjectesis_no_review,less accessible,2,False,False,False
opentom,74356138::multihop_so::5,multihop_so_accessibility,subjectesis_review,less accessible,2,False,False,False
opentom,74356138::attitude::0,attitude,base_direct,positive,1,False,False,False
opentom,74356138::attitude::0,attitude,answer_only_direct,positive,1,False,False,False
opentom,74356138::attitude::0,attitude,subjectesis_direct,positive,1,False,False,False
opentom,74356138::attitude::0,attitude,subjectesis_no_review,positive,1,False,False,False
opentom,74356138::attitude::0,attitude,subjectesis_review,positive,1,False,False,False
opentom,99473854::location_cg_fo::0,location_cg_fo,base_direct,No,0,False,False,False
opentom,99473854::location_cg_fo::0,location_cg_fo,answer_only_direct,No,0,False,False,False
opentom,99473854::location_cg_fo::0,location_cg_fo,subjectesis_direct,No,0,False,False,False
opentom,99473854::location_cg_fo::0,location_cg_fo,subjectesis_no_review,No,0,False,False,False
opentom,99473854::location_cg_fo::0,location_cg_fo,subjectesis_review,No,0,False,False,False
opentom,99473854::location_cg_fo::1,location_cg_fo,base_direct,No,0,False,False,False
opentom,99473854::location_cg_fo::1,location_cg_fo,answer_only_direct,No,0,False,False,False
opentom,99473854::location_cg_fo::1,location_cg_fo,subjectesis_direct,No,0,False,False,False
opentom,99473854::location_cg_fo::1,location_cg_fo,subjectesis_no_review,No,0,False,False,False
opentom,99473854::location_cg_fo::1,location_cg_fo,subjectesis_review,No,0,False,False,False
opentom,99473854::location_cg_so::0,location_cg_so,base_direct,Yes,1,False,False,False
opentom,99473854::location_cg_so::0,location_cg_so,answer_only_direct,Yes,1,False,False,False
opentom,99473854::location_cg_so::0,location_cg_so,subjectesis_direct,Yes,1,False,False,False
opentom,99473854::location_cg_so::0,location_cg_so,subjectesis_no_review,Yes,1,False,False,False
opentom,99473854::location_cg_so::0,location_cg_so,subjectesis_review,Yes,1,False,False,False
opentom,99473854::location_cg_so::1,location_cg_so,base_direct,No,0,False,False,False
opentom,99473854::location_cg_so::1,location_cg_so,answer_only_direct,No,0,False,False,False
opentom,99473854::location_cg_so::1,location_cg_so,subjectesis_direct,No,0,False,False,False
opentom,99473854::location_cg_so::1,location_cg_so,subjectesis_no_review,No,0,False,False,False
opentom,99473854::location_cg_so::1,location_cg_so,subjectesis_review,No,0,False,False,False
opentom,99473854::location_fg_fo::0,location_fg_fo,base_direct,home entrance,2,False,False,False
opentom,99473854::location_fg_fo::0,location_fg_fo,answer_only_direct,home entrance,2,False,False,False
opentom,99473854::location_fg_fo::0,location_fg_fo,subjectesis_direct,home entrance,2,False,False,False
opentom,99473854::location_fg_fo::0,location_fg_fo,subjectesis_no_review,home entrance,2,False,False,False
opentom,99473854::location_fg_fo::0,location_fg_fo,subjectesis_review,home entrance,2,False,False,False
opentom,99473854::location_fg_fo::1,location_fg_fo,base_direct,on the top shelf,3,True,False,True
opentom,99473854::location_fg_fo::1,location_fg_fo,answer_only_direct,on the top shelf,3,True,False,True
opentom,99473854::location_fg_fo::1,location_fg_fo,subjectesis_direct,on the top shelf,3,True,False,True
opentom,99473854::location_fg_fo::1,location_fg_fo,subjectesis_no_review,in the closet,3,True,False,True
opentom,99473854::location_fg_fo::1,location_fg_fo,subjectesis_review,in the closet,3,True,False,True
opentom,99473854::location_fg_fo::2,location_fg_fo,base_direct,home entrance,2,False,False,False
opentom,99473854::location_fg_fo::2,location_fg_fo,answer_only_direct,home entrance,2,False,False,False
opentom,99473854::location_fg_fo::2,location_fg_fo,subjectesis_direct,home entrance,2,False,False,False
opentom,99473854::location_fg_fo::2,location_fg_fo,subjectesis_no_review,at the home entrance,2,False,False,False
opentom,99473854::location_fg_fo::2,location_fg_fo,subjectesis_review,at the home entrance,2,False,False,False
opentom,99473854::location_fg_fo::3,location_fg_fo,base_direct,home entrance,2,False,False,False
opentom,99473854::location_fg_fo::3,location_fg_fo,answer_only_direct,home entrance,2,False,False,False
opentom,99473854::location_fg_fo::3,location_fg_fo,subjectesis_direct,home entrance,2,False,False,False
opentom,99473854::location_fg_fo::3,location_fg_fo,subjectesis_no_review,the home entrance,2,False,False,False
opentom,99473854::location_fg_fo::3,location_fg_fo,subjectesis_review,the home entrance,2,False,False,False
opentom,99473854::location_fg_so::0,location_fg_so,base_direct,top shelf,3,True,False,True
opentom,99473854::location_fg_so::0,location_fg_so,answer_only_direct,top shelf,3,True,False,True
opentom,99473854::location_fg_so::0,location_fg_so,subjectesis_direct,in the closet,3,True,False,True
opentom,99473854::location_fg_so::0,location_fg_so,subjectesis_no_review,the home entrance,2,False,False,False
opentom,99473854::location_fg_so::0,location_fg_so,subjectesis_review,in the closet,3,True,False,True
opentom,99473854::location_fg_so::1,location_fg_so,base_direct,home entrance,2,False,False,False
opentom,99473854::location_fg_so::1,location_fg_so,answer_only_direct,home entrance,2,False,False,False
opentom,99473854::location_fg_so::1,location_fg_so,subjectesis_direct,home entrance,2,False,False,False
opentom,99473854::location_fg_so::1,location_fg_so,subjectesis_no_review,the home entrance,2,False,False,False
opentom,99473854::location_fg_so::1,location_fg_so,subjectesis_review,the home entrance,2,False,False,False
opentom,99473854::multihop_fo::0,multihop_fo_fullness,base_direct,less full,1,False,False,False
opentom,99473854::multihop_fo::0,multihop_fo_fullness,answer_only_direct,less full,1,False,False,False
opentom,99473854::multihop_fo::0,multihop_fo_fullness,subjectesis_direct,less full,1,False,False,False
opentom,99473854::multihop_fo::0,multihop_fo_fullness,subjectesis_no_review,less full,1,False,False,False
opentom,99473854::multihop_fo::0,multihop_fo_fullness,subjectesis_review,less full,1,False,False,False
opentom,99473854::multihop_fo::1,multihop_fo_fullness,base_direct,less full,1,False,False,False
opentom,99473854::multihop_fo::1,multihop_fo_fullness,answer_only_direct,less full,1,False,False,False
opentom,99473854::multihop_fo::1,multihop_fo_fullness,subjectesis_direct,less full,1,False,False,False
opentom,99473854::multihop_fo::1,multihop_fo_fullness,subjectesis_no_review,equally full,3,False,False,False
opentom,99473854::multihop_fo::1,multihop_fo_fullness,subjectesis_review,equally full,3,False,False,False
opentom,99473854::multihop_fo::2,multihop_fo_fullness,base_direct,more full,2,False,False,False
opentom,99473854::multihop_fo::2,multihop_fo_fullness,answer_only_direct,more full,2,False,False,False
opentom,99473854::multihop_fo::2,multihop_fo_fullness,subjectesis_direct,more full,2,False,False,False
opentom,99473854::multihop_fo::2,multihop_fo_fullness,subjectesis_no_review,more full,2,False,False,False
opentom,99473854::multihop_fo::2,multihop_fo_fullness,subjectesis_review,more full,2,False,False,False
opentom,99473854::multihop_fo::3,multihop_fo_fullness,base_direct,more full,2,False,False,False
opentom,99473854::multihop_fo::3,multihop_fo_fullness,answer_only_direct,more full,2,False,False,False
opentom,99473854::multihop_fo::3,multihop_fo_fullness,subjectesis_direct,more full,2,False,False,False
opentom,99473854::multihop_fo::3,multihop_fo_fullness,subjectesis_no_review,more full,2,False,False,False
opentom,99473854::multihop_fo::3,multihop_fo_fullness,subjectesis_review,more full,2,False,False,False
opentom,99473854::multihop_fo::4,multihop_fo_accessibility,base_direct,more accessible,1,False,False,False
opentom,99473854::multihop_fo::4,multihop_fo_accessibility,answer_only_direct,more accessible,1,False,False,False
opentom,99473854::multihop_fo::4,multihop_fo_accessibility,subjectesis_direct,more accessible,1,False,False,False
opentom,99473854::multihop_fo::4,multihop_fo_accessibility,subjectesis_no_review,more accessible,1,False,False,False
opentom,99473854::multihop_fo::4,multihop_fo_accessibility,subjectesis_review,more accessible,1,False,False,False
opentom,99473854::multihop_fo::5,multihop_fo_accessibility,base_direct,more accessible,1,False,False,False
opentom,99473854::multihop_fo::5,multihop_fo_accessibility,answer_only_direct,more accessible,1,False,False,False
opentom,99473854::multihop_fo::5,multihop_fo_accessibility,subjectesis_direct,more accessible,1,False,False,False
opentom,99473854::multihop_fo::5,multihop_fo_accessibility,subjectesis_no_review,more accessible,1,False,False,False
opentom,99473854::multihop_fo::5,multihop_fo_accessibility,subjectesis_review,more accessible,1,False,False,False
opentom,99473854::multihop_so::0,multihop_so_fullness,base_direct,less full,1,False,False,False
opentom,99473854::multihop_so::0,multihop_so_fullness,answer_only_direct,less full,1,False,False,False
opentom,99473854::multihop_so::0,multihop_so_fullness,subjectesis_direct,less full,1,False,False,False
opentom,99473854::multihop_so::0,multihop_so_fullness,subjectesis_no_review,less full,1,False,False,False
opentom,99473854::multihop_so::0,multihop_so_fullness,subjectesis_review,less full,1,False,False,False
opentom,99473854::multihop_so::1,multihop_so_fullness,base_direct,less full,1,False,False,False
opentom,99473854::multihop_so::1,multihop_so_fullness,answer_only_direct,less full,1,False,False,False
opentom,99473854::multihop_so::1,multihop_so_fullness,subjectesis_direct,less full,1,False,False,False
opentom,99473854::multihop_so::1,multihop_so_fullness,subjectesis_no_review,less full,1,False,False,False
opentom,99473854::multihop_so::1,multihop_so_fullness,subjectesis_review,less full,1,False,False,False
opentom,99473854::multihop_so::2,multihop_so_fullness,base_direct,more full,2,False,False,False
opentom,99473854::multihop_so::2,multihop_so_fullness,answer_only_direct,more full,2,False,False,False
opentom,99473854::multihop_so::2,multihop_so_fullness,subjectesis_direct,more full,2,False,False,False
opentom,99473854::multihop_so::2,multihop_so_fullness,subjectesis_no_review,more full,2,False,False,False
opentom,99473854::multihop_so::2,multihop_so_fullness,subjectesis_review,more full,2,False,False,False
opentom,99473854::multihop_so::3,multihop_so_fullness,base_direct,more full,2,False,False,False
opentom,99473854::multihop_so::3,multihop_so_fullness,answer_only_direct,more full,2,False,False,False
opentom,99473854::multihop_so::3,multihop_so_fullness,subjectesis_direct,more full,2,False,False,False
opentom,99473854::multihop_so::3,multihop_so_fullness,subjectesis_no_review,more full,2,False,False,False
opentom,99473854::multihop_so::3,multihop_so_fullness,subjectesis_review,more full,2,False,False,False
opentom,99473854::multihop_so::4,multihop_so_accessibility,base_direct,more accessible,1,False,False,False
opentom,99473854::multihop_so::4,multihop_so_accessibility,answer_only_direct,more accessible,1,False,False,False
opentom,99473854::multihop_so::4,multihop_so_accessibility,subjectesis_direct,more accessible,1,False,False,False
opentom,99473854::multihop_so::4,multihop_so_accessibility,subjectesis_no_review,more accessible,1,False,False,False
opentom,99473854::multihop_so::4,multihop_so_accessibility,subjectesis_review,more accessible,1,False,False,False
opentom,99473854::multihop_so::5,multihop_so_accessibility,base_direct,more accessible,1,False,False,False
opentom,99473854::multihop_so::5,multihop_so_accessibility,answer_only_direct,more accessible,1,False,False,False
opentom,99473854::multihop_so::5,multihop_so_accessibility,subjectesis_direct,more accessible,1,False,False,False
opentom,99473854::multihop_so::5,multihop_so_accessibility,subjectesis_no_review,more accessible,1,False,False,False
opentom,99473854::multihop_so::5,multihop_so_accessibility,subjectesis_review,more accessible,1,False,False,False
opentom,99473854::attitude::0,attitude,base_direct,positive,1,False,False,False
opentom,99473854::attitude::0,attitude,answer_only_direct,positive,1,False,False,False
opentom,99473854::attitude::0,attitude,subjectesis_direct,positive,1,False,False,False
opentom,99473854::attitude::0,attitude,subjectesis_no_review,positive,1,False,False,False
opentom,99473854::attitude::0,attitude,subjectesis_review,positive,1,False,False,False
opentom,13695961::location_cg_fo::0,location_cg_fo,base_direct,No,0,False,False,False
opentom,13695961::location_cg_fo::0,location_cg_fo,answer_only_direct,No,0,False,False,False
opentom,13695961::location_cg_fo::0,location_cg_fo,subjectesis_direct,No,0,False,False,False
opentom,13695961::location_cg_fo::0,location_cg_fo,subjectesis_no_review,No,0,False,False,False
opentom,13695961::location_cg_fo::0,location_cg_fo,subjectesis_review,No,0,False,False,False
opentom,13695961::location_cg_fo::1,location_cg_fo,base_direct,Yes,1,False,False,False
opentom,13695961::location_cg_fo::1,location_cg_fo,answer_only_direct,Yes,1,False,False,False
opentom,13695961::location_cg_fo::1,location_cg_fo,subjectesis_direct,No,0,False,False,False
opentom,13695961::location_cg_fo::1,location_cg_fo,subjectesis_no_review,No,0,False,False,False
opentom,13695961::location_cg_fo::1,location_cg_fo,subjectesis_review,No,0,False,False,False
opentom,13695961::location_cg_so::0,location_cg_so,base_direct,Yes,1,False,False,False
opentom,13695961::location_cg_so::0,location_cg_so,answer_only_direct,No,0,False,False,False
opentom,13695961::location_cg_so::0,location_cg_so,subjectesis_direct,No,0,False,False,False
opentom,13695961::location_cg_so::0,location_cg_so,subjectesis_no_review,No,0,False,False,False
opentom,13695961::location_cg_so::0,location_cg_so,subjectesis_review,No,0,False,False,False
opentom,13695961::location_cg_so::1,location_cg_so,base_direct,No,0,False,False,False
opentom,13695961::location_cg_so::1,location_cg_so,answer_only_direct,No,0,False,False,False
opentom,13695961::location_cg_so::1,location_cg_so,subjectesis_direct,No,0,False,False,False
opentom,13695961::location_cg_so::1,location_cg_so,subjectesis_no_review,No,0,False,False,False
opentom,13695961::location_cg_so::1,location_cg_so,subjectesis_review,No,0,False,False,False
opentom,13695961::location_fg_fo::0,location_fg_fo,base_direct,center of the table,2,False,False,False
opentom,13695961::location_fg_fo::0,location_fg_fo,answer_only_direct,on the center of the table,2,False,False,False
opentom,13695961::location_fg_fo::0,location_fg_fo,subjectesis_direct,on the center of the table,2,False,False,False
opentom,13695961::location_fg_fo::0,location_fg_fo,subjectesis_no_review,on the center of the table,2,False,False,False
opentom,13695961::location_fg_fo::0,location_fg_fo,subjectesis_review,on the center of the table,2,False,False,False
opentom,13695961::location_fg_fo::1,location_fg_fo,base_direct,in the depths of a cellar,3,True,False,True
opentom,13695961::location_fg_fo::1,location_fg_fo,answer_only_direct,in their hearts,3,True,False,True
opentom,13695961::location_fg_fo::1,location_fg_fo,subjectesis_direct,in their hearts,3,True,False,True
opentom,13695961::location_fg_fo::1,location_fg_fo,subjectesis_no_review,in their hearts,3,True,False,True
opentom,13695961::location_fg_fo::1,location_fg_fo,subjectesis_review,in their hearts,3,True,False,True
opentom,13695961::location_fg_fo::2,location_fg_fo,base_direct,on the center of the table,2,False,False,False
opentom,13695961::location_fg_fo::2,location_fg_fo,answer_only_direct,on the center of the table,2,False,False,False
opentom,13695961::location_fg_fo::2,location_fg_fo,subjectesis_direct,on the center of the table,2,False,False,False
opentom,13695961::location_fg_fo::2,location_fg_fo,subjectesis_no_review,on the center of the table,2,False,False,False
opentom,13695961::location_fg_fo::2,location_fg_fo,subjectesis_review,on the center of the table,2,False,False,False
opentom,13695961::location_fg_fo::3,location_fg_fo,base_direct,on the center of the table,2,False,False,False
opentom,13695961::location_fg_fo::3,location_fg_fo,answer_only_direct,on the center of the table,2,False,False,False
opentom,13695961::location_fg_fo::3,location_fg_fo,subjectesis_direct,on the center of the table,2,False,False,False
opentom,13695961::location_fg_fo::3,location_fg_fo,subjectesis_no_review,in the cellar,3,True,False,True
opentom,13695961::location_fg_fo::3,location_fg_fo,subjectesis_review,in the cellar,3,True,False,True
opentom,13695961::location_fg_so::0,location_fg_so,base_direct,center of the table,2,False,False,False
opentom,13695961::location_fg_so::0,location_fg_so,answer_only_direct,in the cellar,3,True,False,True
opentom,13695961::location_fg_so::0,location_fg_so,subjectesis_direct,on the center of the table,2,False,False,False
opentom,13695961::location_fg_so::0,location_fg_so,subjectesis_no_review,in the cellar,3,True,False,True
opentom,13695961::location_fg_so::0,location_fg_so,subjectesis_review,in the pantry,1,False,False,False
opentom,13695961::location_fg_so::1,location_fg_so,base_direct,center of the table,2,False,False,False
opentom,13695961::location_fg_so::1,location_fg_so,answer_only_direct,on the center of the table,2,False,False,False
opentom,13695961::location_fg_so::1,location_fg_so,subjectesis_direct,the center of the table,2,False,False,False
opentom,13695961::location_fg_so::1,location_fg_so,subjectesis_no_review,on the center of the table,2,False,False,False
opentom,13695961::location_fg_so::1,location_fg_so,subjectesis_review,on the center of the table,2,False,False,False
opentom,13695961::multihop_fo::0,multihop_fo_fullness,base_direct,less full,1,False,False,False
opentom,13695961::multihop_fo::0,multihop_fo_fullness,answer_only_direct,less full,1,False,False,False
opentom,13695961::multihop_fo::0,multihop_fo_fullness,subjectesis_direct,less full,1,False,False,False
opentom,13695961::multihop_fo::0,multihop_fo_fullness,subjectesis_no_review,equally full,3,False,False,False
opentom,13695961::multihop_fo::0,multihop_fo_fullness,subjectesis_review,equally full,3,False,False,False
opentom,13695961::multihop_fo::1,multihop_fo_fullness,base_direct,less full,1,False,False,False
opentom,13695961::multihop_fo::1,multihop_fo_fullness,answer_only_direct,equally full,3,False,False,False
opentom,13695961::multihop_fo::1,multihop_fo_fullness,subjectesis_direct,equally full,3,False,False,False
opentom,13695961::multihop_fo::1,multihop_fo_fullness,subjectesis_no_review,equally full,3,False,False,False
opentom,13695961::multihop_fo::1,multihop_fo_fullness,subjectesis_review,equally full,3,False,False,False
opentom,13695961::multihop_fo::2,multihop_fo_fullness,base_direct,more full,2,False,False,False
opentom,13695961::multihop_fo::2,multihop_fo_fullness,answer_only_direct,more full,2,False,False,False
opentom,13695961::multihop_fo::2,multihop_fo_fullness,subjectesis_direct,more full,2,False,False,False
opentom,13695961::multihop_fo::2,multihop_fo_fullness,subjectesis_no_review,more full,2,False,False,False
opentom,13695961::multihop_fo::2,multihop_fo_fullness,subjectesis_review,more full,2,False,False,False
opentom,13695961::multihop_fo::3,multihop_fo_fullness,base_direct,more full,2,False,False,False
opentom,13695961::multihop_fo::3,multihop_fo_fullness,answer_only_direct,more full,2,False,False,False
opentom,13695961::multihop_fo::3,multihop_fo_fullness,subjectesis_direct,more full,2,False,False,False
opentom,13695961::multihop_fo::3,multihop_fo_fullness,subjectesis_no_review,more full,2,False,False,False
opentom,13695961::multihop_fo::3,multihop_fo_fullness,subjectesis_review,more full,2,False,False,False
opentom,13695961::multihop_fo::4,multihop_fo_accessibility,base_direct,more accessible,1,False,False,False
opentom,13695961::multihop_fo::4,multihop_fo_accessibility,answer_only_direct,more accessible,1,False,False,False
opentom,13695961::multihop_fo::4,multihop_fo_accessibility,subjectesis_direct,more accessible,1,False,False,False
opentom,13695961::multihop_fo::4,multihop_fo_accessibility,subjectesis_no_review,more accessible,1,False,False,False
opentom,13695961::multihop_fo::4,multihop_fo_accessibility,subjectesis_review,more accessible,1,False,False,False
opentom,13695961::multihop_fo::5,multihop_fo_accessibility,base_direct,more accessible,1,False,False,False
opentom,13695961::multihop_fo::5,multihop_fo_accessibility,answer_only_direct,more accessible,1,False,False,False
opentom,13695961::multihop_fo::5,multihop_fo_accessibility,subjectesis_direct,more accessible,1,False,False,False
opentom,13695961::multihop_fo::5,multihop_fo_accessibility,subjectesis_no_review,more accessible,1,False,False,False
opentom,13695961::multihop_fo::5,multihop_fo_accessibility,subjectesis_review,more accessible,1,False,False,False
opentom,13695961::multihop_so::0,multihop_so_fullness,base_direct,more full,2,False,False,False
opentom,13695961::multihop_so::0,multihop_so_fullness,answer_only_direct,less full,1,False,False,False
opentom,13695961::multihop_so::0,multihop_so_fullness,subjectesis_direct,equally full,3,False,False,False
opentom,13695961::multihop_so::0,multihop_so_fullness,subjectesis_no_review,equally full,3,False,False,False
opentom,13695961::multihop_so::0,multihop_so_fullness,subjectesis_review,equally full,3,False,False,False
opentom,13695961::multihop_so::1,multihop_so_fullness,base_direct,less full,1,False,False,False
opentom,13695961::multihop_so::1,multihop_so_fullness,answer_only_direct,less full,1,False,False,False
opentom,13695961::multihop_so::1,multihop_so_fullness,subjectesis_direct,less full,1,False,False,False
opentom,13695961::multihop_so::1,multihop_so_fullness,subjectesis_no_review,less full,1,False,False,False
opentom,13695961::multihop_so::1,multihop_so_fullness,subjectesis_review,less full,1,False,False,False
opentom,13695961::multihop_so::2,multihop_so_fullness,base_direct,more full,2,False,False,False
opentom,13695961::multihop_so::2,multihop_so_fullness,answer_only_direct,more full,2,False,False,False
opentom,13695961::multihop_so::2,multihop_so_fullness,subjectesis_direct,more full,2,False,False,False
opentom,13695961::multihop_so::2,multihop_so_fullness,subjectesis_no_review,more full,2,False,False,False
opentom,13695961::multihop_so::2,multihop_so_fullness,subjectesis_review,more full,2,False,False,False
opentom,13695961::multihop_so::3,multihop_so_fullness,base_direct,more full,2,False,False,False
opentom,13695961::multihop_so::3,multihop_so_fullness,answer_only_direct,more full,2,False,False,False
opentom,13695961::multihop_so::3,multihop_so_fullness,subjectesis_direct,more full,2,False,False,False
opentom,13695961::multihop_so::3,multihop_so_fullness,subjectesis_no_review,more full,2,False,False,False
opentom,13695961::multihop_so::3,multihop_so_fullness,subjectesis_review,more full,2,False,False,False
opentom,13695961::multihop_so::4,multihop_so_accessibility,base_direct,less accessible,2,False,False,False
opentom,13695961::multihop_so::4,multihop_so_accessibility,answer_only_direct,less accessible,2,False,False,False
opentom,13695961::multihop_so::4,multihop_so_accessibility,subjectesis_direct,less accessible,2,False,False,False
opentom,13695961::multihop_so::4,multihop_so_accessibility,subjectesis_no_review,more accessible,1,False,False,False
opentom,13695961::multihop_so::4,multihop_so_accessibility,subjectesis_review,less accessible,2,False,False,False
opentom,13695961::multihop_so::5,multihop_so_accessibility,base_direct,more accessible,1,False,False,False
opentom,13695961::multihop_so::5,multihop_so_accessibility,answer_only_direct,more accessible,1,False,False,False
opentom,13695961::multihop_so::5,multihop_so_accessibility,subjectesis_direct,more accessible,1,False,False,False
opentom,13695961::multihop_so::5,multihop_so_accessibility,subjectesis_no_review,more accessible,1,False,False,False
opentom,13695961::multihop_so::5,multihop_so_accessibility,subjectesis_review,more accessible,1,False,False,False
opentom,13695961::attitude::0,attitude,base_direct,negative,2,False,False,False
opentom,13695961::attitude::0,attitude,answer_only_direct,negative,2,False,False,False
opentom,13695961::attitude::0,attitude,subjectesis_direct,neutral,3,False,False,False
opentom,13695961::attitude::0,attitude,subjectesis_no_review,neutral,3,False,False,False
opentom,13695961::attitude::0,attitude,subjectesis_review,neutral,3,False,False,False
opentom,98132318::location_cg_fo::0,location_cg_fo,base_direct,No,0,False,False,False
opentom,98132318::location_cg_fo::0,location_cg_fo,answer_only_direct,No,0,False,False,False
opentom,98132318::location_cg_fo::0,location_cg_fo,subjectesis_direct,No,0,False,False,False
opentom,98132318::location_cg_fo::0,location_cg_fo,subjectesis_no_review,No,0,False,False,False
opentom,98132318::location_cg_fo::0,location_cg_fo,subjectesis_review,No,0,False,False,False
opentom,98132318::location_cg_fo::1,location_cg_fo,base_direct,Yes,1,False,False,False
opentom,98132318::location_cg_fo::1,location_cg_fo,answer_only_direct,No,0,False,False,False
opentom,98132318::location_cg_fo::1,location_cg_fo,subjectesis_direct,No,0,False,False,False
opentom,98132318::location_cg_fo::1,location_cg_fo,subjectesis_no_review,No,0,False,False,False
opentom,98132318::location_cg_fo::1,location_cg_fo,subjectesis_review,No,0,False,False,False
opentom,98132318::location_cg_so::0,location_cg_so,base_direct,Yes,1,False,False,False
opentom,98132318::location_cg_so::0,location_cg_so,answer_only_direct,No,0,False,False,False
opentom,98132318::location_cg_so::0,location_cg_so,subjectesis_direct,No,0,False,False,False
opentom,98132318::location_cg_so::0,location_cg_so,subjectesis_no_review,No,0,False,False,False
opentom,98132318::location_cg_so::0,location_cg_so,subjectesis_review,No,0,False,False,False
opentom,98132318::location_cg_so::1,location_cg_so,base_direct,No,0,False,False,False
opentom,98132318::location_cg_so::1,location_cg_so,answer_only_direct,No,0,False,False,False
opentom,98132318::location_cg_so::1,location_cg_so,subjectesis_direct,No,0,False,False,False
opentom,98132318::location_cg_so::1,location_cg_so,subjectesis_no_review,No,0,False,False,False
opentom,98132318::location_cg_so::1,location_cg_so,subjectesis_review,No,0,False,False,False
opentom,98132318::location_fg_fo::0,location_fg_fo,base_direct,in a donation pile,2,False,False,False
opentom,98132318::location_fg_fo::0,location_fg_fo,answer_only_direct,in a donation pile,2,False,False,False
opentom,98132318::location_fg_fo::0,location_fg_fo,subjectesis_direct,in a donation pile,2,False,False,False
opentom,98132318::location_fg_fo::0,location_fg_fo,subjectesis_no_review,in the donation pile,2,False,False,False
opentom,98132318::location_fg_fo::0,location_fg_fo,subjectesis_review,in the donation pile,2,False,False,False
opentom,98132318::location_fg_fo::1,location_fg_fo,base_direct,inside a glass bottle,1,False,False,False
opentom,98132318::location_fg_fo::1,location_fg_fo,answer_only_direct,inside a glass bottle,1,False,False,False
opentom,98132318::location_fg_fo::1,location_fg_fo,subjectesis_direct,inside a glass bottle,1,False,False,False
opentom,98132318::location_fg_fo::1,location_fg_fo,subjectesis_no_review,in the attic,3,True,False,True
opentom,98132318::location_fg_fo::1,location_fg_fo,subjectesis_review,in the attic,3,True,False,True
opentom,98132318::location_fg_fo::2,location_fg_fo,base_direct,in a donation pile,2,False,False,False
opentom,98132318::location_fg_fo::2,location_fg_fo,answer_only_direct,in a donation pile,2,False,False,False
opentom,98132318::location_fg_fo::2,location_fg_fo,subjectesis_direct,in a donation pile,2,False,False,False
opentom,98132318::location_fg_fo::2,location_fg_fo,subjectesis_no_review,in the donation pile,2,False,False,False
opentom,98132318::location_fg_fo::2,location_fg_fo,subjectesis_review,in the donation pile,2,False,False,False
opentom,98132318::location_fg_fo::3,location_fg_fo,base_direct,in the donation pile,2,False,False,False
opentom,98132318::location_fg_fo::3,location_fg_fo,answer_only_direct,in a donation pile,2,False,False,False
opentom,98132318::location_fg_fo::3,location_fg_fo,subjectesis_direct,in a donation pile,2,False,False,False
opentom,98132318::location_fg_fo::3,location_fg_fo,subjectesis_no_review,in the donation pile,2,False,False,False
opentom,98132318::location_fg_fo::3,location_fg_fo,subjectesis_review,in the donation pile,2,False,False,False
opentom,98132318::location_fg_so::0,location_fg_so,base_direct,in the donation pile,2,False,False,False
opentom,98132318::location_fg_so::0,location_fg_so,answer_only_direct,in the donation pile,2,False,False,False
opentom,98132318::location_fg_so::0,location_fg_so,subjectesis_direct,in the donation pile,2,False,False,False
opentom,98132318::location_fg_so::0,location_fg_so,subjectesis_no_review,unknown,3,True,False,True
opentom,98132318::location_fg_so::0,location_fg_so,subjectesis_review,unknown,3,True,False,True
opentom,98132318::location_fg_so::1,location_fg_so,base_direct,in a donation pile,2,False,False,False
opentom,98132318::location_fg_so::1,location_fg_so,answer_only_direct,in a donation pile,2,False,False,False
opentom,98132318::location_fg_so::1,location_fg_so,subjectesis_direct,in a donation pile,2,False,False,False
opentom,98132318::location_fg_so::1,location_fg_so,subjectesis_no_review,in the donation pile,2,False,False,False
opentom,98132318::location_fg_so::1,location_fg_so,subjectesis_review,in the donation pile,2,False,False,False
opentom,98132318::multihop_fo::0,multihop_fo_fullness,base_direct,less full,1,False,False,False
opentom,98132318::multihop_fo::0,multihop_fo_fullness,answer_only_direct,less full,1,False,False,False
opentom,98132318::multihop_fo::0,multihop_fo_fullness,subjectesis_direct,less full,1,False,False,False
opentom,98132318::multihop_fo::0,multihop_fo_fullness,subjectesis_no_review,less full,1,False,False,False
opentom,98132318::multihop_fo::0,multihop_fo_fullness,subjectesis_review,less full,1,False,False,False
opentom,98132318::multihop_fo::1,multihop_fo_fullness,base_direct,equally full,3,False,False,False
opentom,98132318::multihop_fo::1,multihop_fo_fullness,answer_only_direct,less full,1,False,False,False
opentom,98132318::multihop_fo::1,multihop_fo_fullness,subjectesis_direct,equally full,3,False,False,False
opentom,98132318::multihop_fo::1,multihop_fo_fullness,subjectesis_no_review,equally full,3,False,False,False
opentom,98132318::multihop_fo::1,multihop_fo_fullness,subjectesis_review,equally full,3,False,False,False
opentom,98132318::multihop_fo::2,multihop_fo_fullness,base_direct,more full,2,False,False,False
opentom,98132318::multihop_fo::2,multihop_fo_fullness,answer_only_direct,more full,2,False,False,False
opentom,98132318::multihop_fo::2,multihop_fo_fullness,subjectesis_direct,more full,2,False,False,False
opentom,98132318::multihop_fo::2,multihop_fo_fullness,subjectesis_no_review,more full,2,False,False,False
opentom,98132318::multihop_fo::2,multihop_fo_fullness,subjectesis_review,more full,2,False,False,False
opentom,98132318::multihop_fo::3,multihop_fo_fullness,base_direct,more full,2,False,False,False
opentom,98132318::multihop_fo::3,multihop_fo_fullness,answer_only_direct,more full,2,False,False,False
opentom,98132318::multihop_fo::3,multihop_fo_fullness,subjectesis_direct,more full,2,False,False,False
opentom,98132318::multihop_fo::3,multihop_fo_fullness,subjectesis_no_review,more full,2,False,False,False
opentom,98132318::multihop_fo::3,multihop_fo_fullness,subjectesis_review,more full,2,False,False,False
opentom,98132318::multihop_fo::4,multihop_fo_accessibility,base_direct,less accessible,2,False,False,False
opentom,98132318::multihop_fo::4,multihop_fo_accessibility,answer_only_direct,less accessible,2,False,False,False
opentom,98132318::multihop_fo::4,multihop_fo_accessibility,subjectesis_direct,less accessible,2,False,False,False
opentom,98132318::multihop_fo::4,multihop_fo_accessibility,subjectesis_no_review,less accessible,2,False,False,False
opentom,98132318::multihop_fo::4,multihop_fo_accessibility,subjectesis_review,less accessible,2,False,False,False
opentom,98132318::multihop_fo::5,multihop_fo_accessibility,base_direct,less accessible,2,False,False,False
opentom,98132318::multihop_fo::5,multihop_fo_accessibility,answer_only_direct,less accessible,2,False,False,False
opentom,98132318::multihop_fo::5,multihop_fo_accessibility,subjectesis_direct,less accessible,2,False,False,False
opentom,98132318::multihop_fo::5,multihop_fo_accessibility,subjectesis_no_review,less accessible,2,False,False,False
opentom,98132318::multihop_fo::5,multihop_fo_accessibility,subjectesis_review,less accessible,2,False,False,False
opentom,98132318::multihop_so::0,multihop_so_fullness,base_direct,equally full,3,False,False,False
opentom,98132318::multihop_so::0,multihop_so_fullness,answer_only_direct,less full,1,False,False,False
opentom,98132318::multihop_so::0,multihop_so_fullness,subjectesis_direct,equally full,3,False,False,False
opentom,98132318::multihop_so::0,multihop_so_fullness,subjectesis_no_review,equally full,3,False,False,False
opentom,98132318::multihop_so::0,multihop_so_fullness,subjectesis_review,equally full,3,False,False,False
opentom,98132318::multihop_so::1,multihop_so_fullness,base_direct,equally full,3,False,False,False
opentom,98132318::multihop_so::1,multihop_so_fullness,answer_only_direct,less full,1,False,False,False
opentom,98132318::multihop_so::1,multihop_so_fullness,subjectesis_direct,less full,1,False,False,False
opentom,98132318::multihop_so::1,multihop_so_fullness,subjectesis_no_review,less full,1,False,False,False
opentom,98132318::multihop_so::1,multihop_so_fullness,subjectesis_review,equally full,3,False,False,False
opentom,98132318::multihop_so::2,multihop_so_fullness,base_direct,more full,2,False,False,False
opentom,98132318::multihop_so::2,multihop_so_fullness,answer_only_direct,more full,2,False,False,False
opentom,98132318::multihop_so::2,multihop_so_fullness,subjectesis_direct,more full,2,False,False,False
opentom,98132318::multihop_so::2,multihop_so_fullness,subjectesis_no_review,more full,2,False,False,False
opentom,98132318::multihop_so::2,multihop_so_fullness,subjectesis_review,more full,2,False,False,False
opentom,98132318::multihop_so::3,multihop_so_fullness,base_direct,more full,2,False,False,False
opentom,98132318::multihop_so::3,multihop_so_fullness,answer_only_direct,more full,2,False,False,False
opentom,98132318::multihop_so::3,multihop_so_fullness,subjectesis_direct,more full,2,False,False,False
opentom,98132318::multihop_so::3,multihop_so_fullness,subjectesis_no_review,more full,2,False,False,False
opentom,98132318::multihop_so::3,multihop_so_fullness,subjectesis_review,more full,2,False,False,False
opentom,98132318::multihop_so::4,multihop_so_accessibility,base_direct,less accessible,2,False,False,False
opentom,98132318::multihop_so::4,multihop_so_accessibility,answer_only_direct,less accessible,2,False,False,False
opentom,98132318::multihop_so::4,multihop_so_accessibility,subjectesis_direct,less accessible,2,False,False,False
opentom,98132318::multihop_so::4,multihop_so_accessibility,subjectesis_no_review,less accessible,2,False,False,False
opentom,98132318::multihop_so::4,multihop_so_accessibility,subjectesis_review,less accessible,2,False,False,False
opentom,98132318::multihop_so::5,multihop_so_accessibility,base_direct,less accessible,2,False,False,False
opentom,98132318::multihop_so::5,multihop_so_accessibility,answer_only_direct,less accessible,2,False,False,False
opentom,98132318::multihop_so::5,multihop_so_accessibility,subjectesis_direct,less accessible,2,False,False,False
opentom,98132318::multihop_so::5,multihop_so_accessibility,subjectesis_no_review,less accessible,2,False,False,False
opentom,98132318::multihop_so::5,multihop_so_accessibility,subjectesis_review,less accessible,2,False,False,False
opentom,98132318::attitude::0,attitude,base_direct,positive,1,False,False,False
opentom,98132318::attitude::0,attitude,answer_only_direct,positive,1,False,False,False
opentom,98132318::attitude::0,attitude,subjectesis_direct,positive,1,False,False,False
opentom,98132318::attitude::0,attitude,subjectesis_no_review,positive,1,False,False,False
opentom,98132318::attitude::0,attitude,subjectesis_review,positive,1,False,False,False
opentom,61757120::location_cg_fo::0,location_cg_fo,base_direct,No,0,False,False,False
opentom,61757120::location_cg_fo::0,location_cg_fo,answer_only_direct,No,0,False,False,False
opentom,61757120::location_cg_fo::0,location_cg_fo,subjectesis_direct,No,0,False,False,False
opentom,61757120::location_cg_fo::0,location_cg_fo,subjectesis_no_review,No,0,False,False,False
opentom,61757120::location_cg_fo::0,location_cg_fo,subjectesis_review,No,0,False,False,False
opentom,61757120::location_cg_fo::1,location_cg_fo,base_direct,No,0,False,False,False
opentom,61757120::location_cg_fo::1,location_cg_fo,answer_only_direct,No,0,False,False,False
opentom,61757120::location_cg_fo::1,location_cg_fo,subjectesis_direct,No,0,False,False,False
opentom,61757120::location_cg_fo::1,location_cg_fo,subjectesis_no_review,No,0,False,False,False
opentom,61757120::location_cg_fo::1,location_cg_fo,subjectesis_review,No,0,False,False,False
opentom,61757120::location_cg_so::0,location_cg_so,base_direct,No,0,False,False,False
opentom,61757120::location_cg_so::0,location_cg_so,answer_only_direct,No,0,False,False,False
opentom,61757120::location_cg_so::0,location_cg_so,subjectesis_direct,No,0,False,False,False
opentom,61757120::location_cg_so::0,location_cg_so,subjectesis_no_review,No,0,False,False,False
opentom,61757120::location_cg_so::0,location_cg_so,subjectesis_review,No,0,False,False,False
opentom,61757120::location_cg_so::1,location_cg_so,base_direct,No,0,False,False,False
opentom,61757120::location_cg_so::1,location_cg_so,answer_only_direct,No,0,False,False,False
opentom,61757120::location_cg_so::1,location_cg_so,subjectesis_direct,No,0,False,False,False
opentom,61757120::location_cg_so::1,location_cg_so,subjectesis_no_review,No,0,False,False,False
opentom,61757120::location_cg_so::1,location_cg_so,subjectesis_review,No,0,False,False,False
opentom,61757120::location_fg_fo::0,location_fg_fo,base_direct,in the compost bin,2,False,False,False
opentom,61757120::location_fg_fo::0,location_fg_fo,answer_only_direct,compost bin,2,False,False,False
opentom,61757120::location_fg_fo::0,location_fg_fo,subjectesis_direct,in the compost bin,2,False,False,False
opentom,61757120::location_fg_fo::0,location_fg_fo,subjectesis_no_review,in the compost bin,2,False,False,False
opentom,61757120::location_fg_fo::0,location_fg_fo,subjectesis_review,in the compost bin,2,False,False,False
opentom,61757120::location_fg_fo::1,location_fg_fo,base_direct,in the back yard,3,True,False,True
opentom,61757120::location_fg_fo::1,location_fg_fo,answer_only_direct,in the back yard,3,True,False,True
opentom,61757120::location_fg_fo::1,location_fg_fo,subjectesis_direct,in the back yard,3,True,False,True
opentom,61757120::location_fg_fo::1,location_fg_fo,subjectesis_no_review,unknown,3,True,False,True
opentom,61757120::location_fg_fo::1,location_fg_fo,subjectesis_review,unknown,3,True,False,True
opentom,61757120::location_fg_fo::2,location_fg_fo,base_direct,in the compost bin,2,False,False,False
opentom,61757120::location_fg_fo::2,location_fg_fo,answer_only_direct,in the compost bin,2,False,False,False
opentom,61757120::location_fg_fo::2,location_fg_fo,subjectesis_direct,in the compost bin,2,False,False,False
opentom,61757120::location_fg_fo::2,location_fg_fo,subjectesis_no_review,in the compost bin,2,False,False,False
opentom,61757120::location_fg_fo::2,location_fg_fo,subjectesis_review,in the compost bin,2,False,False,False
opentom,61757120::location_fg_fo::3,location_fg_fo,base_direct,in the compost bin,2,False,False,False
opentom,61757120::location_fg_fo::3,location_fg_fo,answer_only_direct,in the compost bin,2,False,False,False
opentom,61757120::location_fg_fo::3,location_fg_fo,subjectesis_direct,in the compost bin,2,False,False,False
opentom,61757120::location_fg_fo::3,location_fg_fo,subjectesis_no_review,in the compost bin,2,False,False,False
opentom,61757120::location_fg_fo::3,location_fg_fo,subjectesis_review,in the compost bin,2,False,False,False
opentom,61757120::location_fg_so::0,location_fg_so,base_direct,in the compost bin,2,False,False,False
opentom,61757120::location_fg_so::0,location_fg_so,answer_only_direct,in the compost bin,2,False,False,False
opentom,61757120::location_fg_so::0,location_fg_so,subjectesis_direct,in the compost bin,2,False,False,False
opentom,61757120::location_fg_so::0,location_fg_so,subjectesis_no_review,in the compost bin,2,False,False,False
opentom,61757120::location_fg_so::0,location_fg_so,subjectesis_review,in the compost bin,2,False,False,False
opentom,61757120::location_fg_so::1,location_fg_so,base_direct,in the compost bin,2,False,False,False
opentom,61757120::location_fg_so::1,location_fg_so,answer_only_direct,in the compost bin,2,False,False,False
opentom,61757120::location_fg_so::1,location_fg_so,subjectesis_direct,in the compost bin,2,False,False,False
opentom,61757120::location_fg_so::1,location_fg_so,subjectesis_no_review,in the compost bin,2,False,False,False
opentom,61757120::location_fg_so::1,location_fg_so,subjectesis_review,in the compost bin,2,False,False,False
opentom,61757120::multihop_fo::0,multihop_fo_fullness,base_direct,less full,1,False,False,False
opentom,61757120::multihop_fo::0,multihop_fo_fullness,answer_only_direct,less full,1,False,False,False
opentom,61757120::multihop_fo::0,multihop_fo_fullness,subjectesis_direct,less full,1,False,False,False
opentom,61757120::multihop_fo::0,multihop_fo_fullness,subjectesis_no_review,less full,1,False,False,False
opentom,61757120::multihop_fo::0,multihop_fo_fullness,subjectesis_review,less full,1,False,False,False
opentom,61757120::multihop_fo::1,multihop_fo_fullness,base_direct,less full,1,False,False,False
opentom,61757120::multihop_fo::1,multihop_fo_fullness,answer_only_direct,less full,1,False,False,False
opentom,61757120::multihop_fo::1,multihop_fo_fullness,subjectesis_direct,less full,1,False,False,False
opentom,61757120::multihop_fo::1,multihop_fo_fullness,subjectesis_no_review,less full,1,False,False,False
opentom,61757120::multihop_fo::1,multihop_fo_fullness,subjectesis_review,less full,1,False,False,False
opentom,61757120::multihop_fo::2,multihop_fo_fullness,base_direct,more full,2,False,False,False
opentom,61757120::multihop_fo::2,multihop_fo_fullness,answer_only_direct,more full,2,False,False,False
opentom,61757120::multihop_fo::2,multihop_fo_fullness,subjectesis_direct,more full,2,False,False,False
opentom,61757120::multihop_fo::2,multihop_fo_fullness,subjectesis_no_review,more full,2,False,False,False
opentom,61757120::multihop_fo::2,multihop_fo_fullness,subjectesis_review,more full,2,False,False,False
opentom,61757120::multihop_fo::3,multihop_fo_fullness,base_direct,more full,2,False,False,False
opentom,61757120::multihop_fo::3,multihop_fo_fullness,answer_only_direct,less full,1,False,False,False
opentom,61757120::multihop_fo::3,multihop_fo_fullness,subjectesis_direct,more full,2,False,False,False
opentom,61757120::multihop_fo::3,multihop_fo_fullness,subjectesis_no_review,more full,2,False,False,False
opentom,61757120::multihop_fo::3,multihop_fo_fullness,subjectesis_review,more full,2,False,False,False
opentom,61757120::multihop_fo::4,multihop_fo_accessibility,base_direct,less accessible,2,False,False,False
opentom,61757120::multihop_fo::4,multihop_fo_accessibility,answer_only_direct,less accessible,2,False,False,False
opentom,61757120::multihop_fo::4,multihop_fo_accessibility,subjectesis_direct,less accessible,2,False,False,False
opentom,61757120::multihop_fo::4,multihop_fo_accessibility,subjectesis_no_review,less accessible,2,False,False,False
opentom,61757120::multihop_fo::4,multihop_fo_accessibility,subjectesis_review,less accessible,2,False,False,False
opentom,61757120::multihop_fo::5,multihop_fo_accessibility,base_direct,less accessible,2,False,False,False
opentom,61757120::multihop_fo::5,multihop_fo_accessibility,answer_only_direct,less accessible,2,False,False,False
opentom,61757120::multihop_fo::5,multihop_fo_accessibility,subjectesis_direct,less accessible,2,False,False,False
opentom,61757120::multihop_fo::5,multihop_fo_accessibility,subjectesis_no_review,less accessible,2,False,False,False
opentom,61757120::multihop_fo::5,multihop_fo_accessibility,subjectesis_review,less accessible,2,False,False,False
opentom,61757120::multihop_so::0,multihop_so_fullness,base_direct,less full,1,False,False,False
opentom,61757120::multihop_so::0,multihop_so_fullness,answer_only_direct,less full,1,False,False,False
opentom,61757120::multihop_so::0,multihop_so_fullness,subjectesis_direct,less full,1,False,False,False
opentom,61757120::multihop_so::0,multihop_so_fullness,subjectesis_no_review,less full,1,False,False,False
opentom,61757120::multihop_so::0,multihop_so_fullness,subjectesis_review,less full,1,False,False,False
opentom,61757120::multihop_so::1,multihop_so_fullness,base_direct,less full,1,False,False,False
opentom,61757120::multihop_so::1,multihop_so_fullness,answer_only_direct,less full,1,False,False,False
opentom,61757120::multihop_so::1,multihop_so_fullness,subjectesis_direct,less full,1,False,False,False
opentom,61757120::multihop_so::1,multihop_so_fullness,subjectesis_no_review,less full,1,False,False,False
opentom,61757120::multihop_so::1,multihop_so_fullness,subjectesis_review,less full,1,False,False,False
opentom,61757120::multihop_so::2,multihop_so_fullness,base_direct,more full,2,False,False,False
opentom,61757120::multihop_so::2,multihop_so_fullness,answer_only_direct,more full,2,False,False,False
opentom,61757120::multihop_so::2,multihop_so_fullness,subjectesis_direct,more full,2,False,False,False
opentom,61757120::multihop_so::2,multihop_so_fullness,subjectesis_no_review,more full,2,False,False,False
opentom,61757120::multihop_so::2,multihop_so_fullness,subjectesis_review,more full,2,False,False,False
opentom,61757120::multihop_so::3,multihop_so_fullness,base_direct,more full,2,False,False,False
opentom,61757120::multihop_so::3,multihop_so_fullness,answer_only_direct,more full,2,False,False,False
opentom,61757120::multihop_so::3,multihop_so_fullness,subjectesis_direct,more full,2,False,False,False
opentom,61757120::multihop_so::3,multihop_so_fullness,subjectesis_no_review,more full,2,False,False,False
opentom,61757120::multihop_so::3,multihop_so_fullness,subjectesis_review,more full,2,False,False,False
opentom,61757120::multihop_so::4,multihop_so_accessibility,base_direct,less accessible,2,False,False,False
opentom,61757120::multihop_so::4,multihop_so_accessibility,answer_only_direct,less accessible,2,False,False,False
opentom,61757120::multihop_so::4,multihop_so_accessibility,subjectesis_direct,less accessible,2,False,False,False
opentom,61757120::multihop_so::4,multihop_so_accessibility,subjectesis_no_review,less accessible,2,False,False,False
opentom,61757120::multihop_so::4,multihop_so_accessibility,subjectesis_review,less accessible,2,False,False,False
opentom,61757120::multihop_so::5,multihop_so_accessibility,base_direct,less accessible,2,False,False,False
opentom,61757120::multihop_so::5,multihop_so_accessibility,answer_only_direct,less accessible,2,False,False,False
opentom,61757120::multihop_so::5,multihop_so_accessibility,subjectesis_direct,less accessible,2,False,False,False
opentom,61757120::multihop_so::5,multihop_so_accessibility,subjectesis_no_review,less accessible,2,False,False,False
opentom,61757120::multihop_so::5,multihop_so_accessibility,subjectesis_review,less accessible,2,False,False,False
opentom,61757120::attitude::0,attitude,base_direct,negative,2,False,False,False
opentom,61757120::attitude::0,attitude,answer_only_direct,negative,2,False,False,False
opentom,61757120::attitude::0,attitude,subjectesis_direct,negative,2,False,False,False
opentom,61757120::attitude::0,attitude,subjectesis_no_review,negative,2,False,False,False
opentom,61757120::attitude::0,attitude,subjectesis_review,negative,2,False,False,False
opentom,90768647::location_cg_fo::0,location_cg_fo,base_direct,No,0,False,False,False
opentom,90768647::location_cg_fo::0,location_cg_fo,answer_only_direct,No,0,False,False,False
opentom,90768647::location_cg_fo::0,location_cg_fo,subjectesis_direct,No,0,False,False,False
opentom,90768647::location_cg_fo::0,location_cg_fo,subjectesis_no_review,No,0,False,False,False
opentom,90768647::location_cg_fo::0,location_cg_fo,subjectesis_review,No,0,False,False,False
opentom,90768647::location_cg_fo::1,location_cg_fo,base_direct,No,0,False,False,False
opentom,90768647::location_cg_fo::1,location_cg_fo,answer_only_direct,No,0,False,False,False
opentom,90768647::location_cg_fo::1,location_cg_fo,subjectesis_direct,No,0,False,False,False
opentom,90768647::location_cg_fo::1,location_cg_fo,subjectesis_no_review,No,0,False,False,False
opentom,90768647::location_cg_fo::1,location_cg_fo,subjectesis_review,No,0,False,False,False
opentom,90768647::location_cg_so::0,location_cg_so,base_direct,Yes,1,False,False,False
opentom,90768647::location_cg_so::0,location_cg_so,answer_only_direct,No,0,False,False,False
opentom,90768647::location_cg_so::0,location_cg_so,subjectesis_direct,No,0,False,False,False
opentom,90768647::location_cg_so::0,location_cg_so,subjectesis_no_review,No,0,False,False,False
opentom,90768647::location_cg_so::0,location_cg_so,subjectesis_review,No,0,False,False,False
opentom,90768647::location_cg_so::1,location_cg_so,base_direct,No,0,False,False,False
opentom,90768647::location_cg_so::1,location_cg_so,answer_only_direct,No,0,False,False,False
opentom,90768647::location_cg_so::1,location_cg_so,subjectesis_direct,No,0,False,False,False
opentom,90768647::location_cg_so::1,location_cg_so,subjectesis_no_review,No,0,False,False,False
opentom,90768647::location_cg_so::1,location_cg_so,subjectesis_review,No,0,False,False,False
opentom,90768647::location_fg_fo::0,location_fg_fo,base_direct,Messiah's kitchen counter,2,False,False,False
opentom,90768647::location_fg_fo::0,location_fg_fo,answer_only_direct,Messiah's kitchen counter,2,False,False,False
opentom,90768647::location_fg_fo::0,location_fg_fo,subjectesis_direct,Messiah's kitchen counter,2,False,False,False
opentom,90768647::location_fg_fo::0,location_fg_fo,subjectesis_no_review,on Messiah's kitchen counter,2,False,False,False
opentom,90768647::location_fg_fo::0,location_fg_fo,subjectesis_review,on Messiah's kitchen counter,2,False,False,False
opentom,90768647::location_fg_fo::1,location_fg_fo,base_direct,in the pantry,1,False,False,False
opentom,90768647::location_fg_fo::1,location_fg_fo,answer_only_direct,in the pantry,1,False,False,False
opentom,90768647::location_fg_fo::1,location_fg_fo,subjectesis_direct,in the pantry,1,False,False,False
opentom,90768647::location_fg_fo::1,location_fg_fo,subjectesis_no_review,in the pantry,1,False,False,False
opentom,90768647::location_fg_fo::1,location_fg_fo,subjectesis_review,in the pantry,1,False,False,False
opentom,90768647::location_fg_fo::2,location_fg_fo,base_direct,on his own kitchen counter,2,False,False,False
opentom,90768647::location_fg_fo::2,location_fg_fo,answer_only_direct,on his own kitchen counter,2,False,False,False
opentom,90768647::location_fg_fo::2,location_fg_fo,subjectesis_direct,on his own kitchen counter,2,False,False,False
opentom,90768647::location_fg_fo::2,location_fg_fo,subjectesis_no_review,on his kitchen counter,2,False,False,False
opentom,90768647::location_fg_fo::2,location_fg_fo,subjectesis_review,on his kitchen counter,2,False,False,False
opentom,90768647::location_fg_fo::3,location_fg_fo,base_direct,Messiah's kitchen counter,2,False,False,False
opentom,90768647::location_fg_fo::3,location_fg_fo,answer_only_direct,Messiah's kitchen counter,2,False,False,False
opentom,90768647::location_fg_fo::3,location_fg_fo,subjectesis_direct,Messiah's kitchen counter,2,False,False,False
opentom,90768647::location_fg_fo::3,location_fg_fo,subjectesis_no_review,on his own kitchen counter,2,False,False,False
opentom,90768647::location_fg_fo::3,location_fg_fo,subjectesis_review,on his own kitchen counter,2,False,False,False
opentom,90768647::location_fg_so::0,location_fg_so,base_direct,Brooks' kitchen,2,False,False,False
opentom,90768647::location_fg_so::0,location_fg_so,answer_only_direct,Messiah's kitchen counter,2,False,False,False
opentom,90768647::location_fg_so::0,location_fg_so,subjectesis_direct,in the pantry,1,False,False,False
opentom,90768647::location_fg_so::0,location_fg_so,subjectesis_no_review,in the pantry,1,False,False,False
opentom,90768647::location_fg_so::0,location_fg_so,subjectesis_review,in the kitchen counter,2,False,False,False
opentom,90768647::location_fg_so::1,location_fg_so,base_direct,on his own kitchen counter,2,False,False,False
opentom,90768647::location_fg_so::1,location_fg_so,answer_only_direct,on his own kitchen counter,2,False,False,False
opentom,90768647::location_fg_so::1,location_fg_so,subjectesis_direct,on his own kitchen counter,2,False,False,False
opentom,90768647::location_fg_so::1,location_fg_so,subjectesis_no_review,on his own kitchen counter,2,False,False,False
opentom,90768647::location_fg_so::1,location_fg_so,subjectesis_review,on his own kitchen counter,2,False,False,False
opentom,90768647::multihop_fo::0,multihop_fo_fullness,base_direct,less full,1,False,False,False
opentom,90768647::multihop_fo::0,multihop_fo_fullness,answer_only_direct,less full,1,False,False,False
opentom,90768647::multihop_fo::0,multihop_fo_fullness,subjectesis_direct,less full,1,False,False,False
opentom,90768647::multihop_fo::0,multihop_fo_fullness,subjectesis_no_review,less full,1,False,False,False
opentom,90768647::multihop_fo::0,multihop_fo_fullness,subjectesis_review,less full,1,False,False,False
opentom,90768647::multihop_fo::1,multihop_fo_fullness,base_direct,less full,1,False,False,False
opentom,90768647::multihop_fo::1,multihop_fo_fullness,answer_only_direct,less full,1,False,False,False
opentom,90768647::multihop_fo::1,multihop_fo_fullness,subjectesis_direct,less full,1,False,False,False
opentom,90768647::multihop_fo::1,multihop_fo_fullness,subjectesis_no_review,less full,1,False,False,False
opentom,90768647::multihop_fo::1,multihop_fo_fullness,subjectesis_review,less full,1,False,False,False
opentom,90768647::multihop_fo::2,multihop_fo_fullness,base_direct,more full,2,False,False,False
opentom,90768647::multihop_fo::2,multihop_fo_fullness,answer_only_direct,more full,2,False,False,False
opentom,90768647::multihop_fo::2,multihop_fo_fullness,subjectesis_direct,more full,2,False,False,False
opentom,90768647::multihop_fo::2,multihop_fo_fullness,subjectesis_no_review,more full,2,False,False,False
opentom,90768647::multihop_fo::2,multihop_fo_fullness,subjectesis_review,more full,2,False,False,False
opentom,90768647::multihop_fo::3,multihop_fo_fullness,base_direct,more full,2,False,False,False
opentom,90768647::multihop_fo::3,multihop_fo_fullness,answer_only_direct,more full,2,False,False,False
opentom,90768647::multihop_fo::3,multihop_fo_fullness,subjectesis_direct,more full,2,False,False,False
opentom,90768647::multihop_fo::3,multihop_fo_fullness,subjectesis_no_review,more full,2,False,False,False
opentom,90768647::multihop_fo::3,multihop_fo_fullness,subjectesis_review,more full,2,False,False,False
opentom,90768647::multihop_fo::4,multihop_fo_accessibility,base_direct,more accessible,1,False,False,False
opentom,90768647::multihop_fo::4,multihop_fo_accessibility,answer_only_direct,more accessible,1,False,False,False
opentom,90768647::multihop_fo::4,multihop_fo_accessibility,subjectesis_direct,more accessible,1,False,False,False
opentom,90768647::multihop_fo::4,multihop_fo_accessibility,subjectesis_no_review,more accessible,1,False,False,False
opentom,90768647::multihop_fo::4,multihop_fo_accessibility,subjectesis_review,more accessible,1,False,False,False
opentom,90768647::multihop_fo::5,multihop_fo_accessibility,base_direct,more accessible,1,False,False,False
opentom,90768647::multihop_fo::5,multihop_fo_accessibility,answer_only_direct,more accessible,1,False,False,False
opentom,90768647::multihop_fo::5,multihop_fo_accessibility,subjectesis_direct,more accessible,1,False,False,False
opentom,90768647::multihop_fo::5,multihop_fo_accessibility,subjectesis_no_review,more accessible,1,False,False,False
opentom,90768647::multihop_fo::5,multihop_fo_accessibility,subjectesis_review,more accessible,1,False,False,False
opentom,90768647::multihop_so::0,multihop_so_fullness,base_direct,less full,1,False,False,False
opentom,90768647::multihop_so::0,multihop_so_fullness,answer_only_direct,less full,1,False,False,False
opentom,90768647::multihop_so::0,multihop_so_fullness,subjectesis_direct,less full,1,False,False,False
opentom,90768647::multihop_so::0,multihop_so_fullness,subjectesis_no_review,less full,1,False,False,False
opentom,90768647::multihop_so::0,multihop_so_fullness,subjectesis_review,less full,1,False,False,False
opentom,90768647::multihop_so::1,multihop_so_fullness,base_direct,less full,1,False,False,False
opentom,90768647::multihop_so::1,multihop_so_fullness,answer_only_direct,less full,1,False,False,False
opentom,90768647::multihop_so::1,multihop_so_fullness,subjectesis_direct,less full,1,False,False,False
opentom,90768647::multihop_so::1,multihop_so_fullness,subjectesis_no_review,less full,1,False,False,False
opentom,90768647::multihop_so::1,multihop_so_fullness,subjectesis_review,less full,1,False,False,False
opentom,90768647::multihop_so::2,multihop_so_fullness,base_direct,more full,2,False,False,False
opentom,90768647::multihop_so::2,multihop_so_fullness,answer_only_direct,more full,2,False,False,False
opentom,90768647::multihop_so::2,multihop_so_fullness,subjectesis_direct,more full,2,False,False,False
opentom,90768647::multihop_so::2,multihop_so_fullness,subjectesis_no_review,more full,2,False,False,False
opentom,90768647::multihop_so::2,multihop_so_fullness,subjectesis_review,more full,2,False,False,False
opentom,90768647::multihop_so::3,multihop_so_fullness,base_direct,more full,2,False,False,False
opentom,90768647::multihop_so::3,multihop_so_fullness,answer_only_direct,more full,2,False,False,False
opentom,90768647::multihop_so::3,multihop_so_fullness,subjectesis_direct,more full,2,False,False,False
opentom,90768647::multihop_so::3,multihop_so_fullness,subjectesis_no_review,more full,2,False,False,False
opentom,90768647::multihop_so::3,multihop_so_fullness,subjectesis_review,more full,2,False,False,False
opentom,90768647::multihop_so::4,multihop_so_accessibility,base_direct,more accessible,1,False,False,False
opentom,90768647::multihop_so::4,multihop_so_accessibility,answer_only_direct,less accessible,2,False,False,False
opentom,90768647::multihop_so::4,multihop_so_accessibility,subjectesis_direct,more accessible,1,False,False,False
opentom,90768647::multihop_so::4,multihop_so_accessibility,subjectesis_no_review,more accessible,1,False,False,False
opentom,90768647::multihop_so::4,multihop_so_accessibility,subjectesis_review,less accessible,2,False,False,False
opentom,90768647::multihop_so::5,multihop_so_accessibility,base_direct,more accessible,1,False,False,False
opentom,90768647::multihop_so::5,multihop_so_accessibility,answer_only_direct,more accessible,1,False,False,False
opentom,90768647::multihop_so::5,multihop_so_accessibility,subjectesis_direct,more accessible,1,False,False,False
opentom,90768647::multihop_so::5,multihop_so_accessibility,subjectesis_no_review,more accessible,1,False,False,False
opentom,90768647::multihop_so::5,multihop_so_accessibility,subjectesis_review,more accessible,1,False,False,False
opentom,90768647::attitude::0,attitude,base_direct,negative,2,False,False,False
opentom,90768647::attitude::0,attitude,answer_only_direct,negative,2,False,False,False
opentom,90768647::attitude::0,attitude,subjectesis_direct,negative,2,False,False,False
opentom,90768647::attitude::0,attitude,subjectesis_no_review,negative,2,False,False,False
opentom,90768647::attitude::0,attitude,subjectesis_review,negative,2,False,False,False
opentom,32725756::location_cg_fo::0,location_cg_fo,base_direct,No,0,False,False,False
opentom,32725756::location_cg_fo::0,location_cg_fo,answer_only_direct,No,0,False,False,False
opentom,32725756::location_cg_fo::0,location_cg_fo,subjectesis_direct,No,0,False,False,False
opentom,32725756::location_cg_fo::0,location_cg_fo,subjectesis_no_review,No,0,False,False,False
opentom,32725756::location_cg_fo::0,location_cg_fo,subjectesis_review,No,0,False,False,False
opentom,32725756::location_cg_fo::1,location_cg_fo,base_direct,No,0,False,False,False
opentom,32725756::location_cg_fo::1,location_cg_fo,answer_only_direct,No,0,False,False,False
opentom,32725756::location_cg_fo::1,location_cg_fo,subjectesis_direct,No,0,False,False,False
opentom,32725756::location_cg_fo::1,location_cg_fo,subjectesis_no_review,No,0,False,False,False
opentom,32725756::location_cg_fo::1,location_cg_fo,subjectesis_review,No,0,False,False,False
opentom,32725756::location_cg_so::0,location_cg_so,base_direct,Yes,1,False,False,False
opentom,32725756::location_cg_so::0,location_cg_so,answer_only_direct,Yes,1,False,False,False
opentom,32725756::location_cg_so::0,location_cg_so,subjectesis_direct,No,0,False,False,False
opentom,32725756::location_cg_so::0,location_cg_so,subjectesis_no_review,No,0,False,False,False
opentom,32725756::location_cg_so::0,location_cg_so,subjectesis_review,No,0,False,False,False
opentom,32725756::location_cg_so::1,location_cg_so,base_direct,No,0,False,False,False
opentom,32725756::location_cg_so::1,location_cg_so,answer_only_direct,No,0,False,False,False
opentom,32725756::location_cg_so::1,location_cg_so,subjectesis_direct,No,0,False,False,False
opentom,32725756::location_cg_so::1,location_cg_so,subjectesis_no_review,No,0,False,False,False
opentom,32725756::location_cg_so::1,location_cg_so,subjectesis_review,No,0,False,False,False
opentom,32725756::location_fg_fo::0,location_fg_fo,base_direct,in a trash bag,2,False,False,False
opentom,32725756::location_fg_fo::0,location_fg_fo,answer_only_direct,in a trash bag,2,False,False,False
opentom,32725756::location_fg_fo::0,location_fg_fo,subjectesis_direct,in a trash bag,2,False,False,False
opentom,32725756::location_fg_fo::0,location_fg_fo,subjectesis_no_review,in a trash bag,2,False,False,False
opentom,32725756::location_fg_fo::0,location_fg_fo,subjectesis_review,in a trash bag,2,False,False,False
opentom,32725756::location_fg_fo::1,location_fg_fo,base_direct,by the shed,3,True,False,True
opentom,32725756::location_fg_fo::1,location_fg_fo,answer_only_direct,by the shed,3,True,False,True
opentom,32725756::location_fg_fo::1,location_fg_fo,subjectesis_direct,by the shed,3,True,False,True
opentom,32725756::location_fg_fo::1,location_fg_fo,subjectesis_no_review,by the shed,3,True,False,True
opentom,32725756::location_fg_fo::1,location_fg_fo,subjectesis_review,by the shed,3,True,False,True
opentom,32725756::location_fg_fo::2,location_fg_fo,base_direct,in a trash bag nearby,2,False,False,False
opentom,32725756::location_fg_fo::2,location_fg_fo,answer_only_direct,in a trash bag,2,False,False,False
opentom,32725756::location_fg_fo::2,location_fg_fo,subjectesis_direct,in a trash bag,2,False,False,False
opentom,32725756::location_fg_fo::2,location_fg_fo,subjectesis_no_review,in the trash bag,2,False,False,False
opentom,32725756::location_fg_fo::2,location_fg_fo,subjectesis_review,in the trash bag,2,False,False,False
opentom,32725756::location_fg_fo::3,location_fg_fo,base_direct,in a trash bag,2,False,False,False
opentom,32725756::location_fg_fo::3,location_fg_fo,answer_only_direct,in a trash bag,2,False,False,False
opentom,32725756::location_fg_fo::3,location_fg_fo,subjectesis_direct,in a trash bag,2,False,False,False
opentom,32725756::location_fg_fo::3,location_fg_fo,subjectesis_no_review,in a trash bag,2,False,False,False
opentom,32725756::location_fg_fo::3,location_fg_fo,subjectesis_review,in a trash bag,2,False,False,False
opentom,32725756::location_fg_so::0,location_fg_so,base_direct,by the shed,3,True,False,True
opentom,32725756::location_fg_so::0,location_fg_so,answer_only_direct,in the back yard,3,True,False,True
opentom,32725756::location_fg_so::0,location_fg_so,subjectesis_direct,in the back yard,3,True,False,True
opentom,32725756::location_fg_so::0,location_fg_so,subjectesis_no_review,in the back yard,3,True,False,True
opentom,32725756::location_fg_so::0,location_fg_so,subjectesis_review,in the shed,3,True,False,True
opentom,32725756::location_fg_so::1,location_fg_so,base_direct,in a trash bag nearby,2,False,False,False
opentom,32725756::location_fg_so::1,location_fg_so,answer_only_direct,in a trash bag,2,False,False,False
opentom,32725756::location_fg_so::1,location_fg_so,subjectesis_direct,in a trash bag,2,False,False,False
opentom,32725756::location_fg_so::1,location_fg_so,subjectesis_no_review,in the trash bag,2,False,False,False
opentom,32725756::location_fg_so::1,location_fg_so,subjectesis_review,in the trash bag,2,False,False,False
opentom,32725756::multihop_fo::0,multihop_fo_fullness,base_direct,less full,1,False,False,False
opentom,32725756::multihop_fo::0,multihop_fo_fullness,answer_only_direct,less full,1,False,False,False
opentom,32725756::multihop_fo::0,multihop_fo_fullness,subjectesis_direct,less full,1,False,False,False
opentom,32725756::multihop_fo::0,multihop_fo_fullness,subjectesis_no_review,less full,1,False,False,False
opentom,32725756::multihop_fo::0,multihop_fo_fullness,subjectesis_review,less full,1,False,False,False
opentom,32725756::multihop_fo::1,multihop_fo_fullness,base_direct,less full,1,False,False,False
opentom,32725756::multihop_fo::1,multihop_fo_fullness,answer_only_direct,less full,1,False,False,False
opentom,32725756::multihop_fo::1,multihop_fo_fullness,subjectesis_direct,less full,1,False,False,False
opentom,32725756::multihop_fo::1,multihop_fo_fullness,subjectesis_no_review,less full,1,False,False,False
opentom,32725756::multihop_fo::1,multihop_fo_fullness,subjectesis_review,less full,1,False,False,False
opentom,32725756::multihop_fo::2,multihop_fo_fullness,base_direct,more full,2,False,False,False
opentom,32725756::multihop_fo::2,multihop_fo_fullness,answer_only_direct,more full,2,False,False,False
opentom,32725756::multihop_fo::2,multihop_fo_fullness,subjectesis_direct,more full,2,False,False,False
opentom,32725756::multihop_fo::2,multihop_fo_fullness,subjectesis_no_review,more full,2,False,False,False
opentom,32725756::multihop_fo::2,multihop_fo_fullness,subjectesis_review,more full,2,False,False,False
opentom,32725756::multihop_fo::3,multihop_fo_fullness,base_direct,more full,2,False,False,False
opentom,32725756::multihop_fo::3,multihop_fo_fullness,answer_only_direct,more full,2,False,False,False
opentom,32725756::multihop_fo::3,multihop_fo_fullness,subjectesis_direct,more full,2,False,False,False
opentom,32725756::multihop_fo::3,multihop_fo_fullness,subjectesis_no_review,more full,2,False,False,False
opentom,32725756::multihop_fo::3,multihop_fo_fullness,subjectesis_review,more full,2,False,False,False
opentom,32725756::multihop_fo::4,multihop_fo_accessibility,base_direct,less accessible,2,False,False,False
opentom,32725756::multihop_fo::4,multihop_fo_accessibility,answer_only_direct,less accessible,2,False,False,False
opentom,32725756::multihop_fo::4,multihop_fo_accessibility,subjectesis_direct,less accessible,2,False,False,False
opentom,32725756::multihop_fo::4,multihop_fo_accessibility,subjectesis_no_review,less accessible,2,False,False,False
opentom,32725756::multihop_fo::4,multihop_fo_accessibility,subjectesis_review,less accessible,2,False,False,False
opentom,32725756::multihop_fo::5,multihop_fo_accessibility,base_direct,less accessible,2,False,False,False
opentom,32725756::multihop_fo::5,multihop_fo_accessibility,answer_only_direct,less accessible,2,False,False,False
opentom,32725756::multihop_fo::5,multihop_fo_accessibility,subjectesis_direct,less accessible,2,False,False,False
opentom,32725756::multihop_fo::5,multihop_fo_accessibility,subjectesis_no_review,less accessible,2,False,False,False
opentom,32725756::multihop_fo::5,multihop_fo_accessibility,subjectesis_review,less accessible,2,False,False,False
opentom,32725756::multihop_so::0,multihop_so_fullness,base_direct,less full,1,False,False,False
opentom,32725756::multihop_so::0,multihop_so_fullness,answer_only_direct,less full,1,False,False,False
opentom,32725756::multihop_so::0,multihop_so_fullness,subjectesis_direct,less full,1,False,False,False
opentom,32725756::multihop_so::0,multihop_so_fullness,subjectesis_no_review,less full,1,False,False,False
opentom,32725756::multihop_so::0,multihop_so_fullness,subjectesis_review,equally full,3,False,False,False
opentom,32725756::multihop_so::1,multihop_so_fullness,base_direct,less full,1,False,False,False
opentom,32725756::multihop_so::1,multihop_so_fullness,answer_only_direct,less full,1,False,False,False
opentom,32725756::multihop_so::1,multihop_so_fullness,subjectesis_direct,less full,1,False,False,False
opentom,32725756::multihop_so::1,multihop_so_fullness,subjectesis_no_review,less full,1,False,False,False
opentom,32725756::multihop_so::1,multihop_so_fullness,subjectesis_review,less full,1,False,False,False
opentom,32725756::multihop_so::2,multihop_so_fullness,base_direct,more full,2,False,False,False
opentom,32725756::multihop_so::2,multihop_so_fullness,answer_only_direct,more full,2,False,False,False
opentom,32725756::multihop_so::2,multihop_so_fullness,subjectesis_direct,more full,2,False,False,False
opentom,32725756::multihop_so::2,multihop_so_fullness,subjectesis_no_review,more full,2,False,False,False
opentom,32725756::multihop_so::2,multihop_so_fullness,subjectesis_review,more full,2,False,False,False
opentom,32725756::multihop_so::3,multihop_so_fullness,base_direct,more full,2,False,False,False
opentom,32725756::multihop_so::3,multihop_so_fullness,answer_only_direct,more full,2,False,False,False
opentom,32725756::multihop_so::3,multihop_so_fullness,subjectesis_direct,more full,2,False,False,False
opentom,32725756::multihop_so::3,multihop_so_fullness,subjectesis_no_review,more full,2,False,False,False
opentom,32725756::multihop_so::3,multihop_so_fullness,subjectesis_review,more full,2,False,False,False
opentom,32725756::multihop_so::4,multihop_so_accessibility,base_direct,less accessible,2,False,False,False
opentom,32725756::multihop_so::4,multihop_so_accessibility,answer_only_direct,less accessible,2,False,False,False
opentom,32725756::multihop_so::4,multihop_so_accessibility,subjectesis_direct,less accessible,2,False,False,False
opentom,32725756::multihop_so::4,multihop_so_accessibility,subjectesis_no_review,less accessible,2,False,False,False
opentom,32725756::multihop_so::4,multihop_so_accessibility,subjectesis_review,less accessible,2,False,False,False
opentom,32725756::multihop_so::5,multihop_so_accessibility,base_direct,less accessible,2,False,False,False
opentom,32725756::multihop_so::5,multihop_so_accessibility,answer_only_direct,less accessible,2,False,False,False
opentom,32725756::multihop_so::5,multihop_so_accessibility,subjectesis_direct,less accessible,2,False,False,False
opentom,32725756::multihop_so::5,multihop_so_accessibility,subjectesis_no_review,less accessible,2,False,False,False
opentom,32725756::multihop_so::5,multihop_so_accessibility,subjectesis_review,less accessible,2,False,False,False
opentom,32725756::attitude::0,attitude,base_direct,negative,2,False,False,False
opentom,32725756::attitude::0,attitude,answer_only_direct,negative,2,False,False,False
opentom,32725756::attitude::0,attitude,subjectesis_direct,negative,2,False,False,False
opentom,32725756::attitude::0,attitude,subjectesis_no_review,negative,2,False,False,False
opentom,32725756::attitude::0,attitude,subjectesis_review,negative,2,False,False,False
opentom,40349564::location_cg_fo::0,location_cg_fo,base_direct,No,0,False,False,False
opentom,40349564::location_cg_fo::0,location_cg_fo,answer_only_direct,No,0,False,False,False
opentom,40349564::location_cg_fo::0,location_cg_fo,subjectesis_direct,No,0,False,False,False
opentom,40349564::location_cg_fo::0,location_cg_fo,subjectesis_no_review,No,0,False,False,False
opentom,40349564::location_cg_fo::0,location_cg_fo,subjectesis_review,No,0,False,False,False
opentom,40349564::location_cg_fo::1,location_cg_fo,base_direct,No,0,False,False,False
opentom,40349564::location_cg_fo::1,location_cg_fo,answer_only_direct,No,0,False,False,False
opentom,40349564::location_cg_fo::1,location_cg_fo,subjectesis_direct,No,0,False,False,False
opentom,40349564::location_cg_fo::1,location_cg_fo,subjectesis_no_review,No,0,False,False,False
opentom,40349564::location_cg_fo::1,location_cg_fo,subjectesis_review,No,0,False,False,False
opentom,40349564::location_cg_so::0,location_cg_so,base_direct,No,0,False,False,False
opentom,40349564::location_cg_so::0,location_cg_so,answer_only_direct,No,0,False,False,False
opentom,40349564::location_cg_so::0,location_cg_so,subjectesis_direct,No,0,False,False,False
opentom,40349564::location_cg_so::0,location_cg_so,subjectesis_no_review,No,0,False,False,False
opentom,40349564::location_cg_so::0,location_cg_so,subjectesis_review,No,0,False,False,False
opentom,40349564::location_cg_so::1,location_cg_so,base_direct,No,0,False,False,False
opentom,40349564::location_cg_so::1,location_cg_so,answer_only_direct,No,0,False,False,False
opentom,40349564::location_cg_so::1,location_cg_so,subjectesis_direct,No,0,False,False,False
opentom,40349564::location_cg_so::1,location_cg_so,subjectesis_no_review,No,0,False,False,False
opentom,40349564::location_cg_so::1,location_cg_so,subjectesis_review,No,0,False,False,False
opentom,40349564::location_fg_fo::0,location_fg_fo,base_direct,"in a dusty box, deep within the confines of darkness",3,True,False,True
opentom,40349564::location_fg_fo::0,location_fg_fo,answer_only_direct,"in a dusty box, deep within the confines of darkness",3,True,False,True
opentom,40349564::location_fg_fo::0,location_fg_fo,subjectesis_direct,"in a dusty box, deep within the confines of darkness",3,True,False,True
opentom,40349564::location_fg_fo::0,location_fg_fo,subjectesis_no_review,"in a dusty box, deep within the confines of darkness",3,True,False,True
opentom,40349564::location_fg_fo::0,location_fg_fo,subjectesis_review,"in a dusty box, deep within the confines of darkness",3,True,False,True
opentom,40349564::location_fg_fo::1,location_fg_fo,base_direct,neatly hanging on a hook,3,True,False,True
opentom,40349564::location_fg_fo::1,location_fg_fo,answer_only_direct,on a hook,3,True,False,True
opentom,40349564::location_fg_fo::1,location_fg_fo,subjectesis_direct,neatly hanging on a hook,3,True,False,True
opentom,40349564::location_fg_fo::1,location_fg_fo,subjectesis_no_review,on a hook in the laundry,3,True,False,True
opentom,40349564::location_fg_fo::1,location_fg_fo,subjectesis_review,on a hook in the laundry,3,True,False,True
opentom,40349564::location_fg_fo::2,location_fg_fo,base_direct,"in a dusty box, deep within the confines of darkness in the basement storage room",2,False,False,False
opentom,40349564::location_fg_fo::2,location_fg_fo,answer_only_direct,"in a dusty box, deep within the confines of darkness",3,True,False,True
opentom,40349564::location_fg_fo::2,location_fg_fo,subjectesis_direct,"in a dusty box, deep within the confines of darkness",3,True,False,True
opentom,40349564::location_fg_fo::2,location_fg_fo,subjectesis_no_review,"in the basement storage room, specifically stashed in a dusty box deep within the confines of darkness",2,False,False,False
opentom,40349564::location_fg_fo::2,location_fg_fo,subjectesis_review,"in the basement storage room, specifically stashed in a dusty box deep within the confines of darkness",2,False,False,False
opentom,40349564::location_fg_fo::3,location_fg_fo,base_direct,"in a dusty box, deep within the confines of darkness",3,True,False,True
opentom,40349564::location_fg_fo::3,location_fg_fo,answer_only_direct,in a dusty box in the basement storage room,2,False,False,False
opentom,40349564::location_fg_fo::3,location_fg_fo,subjectesis_direct,"in a dusty box, deep within the confines of darkness",3,True,False,True
opentom,40349564::location_fg_fo::3,location_fg_fo,subjectesis_no_review,"in the basement storage room, stashed in a dusty box",2,False,False,False
opentom,40349564::location_fg_fo::3,location_fg_fo,subjectesis_review,"in the basement storage room, stashed in a dusty box",2,False,False,False
opentom,40349564::location_fg_so::0,location_fg_so,base_direct,"in a dusty box, deep within the confines of darkness",3,True,False,True
opentom,40349564::location_fg_so::0,location_fg_so,answer_only_direct,"in a dusty box, deep within the confines of darkness",3,True,False,True
opentom,40349564::location_fg_so::0,location_fg_so,subjectesis_direct,"in a dusty box, deep within the confines of darkness",3,True,False,True
opentom,40349564::location_fg_so::0,location_fg_so,subjectesis_no_review,"in the basement storage room, specifically in a dusty box deep within the confines of darkness",2,False,False,False
opentom,40349564::location_fg_so::0,location_fg_so,subjectesis_review,"in the basement storage room, specifically in a dusty box deep within the confines of darkness",2,False,False,False
opentom,40349564::location_fg_so::1,location_fg_so,base_direct,"in a dusty box, deep within the confines of darkness",3,True,False,True
opentom,40349564::location_fg_so::1,location_fg_so,answer_only_direct,"in a dusty box, deep within the confines of darkness",3,True,False,True
opentom,40349564::location_fg_so::1,location_fg_so,subjectesis_direct,"in a dusty box, deep within the confines of darkness",3,True,False,True
opentom,40349564::location_fg_so::1,location_fg_so,subjectesis_no_review,"in the basement storage room, specifically stashed in a dusty box deep within the confines of darkness",2,False,False,False
opentom,40349564::location_fg_so::1,location_fg_so,subjectesis_review,"in the basement storage room, specifically stashed in a dusty box deep within the confines of darkness",2,False,False,False
opentom,40349564::multihop_fo::0,multihop_fo_fullness,base_direct,less full,1,False,False,False
opentom,40349564::multihop_fo::0,multihop_fo_fullness,answer_only_direct,less full,1,False,False,False
opentom,40349564::multihop_fo::0,multihop_fo_fullness,subjectesis_direct,less full,1,False,False,False
opentom,40349564::multihop_fo::0,multihop_fo_fullness,subjectesis_no_review,less full,1,False,False,False
opentom,40349564::multihop_fo::0,multihop_fo_fullness,subjectesis_review,less full,1,False,False,False
opentom,40349564::multihop_fo::1,multihop_fo_fullness,base_direct,less full,1,False,False,False
opentom,40349564::multihop_fo::1,multihop_fo_fullness,answer_only_direct,less full,1,False,False,False
opentom,40349564::multihop_fo::1,multihop_fo_fullness,subjectesis_direct,less full,1,False,False,False
opentom,40349564::multihop_fo::1,multihop_fo_fullness,subjectesis_no_review,unknown,-1,True,True,False
opentom,40349564::multihop_fo::1,multihop_fo_fullness,subjectesis_review,unknown,-1,True,True,False
opentom,40349564::multihop_fo::2,multihop_fo_fullness,base_direct,more full,2,False,False,False
opentom,40349564::multihop_fo::2,multihop_fo_fullness,answer_only_direct,more full,2,False,False,False
opentom,40349564::multihop_fo::2,multihop_fo_fullness,subjectesis_direct,more full,2,False,False,False
opentom,40349564::multihop_fo::2,multihop_fo_fullness,subjectesis_no_review,more full,2,False,False,False
opentom,40349564::multihop_fo::2,multihop_fo_fullness,subjectesis_review,more full,2,False,False,False
opentom,40349564::multihop_fo::3,multihop_fo_fullness,base_direct,more full,2,False,False,False
opentom,40349564::multihop_fo::3,multihop_fo_fullness,answer_only_direct,more full,2,False,False,False
opentom,40349564::multihop_fo::3,multihop_fo_fullness,subjectesis_direct,more full,2,False,False,False
opentom,40349564::multihop_fo::3,multihop_fo_fullness,subjectesis_no_review,more full,2,False,False,False
opentom,40349564::multihop_fo::3,multihop_fo_fullness,subjectesis_review,more full,2,False,False,False
opentom,40349564::multihop_fo::4,multihop_fo_accessibility,base_direct,less accessible,2,False,False,False
opentom,40349564::multihop_fo::4,multihop_fo_accessibility,answer_only_direct,less accessible,2,False,False,False
opentom,40349564::multihop_fo::4,multihop_fo_accessibility,subjectesis_direct,less accessible,2,False,False,False
opentom,40349564::multihop_fo::4,multihop_fo_accessibility,subjectesis_no_review,less accessible,2,False,False,False
opentom,40349564::multihop_fo::4,multihop_fo_accessibility,subjectesis_review,less accessible,2,False,False,False
opentom,40349564::multihop_fo::5,multihop_fo_accessibility,base_direct,less accessible,2,False,False,False
opentom,40349564::multihop_fo::5,multihop_fo_accessibility,answer_only_direct,less accessible,2,False,False,False
opentom,40349564::multihop_fo::5,multihop_fo_accessibility,subjectesis_direct,less accessible,2,False,False,False
opentom,40349564::multihop_fo::5,multihop_fo_accessibility,subjectesis_no_review,less accessible,2,False,False,False
opentom,40349564::multihop_fo::5,multihop_fo_accessibility,subjectesis_review,less accessible,2,False,False,False
opentom,40349564::multihop_so::0,multihop_so_fullness,base_direct,less full,1,False,False,False
opentom,40349564::multihop_so::0,multihop_so_fullness,answer_only_direct,less full,1,False,False,False
opentom,40349564::multihop_so::0,multihop_so_fullness,subjectesis_direct,less full,1,False,False,False
opentom,40349564::multihop_so::0,multihop_so_fullness,subjectesis_no_review,unknown,-1,True,True,False
opentom,40349564::multihop_so::0,multihop_so_fullness,subjectesis_review,unknown,-1,True,True,False
opentom,40349564::multihop_so::1,multihop_so_fullness,base_direct,less full,1,False,False,False
opentom,40349564::multihop_so::1,multihop_so_fullness,answer_only_direct,less full,1,False,False,False
opentom,40349564::multihop_so::1,multihop_so_fullness,subjectesis_direct,less full,1,False,False,False
opentom,40349564::multihop_so::1,multihop_so_fullness,subjectesis_no_review,unknown,-1,True,True,False
opentom,40349564::multihop_so::1,multihop_so_fullness,subjectesis_review,unknown,-1,True,True,False
opentom,40349564::multihop_so::2,multihop_so_fullness,base_direct,more full,2,False,False,False
opentom,40349564::multihop_so::2,multihop_so_fullness,answer_only_direct,more full,2,False,False,False
opentom,40349564::multihop_so::2,multihop_so_fullness,subjectesis_direct,more full,2,False,False,False
opentom,40349564::multihop_so::2,multihop_so_fullness,subjectesis_no_review,more full,2,False,False,False
opentom,40349564::multihop_so::2,multihop_so_fullness,subjectesis_review,more full,2,False,False,False
opentom,40349564::multihop_so::3,multihop_so_fullness,base_direct,more full,2,False,False,False
opentom,40349564::multihop_so::3,multihop_so_fullness,answer_only_direct,more full,2,False,False,False
opentom,40349564::multihop_so::3,multihop_so_fullness,subjectesis_direct,more full,2,False,False,False
opentom,40349564::multihop_so::3,multihop_so_fullness,subjectesis_no_review,more full,2,False,False,False
opentom,40349564::multihop_so::3,multihop_so_fullness,subjectesis_review,more full,2,False,False,False
opentom,40349564::multihop_so::4,multihop_so_accessibility,base_direct,less accessible,2,False,False,False
opentom,40349564::multihop_so::4,multihop_so_accessibility,answer_only_direct,less accessible,2,False,False,False
opentom,40349564::multihop_so::4,multihop_so_accessibility,subjectesis_direct,less accessible,2,False,False,False
opentom,40349564::multihop_so::4,multihop_so_accessibility,subjectesis_no_review,less accessible,2,False,False,False
opentom,40349564::multihop_so::4,multihop_so_accessibility,subjectesis_review,less accessible,2,False,False,False
opentom,40349564::multihop_so::5,multihop_so_accessibility,base_direct,less accessible,2,False,False,False
opentom,40349564::multihop_so::5,multihop_so_accessibility,answer_only_direct,less accessible,2,False,False,False
opentom,40349564::multihop_so::5,multihop_so_accessibility,subjectesis_direct,less accessible,2,False,False,False
opentom,40349564::multihop_so::5,multihop_so_accessibility,subjectesis_no_review,less accessible,2,False,False,False
opentom,40349564::multihop_so::5,multihop_so_accessibility,subjectesis_review,less accessible,2,False,False,False
opentom,40349564::attitude::0,attitude,base_direct,negative,2,False,False,False
opentom,40349564::attitude::0,attitude,answer_only_direct,negative,2,False,False,False
opentom,40349564::attitude::0,attitude,subjectesis_direct,negative,2,False,False,False
opentom,40349564::attitude::0,attitude,subjectesis_no_review,negative,2,False,False,False
opentom,40349564::attitude::0,attitude,subjectesis_review,negative,2,False,False,False
opentom,43999533::location_cg_fo::0,location_cg_fo,base_direct,No,0,False,False,False
opentom,43999533::location_cg_fo::0,location_cg_fo,answer_only_direct,No,0,False,False,False
opentom,43999533::location_cg_fo::0,location_cg_fo,subjectesis_direct,No,0,False,False,False
opentom,43999533::location_cg_fo::0,location_cg_fo,subjectesis_no_review,No,0,False,False,False
opentom,43999533::location_cg_fo::0,location_cg_fo,subjectesis_review,No,0,False,False,False
opentom,43999533::location_cg_fo::1,location_cg_fo,base_direct,No,0,False,False,False
opentom,43999533::location_cg_fo::1,location_cg_fo,answer_only_direct,No,0,False,False,False
opentom,43999533::location_cg_fo::1,location_cg_fo,subjectesis_direct,No,0,False,False,False
opentom,43999533::location_cg_fo::1,location_cg_fo,subjectesis_no_review,No,0,False,False,False
opentom,43999533::location_cg_fo::1,location_cg_fo,subjectesis_review,No,0,False,False,False
opentom,43999533::location_cg_so::0,location_cg_so,base_direct,Yes,1,False,False,False
opentom,43999533::location_cg_so::0,location_cg_so,answer_only_direct,No,0,False,False,False
opentom,43999533::location_cg_so::0,location_cg_so,subjectesis_direct,No,0,False,False,False
opentom,43999533::location_cg_so::0,location_cg_so,subjectesis_no_review,No,0,False,False,False
opentom,43999533::location_cg_so::0,location_cg_so,subjectesis_review,No,0,False,False,False
opentom,43999533::location_cg_so::1,location_cg_so,base_direct,No,0,False,False,False
opentom,43999533::location_cg_so::1,location_cg_so,answer_only_direct,No,0,False,False,False
opentom,43999533::location_cg_so::1,location_cg_so,subjectesis_direct,No,0,False,False,False
opentom,43999533::location_cg_so::1,location_cg_so,subjectesis_no_review,No,0,False,False,False
opentom,43999533::location_cg_so::1,location_cg_so,subjectesis_review,No,0,False,False,False
opentom,43999533::location_fg_fo::0,location_fg_fo,base_direct,in the refrigerator,2,False,False,False
opentom,43999533::location_fg_fo::0,location_fg_fo,answer_only_direct,in the refrigerator,2,False,False,False
opentom,43999533::location_fg_fo::0,location_fg_fo,subjectesis_direct,in the refrigerator,2,False,False,False
opentom,43999533::location_fg_fo::0,location_fg_fo,subjectesis_no_review,in the refrigerator,2,False,False,False
opentom,43999533::location_fg_fo::0,location_fg_fo,subjectesis_review,in the refrigerator,2,False,False,False
opentom,43999533::location_fg_fo::1,location_fg_fo,base_direct,among the forgotten trinkets in the dusty cupboards of the crawlspace,3,True,False,True
opentom,43999533::location_fg_fo::1,location_fg_fo,answer_only_direct,among the forgotten trinkets in the dusty cupboards of the crawlspace,3,True,False,True
opentom,43999533::location_fg_fo::1,location_fg_fo,subjectesis_direct,in the crawlspace of their shared apartment,3,True,False,True
opentom,43999533::location_fg_fo::1,location_fg_fo,subjectesis_no_review,in the crawlspace of their shared apartment,3,True,False,True
opentom,43999533::location_fg_fo::1,location_fg_fo,subjectesis_review,in the crawlspace of their shared apartment,3,True,False,True
opentom,43999533::location_fg_fo::2,location_fg_fo,base_direct,in the refrigerator,2,False,False,False
opentom,43999533::location_fg_fo::2,location_fg_fo,answer_only_direct,in the refrigerator,2,False,False,False
opentom,43999533::location_fg_fo::2,location_fg_fo,subjectesis_direct,in the refrigerator,2,False,False,False
opentom,43999533::location_fg_fo::2,location_fg_fo,subjectesis_no_review,in the refrigerator,2,False,False,False
opentom,43999533::location_fg_fo::2,location_fg_fo,subjectesis_review,in the refrigerator,2,False,False,False
opentom,43999533::location_fg_fo::3,location_fg_fo,base_direct,in the refrigerator,2,False,False,False
opentom,43999533::location_fg_fo::3,location_fg_fo,answer_only_direct,in the refrigerator,2,False,False,False
opentom,43999533::location_fg_fo::3,location_fg_fo,subjectesis_direct,in the refrigerator,2,False,False,False
opentom,43999533::location_fg_fo::3,location_fg_fo,subjectesis_no_review,in the refrigerator,2,False,False,False
opentom,43999533::location_fg_fo::3,location_fg_fo,subjectesis_review,in the refrigerator,2,False,False,False
opentom,43999533::location_fg_so::0,location_fg_so,base_direct,in the refrigerator,2,False,False,False
opentom,43999533::location_fg_so::0,location_fg_so,answer_only_direct,in the refrigerator,2,False,False,False
opentom,43999533::location_fg_so::0,location_fg_so,subjectesis_direct,in the refrigerator,2,False,False,False
opentom,43999533::location_fg_so::0,location_fg_so,subjectesis_no_review,in the refrigerator,2,False,False,False
opentom,43999533::location_fg_so::0,location_fg_so,subjectesis_review,in the refrigerator,2,False,False,False
opentom,43999533::location_fg_so::1,location_fg_so,base_direct,in the refrigerator,2,False,False,False
opentom,43999533::location_fg_so::1,location_fg_so,answer_only_direct,in the refrigerator,2,False,False,False
opentom,43999533::location_fg_so::1,location_fg_so,subjectesis_direct,in the refrigerator,2,False,False,False
opentom,43999533::location_fg_so::1,location_fg_so,subjectesis_no_review,in the refrigerator,2,False,False,False
opentom,43999533::location_fg_so::1,location_fg_so,subjectesis_review,in the refrigerator,2,False,False,False
opentom,43999533::multihop_fo::0,multihop_fo_fullness,base_direct,less full,1,False,False,False
opentom,43999533::multihop_fo::0,multihop_fo_fullness,answer_only_direct,less full,1,False,False,False
opentom,43999533::multihop_fo::0,multihop_fo_fullness,subjectesis_direct,less full,1,False,False,False
opentom,43999533::multihop_fo::0,multihop_fo_fullness,subjectesis_no_review,less full,1,False,False,False
opentom,43999533::multihop_fo::0,multihop_fo_fullness,subjectesis_review,less full,1,False,False,False
opentom,43999533::multihop_fo::1,multihop_fo_fullness,base_direct,less full,1,False,False,False
opentom,43999533::multihop_fo::1,multihop_fo_fullness,answer_only_direct,less full,1,False,False,False
opentom,43999533::multihop_fo::1,multihop_fo_fullness,subjectesis_direct,less full,1,False,False,False
opentom,43999533::multihop_fo::1,multihop_fo_fullness,subjectesis_no_review,less full,1,False,False,False
opentom,43999533::multihop_fo::1,multihop_fo_fullness,subjectesis_review,less full,1,False,False,False
opentom,43999533::multihop_fo::2,multihop_fo_fullness,base_direct,more full,2,False,False,False
opentom,43999533::multihop_fo::2,multihop_fo_fullness,answer_only_direct,more full,2,False,False,False
opentom,43999533::multihop_fo::2,multihop_fo_fullness,subjectesis_direct,more full,2,False,False,False
opentom,43999533::multihop_fo::2,multihop_fo_fullness,subjectesis_no_review,more full,2,False,False,False
opentom,43999533::multihop_fo::2,multihop_fo_fullness,subjectesis_review,more full,2,False,False,False
opentom,43999533::multihop_fo::3,multihop_fo_fullness,base_direct,more full,2,False,False,False
opentom,43999533::multihop_fo::3,multihop_fo_fullness,answer_only_direct,more full,2,False,False,False
opentom,43999533::multihop_fo::3,multihop_fo_fullness,subjectesis_direct,more full,2,False,False,False
opentom,43999533::multihop_fo::3,multihop_fo_fullness,subjectesis_no_review,more full,2,False,False,False
opentom,43999533::multihop_fo::3,multihop_fo_fullness,subjectesis_review,more full,2,False,False,False
opentom,43999533::multihop_fo::4,multihop_fo_accessibility,base_direct,more accessible,1,False,False,False
opentom,43999533::multihop_fo::4,multihop_fo_accessibility,answer_only_direct,more accessible,1,False,False,False
opentom,43999533::multihop_fo::4,multihop_fo_accessibility,subjectesis_direct,more accessible,1,False,False,False
opentom,43999533::multihop_fo::4,multihop_fo_accessibility,subjectesis_no_review,more accessible,1,False,False,False
opentom,43999533::multihop_fo::4,multihop_fo_accessibility,subjectesis_review,more accessible,1,False,False,False
opentom,43999533::multihop_fo::5,multihop_fo_accessibility,base_direct,less accessible,2,False,False,False
opentom,43999533::multihop_fo::5,multihop_fo_accessibility,answer_only_direct,less accessible,2,False,False,False
opentom,43999533::multihop_fo::5,multihop_fo_accessibility,subjectesis_direct,less accessible,2,False,False,False
opentom,43999533::multihop_fo::5,multihop_fo_accessibility,subjectesis_no_review,less accessible,2,False,False,False
opentom,43999533::multihop_fo::5,multihop_fo_accessibility,subjectesis_review,less accessible,2,False,False,False
opentom,43999533::multihop_so::0,multihop_so_fullness,base_direct,less full,1,False,False,False
opentom,43999533::multihop_so::0,multihop_so_fullness,answer_only_direct,less full,1,False,False,False
opentom,43999533::multihop_so::0,multihop_so_fullness,subjectesis_direct,less full,1,False,False,False
opentom,43999533::multihop_so::0,multihop_so_fullness,subjectesis_no_review,equally full,3,False,False,False
opentom,43999533::multihop_so::0,multihop_so_fullness,subjectesis_review,less full,1,False,False,False
opentom,43999533::multihop_so::1,multihop_so_fullness,base_direct,less full,1,False,False,False
opentom,43999533::multihop_so::1,multihop_so_fullness,answer_only_direct,less full,1,False,False,False
opentom,43999533::multihop_so::1,multihop_so_fullness,subjectesis_direct,less full,1,False,False,False
opentom,43999533::multihop_so::1,multihop_so_fullness,subjectesis_no_review,less full,1,False,False,False
opentom,43999533::multihop_so::1,multihop_so_fullness,subjectesis_review,less full,1,False,False,False
opentom,43999533::multihop_so::2,multihop_so_fullness,base_direct,more full,2,False,False,False
opentom,43999533::multihop_so::2,multihop_so_fullness,answer_only_direct,more full,2,False,False,False
opentom,43999533::multihop_so::2,multihop_so_fullness,subjectesis_direct,more full,2,False,False,False
opentom,43999533::multihop_so::2,multihop_so_fullness,subjectesis_no_review,more full,2,False,False,False
opentom,43999533::multihop_so::2,multihop_so_fullness,subjectesis_review,more full,2,False,False,False
opentom,43999533::multihop_so::3,multihop_so_fullness,base_direct,more full,2,False,False,False
opentom,43999533::multihop_so::3,multihop_so_fullness,answer_only_direct,more full,2,False,False,False
opentom,43999533::multihop_so::3,multihop_so_fullness,subjectesis_direct,more full,2,False,False,False
opentom,43999533::multihop_so::3,multihop_so_fullness,subjectesis_no_review,more full,2,False,False,False
opentom,43999533::multihop_so::3,multihop_so_fullness,subjectesis_review,more full,2,False,False,False
opentom,43999533::multihop_so::4,multihop_so_accessibility,base_direct,more accessible,1,False,False,False
opentom,43999533::multihop_so::4,multihop_so_accessibility,answer_only_direct,less accessible,2,False,False,False
opentom,43999533::multihop_so::4,multihop_so_accessibility,subjectesis_direct,more accessible,1,False,False,False
opentom,43999533::multihop_so::4,multihop_so_accessibility,subjectesis_no_review,more accessible,1,False,False,False
opentom,43999533::multihop_so::4,multihop_so_accessibility,subjectesis_review,more accessible,1,False,False,False
opentom,43999533::multihop_so::5,multihop_so_accessibility,base_direct,less accessible,2,False,False,False
opentom,43999533::multihop_so::5,multihop_so_accessibility,answer_only_direct,less accessible,2,False,False,False
opentom,43999533::multihop_so::5,multihop_so_accessibility,subjectesis_direct,less accessible,2,False,False,False
opentom,43999533::multihop_so::5,multihop_so_accessibility,subjectesis_no_review,more accessible,1,False,False,False
opentom,43999533::multihop_so::5,multihop_so_accessibility,subjectesis_review,less accessible,2,False,False,False
opentom,43999533::attitude::0,attitude,base_direct,negative,2,False,False,False
opentom,43999533::attitude::0,attitude,answer_only_direct,negative,2,False,False,False
opentom,43999533::attitude::0,attitude,subjectesis_direct,negative,2,False,False,False
opentom,43999533::attitude::0,attitude,subjectesis_no_review,negative,2,False,False,False
opentom,43999533::attitude::0,attitude,subjectesis_review,negative,2,False,False,False
opentom,86737383::location_cg_fo::0,location_cg_fo,base_direct,No,0,False,False,False
opentom,86737383::location_cg_fo::0,location_cg_fo,answer_only_direct,No,0,False,False,False
opentom,86737383::location_cg_fo::0,location_cg_fo,subjectesis_direct,No,0,False,False,False
opentom,86737383::location_cg_fo::0,location_cg_fo,subjectesis_no_review,No,0,False,False,False
opentom,86737383::location_cg_fo::0,location_cg_fo,subjectesis_review,No,0,False,False,False
opentom,86737383::location_cg_fo::1,location_cg_fo,base_direct,No,0,False,False,False
opentom,86737383::location_cg_fo::1,location_cg_fo,answer_only_direct,No,0,False,False,False
opentom,86737383::location_cg_fo::1,location_cg_fo,subjectesis_direct,No,0,False,False,False
opentom,86737383::location_cg_fo::1,location_cg_fo,subjectesis_no_review,No,0,False,False,False
opentom,86737383::location_cg_fo::1,location_cg_fo,subjectesis_review,No,0,False,False,False
opentom,86737383::location_cg_so::0,location_cg_so,base_direct,No,0,False,False,False
opentom,86737383::location_cg_so::0,location_cg_so,answer_only_direct,No,0,False,False,False
opentom,86737383::location_cg_so::0,location_cg_so,subjectesis_direct,No,0,False,False,False
opentom,86737383::location_cg_so::0,location_cg_so,subjectesis_no_review,No,0,False,False,False
opentom,86737383::location_cg_so::0,location_cg_so,subjectesis_review,No,0,False,False,False
opentom,86737383::location_cg_so::1,location_cg_so,base_direct,No,0,False,False,False
opentom,86737383::location_cg_so::1,location_cg_so,answer_only_direct,No,0,False,False,False
opentom,86737383::location_cg_so::1,location_cg_so,subjectesis_direct,No,0,False,False,False
opentom,86737383::location_cg_so::1,location_cg_so,subjectesis_no_review,No,0,False,False,False
opentom,86737383::location_cg_so::1,location_cg_so,subjectesis_review,No,0,False,False,False
opentom,86737383::location_fg_fo::0,location_fg_fo,base_direct,a higher shelf,3,True,False,True
opentom,86737383::location_fg_fo::0,location_fg_fo,answer_only_direct,on a higher shelf,3,True,False,True
opentom,86737383::location_fg_fo::0,location_fg_fo,subjectesis_direct,on a higher shelf,3,True,False,True
opentom,86737383::location_fg_fo::0,location_fg_fo,subjectesis_no_review,on a higher shelf,3,True,False,True
opentom,86737383::location_fg_fo::0,location_fg_fo,subjectesis_review,on a higher shelf,3,True,False,True
opentom,86737383::location_fg_fo::1,location_fg_fo,base_direct,in the corner,3,True,False,True
opentom,86737383::location_fg_fo::1,location_fg_fo,answer_only_direct,in a cupboard tucked away in the corner,1,False,False,False
opentom,86737383::location_fg_fo::1,location_fg_fo,subjectesis_direct,in the basement,3,True,False,True
opentom,86737383::location_fg_fo::1,location_fg_fo,subjectesis_no_review,in a cupboard in the basement,1,False,False,False
opentom,86737383::location_fg_fo::1,location_fg_fo,subjectesis_review,in a cupboard in the basement,1,False,False,False
opentom,86737383::location_fg_fo::2,location_fg_fo,base_direct,on a higher shelf,3,True,False,True
opentom,86737383::location_fg_fo::2,location_fg_fo,answer_only_direct,on a higher shelf,3,True,False,True
opentom,86737383::location_fg_fo::2,location_fg_fo,subjectesis_direct,on a higher shelf,3,True,False,True
opentom,86737383::location_fg_fo::2,location_fg_fo,subjectesis_no_review,on a higher shelf,3,True,False,True
opentom,86737383::location_fg_fo::2,location_fg_fo,subjectesis_review,on a higher shelf,3,True,False,True
opentom,86737383::location_fg_fo::3,location_fg_fo,base_direct,on a higher shelf,3,True,False,True
opentom,86737383::location_fg_fo::3,location_fg_fo,answer_only_direct,on a higher shelf,3,True,False,True
opentom,86737383::location_fg_fo::3,location_fg_fo,subjectesis_direct,on a higher shelf,3,True,False,True
opentom,86737383::location_fg_fo::3,location_fg_fo,subjectesis_no_review,on a higher shelf,3,True,False,True
opentom,86737383::location_fg_fo::3,location_fg_fo,subjectesis_review,on a higher shelf,3,True,False,True
opentom,86737383::location_fg_so::0,location_fg_so,base_direct,on a higher shelf,3,True,False,True
opentom,86737383::location_fg_so::0,location_fg_so,answer_only_direct,on a higher shelf,3,True,False,True
opentom,86737383::location_fg_so::0,location_fg_so,subjectesis_direct,on a higher shelf,3,True,False,True
opentom,86737383::location_fg_so::0,location_fg_so,subjectesis_no_review,in the cupboard,1,False,False,False
opentom,86737383::location_fg_so::0,location_fg_so,subjectesis_review,in the cupboard,1,False,False,False
opentom,86737383::location_fg_so::1,location_fg_so,base_direct,on a higher shelf,3,True,False,True
opentom,86737383::location_fg_so::1,location_fg_so,answer_only_direct,on a higher shelf,3,True,False,True
opentom,86737383::location_fg_so::1,location_fg_so,subjectesis_direct,on a higher shelf,3,True,False,True
opentom,86737383::location_fg_so::1,location_fg_so,subjectesis_no_review,a higher shelf,3,True,False,True
opentom,86737383::location_fg_so::1,location_fg_so,subjectesis_review,a higher shelf,3,True,False,True
opentom,86737383::multihop_fo::0,multihop_fo_fullness,base_direct,less full,1,False,False,False
opentom,86737383::multihop_fo::0,multihop_fo_fullness,answer_only_direct,less full,1,False,False,False
opentom,86737383::multihop_fo::0,multihop_fo_fullness,subjectesis_direct,less full,1,False,False,False
opentom,86737383::multihop_fo::0,multihop_fo_fullness,subjectesis_no_review,less full,1,False,False,False
opentom,86737383::multihop_fo::0,multihop_fo_fullness,subjectesis_review,less full,1,False,False,False
opentom,86737383::multihop_fo::1,multihop_fo_fullness,base_direct,less full,1,False,False,False
opentom,86737383::multihop_fo::1,multihop_fo_fullness,answer_only_direct,less full,1,False,False,False
opentom,86737383::multihop_fo::1,multihop_fo_fullness,subjectesis_direct,less full,1,False,False,False
opentom,86737383::multihop_fo::1,multihop_fo_fullness,subjectesis_no_review,less full,1,False,False,False
opentom,86737383::multihop_fo::1,multihop_fo_fullness,subjectesis_review,less full,1,False,False,False
opentom,86737383::multihop_fo::2,multihop_fo_fullness,base_direct,less full,1,False,False,False
opentom,86737383::multihop_fo::2,multihop_fo_fullness,answer_only_direct,less full,1,False,False,False
opentom,86737383::multihop_fo::2,multihop_fo_fullness,subjectesis_direct,less full,1,False,False,False
opentom,86737383::multihop_fo::2,multihop_fo_fullness,subjectesis_no_review,less full,1,False,False,False
opentom,86737383::multihop_fo::2,multihop_fo_fullness,subjectesis_review,less full,1,False,False,False
opentom,86737383::multihop_fo::3,multihop_fo_fullness,base_direct,less full,1,False,False,False
opentom,86737383::multihop_fo::3,multihop_fo_fullness,answer_only_direct,less full,1,False,False,False
opentom,86737383::multihop_fo::3,multihop_fo_fullness,subjectesis_direct,less full,1,False,False,False
opentom,86737383::multihop_fo::3,multihop_fo_fullness,subjectesis_no_review,less full,1,False,False,False
opentom,86737383::multihop_fo::3,multihop_fo_fullness,subjectesis_review,less full,1,False,False,False
opentom,86737383::multihop_fo::4,multihop_fo_accessibility,base_direct,less accessible,2,False,False,False
opentom,86737383::multihop_fo::4,multihop_fo_accessibility,answer_only_direct,less accessible,2,False,False,False
opentom,86737383::multihop_fo::4,multihop_fo_accessibility,subjectesis_direct,less accessible,2,False,False,False
opentom,86737383::multihop_fo::4,multihop_fo_accessibility,subjectesis_no_review,less accessible,2,False,False,False
opentom,86737383::multihop_fo::4,multihop_fo_accessibility,subjectesis_review,less accessible,2,False,False,False
opentom,86737383::multihop_fo::5,multihop_fo_accessibility,base_direct,less accessible,2,False,False,False
opentom,86737383::multihop_fo::5,multihop_fo_accessibility,answer_only_direct,less accessible,2,False,False,False
opentom,86737383::multihop_fo::5,multihop_fo_accessibility,subjectesis_direct,less accessible,2,False,False,False
opentom,86737383::multihop_fo::5,multihop_fo_accessibility,subjectesis_no_review,less accessible,2,False,False,False
opentom,86737383::multihop_fo::5,multihop_fo_accessibility,subjectesis_review,less accessible,2,False,False,False
opentom,86737383::multihop_so::0,multihop_so_fullness,base_direct,less full,1,False,False,False
opentom,86737383::multihop_so::0,multihop_so_fullness,answer_only_direct,less full,1,False,False,False
opentom,86737383::multihop_so::0,multihop_so_fullness,subjectesis_direct,less full,1,False,False,False
opentom,86737383::multihop_so::0,multihop_so_fullness,subjectesis_no_review,less full,1,False,False,False
opentom,86737383::multihop_so::0,multihop_so_fullness,subjectesis_review,less full,1,False,False,False
opentom,86737383::multihop_so::1,multihop_so_fullness,base_direct,less full,1,False,False,False
opentom,86737383::multihop_so::1,multihop_so_fullness,answer_only_direct,less full,1,False,False,False
opentom,86737383::multihop_so::1,multihop_so_fullness,subjectesis_direct,less full,1,False,False,False
opentom,86737383::multihop_so::1,multihop_so_fullness,subjectesis_no_review,less full,1,False,False,False
opentom,86737383::multihop_so::1,multihop_so_fullness,subjectesis_review,less full,1,False,False,False
opentom,86737383::multihop_so::2,multihop_so_fullness,base_direct,less full,1,False,False,False
opentom,86737383::multihop_so::2,multihop_so_fullness,answer_only_direct,less full,1,False,False,False
opentom,86737383::multihop_so::2,multihop_so_fullness,subjectesis_direct,less full,1,False,False,False
opentom,86737383::multihop_so::2,multihop_so_fullness,subjectesis_no_review,less full,1,False,False,False
opentom,86737383::multihop_so::2,multihop_so_fullness,subjectesis_review,more full,2,False,False,False
opentom,86737383::multihop_so::3,multihop_so_fullness,base_direct,less full,1,False,False,False
opentom,86737383::multihop_so::3,multihop_so_fullness,answer_only_direct,less full,1,False,False,False
opentom,86737383::multihop_so::3,multihop_so_fullness,subjectesis_direct,less full,1,False,False,False
opentom,86737383::multihop_so::3,multihop_so_fullness,subjectesis_no_review,less full,1,False,False,False
opentom,86737383::multihop_so::3,multihop_so_fullness,subjectesis_review,less full,1,False,False,False
opentom,86737383::multihop_so::4,multihop_so_accessibility,base_direct,less accessible,2,False,False,False
opentom,86737383::multihop_so::4,multihop_so_accessibility,answer_only_direct,less accessible,2,False,False,False
opentom,86737383::multihop_so::4,multihop_so_accessibility,subjectesis_direct,less accessible,2,False,False,False
opentom,86737383::multihop_so::4,multihop_so_accessibility,subjectesis_no_review,less accessible,2,False,False,False
opentom,86737383::multihop_so::4,multihop_so_accessibility,subjectesis_review,less accessible,2,False,False,False
opentom,86737383::multihop_so::5,multihop_so_accessibility,base_direct,less accessible,2,False,False,False
opentom,86737383::multihop_so::5,multihop_so_accessibility,answer_only_direct,less accessible,2,False,False,False
opentom,86737383::multihop_so::5,multihop_so_accessibility,subjectesis_direct,less accessible,2,False,False,False
opentom,86737383::multihop_so::5,multihop_so_accessibility,subjectesis_no_review,less accessible,2,False,False,False
opentom,86737383::multihop_so::5,multihop_so_accessibility,subjectesis_review,less accessible,2,False,False,False
opentom,86737383::attitude::0,attitude,base_direct,negative,2,False,False,False
opentom,86737383::attitude::0,attitude,answer_only_direct,negative,2,False,False,False
opentom,86737383::attitude::0,attitude,subjectesis_direct,negative,2,False,False,False
opentom,86737383::attitude::0,attitude,subjectesis_no_review,negative,2,False,False,False
opentom,86737383::attitude::0,attitude,subjectesis_review,negative,2,False,False,False
opentom,51542436::location_cg_fo::0,location_cg_fo,base_direct,No,0,False,False,False
opentom,51542436::location_cg_fo::0,location_cg_fo,answer_only_direct,No,0,False,False,False
opentom,51542436::location_cg_fo::0,location_cg_fo,subjectesis_direct,No,0,False,False,False
opentom,51542436::location_cg_fo::0,location_cg_fo,subjectesis_no_review,No,0,False,False,False
opentom,51542436::location_cg_fo::0,location_cg_fo,subjectesis_review,No,0,False,False,False
opentom,51542436::location_cg_fo::1,location_cg_fo,base_direct,No,0,False,False,False
opentom,51542436::location_cg_fo::1,location_cg_fo,answer_only_direct,No,0,False,False,False
opentom,51542436::location_cg_fo::1,location_cg_fo,subjectesis_direct,No,0,False,False,False
opentom,51542436::location_cg_fo::1,location_cg_fo,subjectesis_no_review,No,0,False,False,False
opentom,51542436::location_cg_fo::1,location_cg_fo,subjectesis_review,No,0,False,False,False
opentom,51542436::location_cg_so::0,location_cg_so,base_direct,No,0,False,False,False
opentom,51542436::location_cg_so::0,location_cg_so,answer_only_direct,No,0,False,False,False
opentom,51542436::location_cg_so::0,location_cg_so,subjectesis_direct,No,0,False,False,False
opentom,51542436::location_cg_so::0,location_cg_so,subjectesis_no_review,No,0,False,False,False
opentom,51542436::location_cg_so::0,location_cg_so,subjectesis_review,No,0,False,False,False
opentom,51542436::location_cg_so::1,location_cg_so,base_direct,No,0,False,False,False
opentom,51542436::location_cg_so::1,location_cg_so,answer_only_direct,No,0,False,False,False
opentom,51542436::location_cg_so::1,location_cg_so,subjectesis_direct,No,0,False,False,False
opentom,51542436::location_cg_so::1,location_cg_so,subjectesis_no_review,No,0,False,False,False
opentom,51542436::location_cg_so::1,location_cg_so,subjectesis_review,No,0,False,False,False
opentom,51542436::location_fg_fo::0,location_fg_fo,base_direct,on the office table,2,False,False,False
opentom,51542436::location_fg_fo::0,location_fg_fo,answer_only_direct,on the center of the office table,2,False,False,False
opentom,51542436::location_fg_fo::0,location_fg_fo,subjectesis_direct,on the office table,2,False,False,False
opentom,51542436::location_fg_fo::0,location_fg_fo,subjectesis_no_review,on the office table,2,False,False,False
opentom,51542436::location_fg_fo::0,location_fg_fo,subjectesis_review,on the office table,2,False,False,False
opentom,51542436::location_fg_fo::1,location_fg_fo,base_direct,in the bathtub,1,False,False,False
opentom,51542436::location_fg_fo::1,location_fg_fo,answer_only_direct,in the bathtub,1,False,False,False
opentom,51542436::location_fg_fo::1,location_fg_fo,subjectesis_direct,in the bathtub,1,False,False,False
opentom,51542436::location_fg_fo::1,location_fg_fo,subjectesis_no_review,in the bathtub,1,False,False,False
opentom,51542436::location_fg_fo::1,location_fg_fo,subjectesis_review,in the bathtub,1,False,False,False
opentom,51542436::location_fg_fo::2,location_fg_fo,base_direct,on the center of the office table,2,False,False,False
opentom,51542436::location_fg_fo::2,location_fg_fo,answer_only_direct,on the center of the office table,2,False,False,False
opentom,51542436::location_fg_fo::2,location_fg_fo,subjectesis_direct,on the center of the office table,2,False,False,False
opentom,51542436::location_fg_fo::2,location_fg_fo,subjectesis_no_review,on the office table,2,False,False,False
opentom,51542436::location_fg_fo::2,location_fg_fo,subjectesis_review,on the office table,2,False,False,False
opentom,51542436::location_fg_fo::3,location_fg_fo,base_direct,in the bathtub,1,False,False,False
opentom,51542436::location_fg_fo::3,location_fg_fo,answer_only_direct,in the bathtub,1,False,False,False
opentom,51542436::location_fg_fo::3,location_fg_fo,subjectesis_direct,in the bathtub,1,False,False,False
opentom,51542436::location_fg_fo::3,location_fg_fo,subjectesis_no_review,in the bathtub,1,False,False,False
opentom,51542436::location_fg_fo::3,location_fg_fo,subjectesis_review,in the bathtub,1,False,False,False
opentom,51542436::location_fg_so::0,location_fg_so,base_direct,in the bathtub,1,False,False,False
opentom,51542436::location_fg_so::0,location_fg_so,answer_only_direct,in the bathtub,1,False,False,False
opentom,51542436::location_fg_so::0,location_fg_so,subjectesis_direct,in the bathtub,1,False,False,False
opentom,51542436::location_fg_so::0,location_fg_so,subjectesis_no_review,in the bathtub,1,False,False,False
opentom,51542436::location_fg_so::0,location_fg_so,subjectesis_review,in the bathtub,1,False,False,False
opentom,51542436::location_fg_so::1,location_fg_so,base_direct,in the bathtub,1,False,False,False
opentom,51542436::location_fg_so::1,location_fg_so,answer_only_direct,on the center of the office table,2,False,False,False
opentom,51542436::location_fg_so::1,location_fg_so,subjectesis_direct,the center of the office table,2,False,False,False
opentom,51542436::location_fg_so::1,location_fg_so,subjectesis_no_review,on the center of the office table,2,False,False,False
opentom,51542436::location_fg_so::1,location_fg_so,subjectesis_review,on the center of the office table,2,False,False,False
opentom,51542436::multihop_fo::0,multihop_fo_fullness,base_direct,less full,1,False,False,False
opentom,51542436::multihop_fo::0,multihop_fo_fullness,answer_only_direct,less full,1,False,False,False
opentom,51542436::multihop_fo::0,multihop_fo_fullness,subjectesis_direct,less full,1,False,False,False
opentom,51542436::multihop_fo::0,multihop_fo_fullness,subjectesis_no_review,less full,1,False,False,False
opentom,51542436::multihop_fo::0,multihop_fo_fullness,subjectesis_review,less full,1,False,False,False
opentom,51542436::multihop_fo::1,multihop_fo_fullness,base_direct,less full,1,False,False,False
opentom,51542436::multihop_fo::1,multihop_fo_fullness,answer_only_direct,less full,1,False,False,False
opentom,51542436::multihop_fo::1,multihop_fo_fullness,subjectesis_direct,less full,1,False,False,False
opentom,51542436::multihop_fo::1,multihop_fo_fullness,subjectesis_no_review,less full,1,False,False,False
opentom,51542436::multihop_fo::1,multihop_fo_fullness,subjectesis_review,less full,1,False,False,False
opentom,51542436::multihop_fo::2,multihop_fo_fullness,base_direct,more full,2,False,False,False
opentom,51542436::multihop_fo::2,multihop_fo_fullness,answer_only_direct,more full,2,False,False,False
opentom,51542436::multihop_fo::2,multihop_fo_fullness,subjectesis_direct,more full,2,False,False,False
opentom,51542436::multihop_fo::2,multihop_fo_fullness,subjectesis_no_review,more full,2,False,False,False
opentom,51542436::multihop_fo::2,multihop_fo_fullness,subjectesis_review,more full,2,False,False,False
opentom,51542436::multihop_fo::3,multihop_fo_fullness,base_direct,less full,1,False,False,False
opentom,51542436::multihop_fo::3,multihop_fo_fullness,answer_only_direct,less full,1,False,False,False
opentom,51542436::multihop_fo::3,multihop_fo_fullness,subjectesis_direct,less full,1,False,False,False
opentom,51542436::multihop_fo::3,multihop_fo_fullness,subjectesis_no_review,less full,1,False,False,False
opentom,51542436::multihop_fo::3,multihop_fo_fullness,subjectesis_review,less full,1,False,False,False
opentom,51542436::multihop_fo::4,multihop_fo_accessibility,base_direct,more accessible,1,False,False,False
opentom,51542436::multihop_fo::4,multihop_fo_accessibility,answer_only_direct,more accessible,1,False,False,False
opentom,51542436::multihop_fo::4,multihop_fo_accessibility,subjectesis_direct,more accessible,1,False,False,False
opentom,51542436::multihop_fo::4,multihop_fo_accessibility,subjectesis_no_review,more accessible,1,False,False,False
opentom,51542436::multihop_fo::4,multihop_fo_accessibility,subjectesis_review,more accessible,1,False,False,False
opentom,51542436::multihop_fo::5,multihop_fo_accessibility,base_direct,less accessible,2,False,False,False
opentom,51542436::multihop_fo::5,multihop_fo_accessibility,answer_only_direct,less accessible,2,False,False,False
opentom,51542436::multihop_fo::5,multihop_fo_accessibility,subjectesis_direct,less accessible,2,False,False,False
opentom,51542436::multihop_fo::5,multihop_fo_accessibility,subjectesis_no_review,less accessible,2,False,False,False
opentom,51542436::multihop_fo::5,multihop_fo_accessibility,subjectesis_review,less accessible,2,False,False,False
opentom,51542436::multihop_so::0,multihop_so_fullness,base_direct,less full,1,False,False,False
opentom,51542436::multihop_so::0,multihop_so_fullness,answer_only_direct,less full,1,False,False,False
opentom,51542436::multihop_so::0,multihop_so_fullness,subjectesis_direct,less full,1,False,False,False
opentom,51542436::multihop_so::0,multihop_so_fullness,subjectesis_no_review,less full,1,False,False,False
opentom,51542436::multihop_so::0,multihop_so_fullness,subjectesis_review,equally full,3,False,False,False
opentom,51542436::multihop_so::1,multihop_so_fullness,base_direct,less full,1,False,False,False
opentom,51542436::multihop_so::1,multihop_so_fullness,answer_only_direct,less full,1,False,False,False
opentom,51542436::multihop_so::1,multihop_so_fullness,subjectesis_direct,less full,1,False,False,False
opentom,51542436::multihop_so::1,multihop_so_fullness,subjectesis_no_review,less full,1,False,False,False
opentom,51542436::multihop_so::1,multihop_so_fullness,subjectesis_review,less full,1,False,False,False
opentom,51542436::multihop_so::2,multihop_so_fullness,base_direct,more full,2,False,False,False
opentom,51542436::multihop_so::2,multihop_so_fullness,answer_only_direct,less full,1,False,False,False
opentom,51542436::multihop_so::2,multihop_so_fullness,subjectesis_direct,more full,2,False,False,False
opentom,51542436::multihop_so::2,multihop_so_fullness,subjectesis_no_review,more full,2,False,False,False
opentom,51542436::multihop_so::2,multihop_so_fullness,subjectesis_review,less full,1,False,False,False
opentom,51542436::multihop_so::3,multihop_so_fullness,base_direct,more full,2,False,False,False
opentom,51542436::multihop_so::3,multihop_so_fullness,answer_only_direct,more full,2,False,False,False
opentom,51542436::multihop_so::3,multihop_so_fullness,subjectesis_direct,more full,2,False,False,False
opentom,51542436::multihop_so::3,multihop_so_fullness,subjectesis_no_review,more full,2,False,False,False
opentom,51542436::multihop_so::3,multihop_so_fullness,subjectesis_review,more full,2,False,False,False
opentom,51542436::multihop_so::4,multihop_so_accessibility,base_direct,more accessible,1,False,False,False
opentom,51542436::multihop_so::4,multihop_so_accessibility,answer_only_direct,less accessible,2,False,False,False
opentom,51542436::multihop_so::4,multihop_so_accessibility,subjectesis_direct,more accessible,1,False,False,False
opentom,51542436::multihop_so::4,multihop_so_accessibility,subjectesis_no_review,more accessible,1,False,False,False
opentom,51542436::multihop_so::4,multihop_so_accessibility,subjectesis_review,more accessible,1,False,False,False
opentom,51542436::multihop_so::5,multihop_so_accessibility,base_direct,less accessible,2,False,False,False
opentom,51542436::multihop_so::5,multihop_so_accessibility,answer_only_direct,less accessible,2,False,False,False
opentom,51542436::multihop_so::5,multihop_so_accessibility,subjectesis_direct,more accessible,1,False,False,False
opentom,51542436::multihop_so::5,multihop_so_accessibility,subjectesis_no_review,more accessible,1,False,False,False
opentom,51542436::multihop_so::5,multihop_so_accessibility,subjectesis_review,more accessible,1,False,False,False
opentom,51542436::attitude::0,attitude,base_direct,negative,2,False,False,False
opentom,51542436::attitude::0,attitude,answer_only_direct,negative,2,False,False,False
opentom,51542436::attitude::0,attitude,subjectesis_direct,negative,2,False,False,False
opentom,51542436::attitude::0,attitude,subjectesis_no_review,negative,2,False,False,False
opentom,51542436::attitude::0,attitude,subjectesis_review,negative,2,False,False,False
opentom,10197775::location_cg_fo::0,location_cg_fo,base_direct,No,0,False,False,False
opentom,10197775::location_cg_fo::0,location_cg_fo,answer_only_direct,No,0,False,False,False
opentom,10197775::location_cg_fo::0,location_cg_fo,subjectesis_direct,No,0,False,False,False
opentom,10197775::location_cg_fo::0,location_cg_fo,subjectesis_no_review,No,0,False,False,False
opentom,10197775::location_cg_fo::0,location_cg_fo,subjectesis_review,No,0,False,False,False
opentom,10197775::location_cg_fo::1,location_cg_fo,base_direct,No,0,False,False,False
opentom,10197775::location_cg_fo::1,location_cg_fo,answer_only_direct,No,0,False,False,False
opentom,10197775::location_cg_fo::1,location_cg_fo,subjectesis_direct,No,0,False,False,False
opentom,10197775::location_cg_fo::1,location_cg_fo,subjectesis_no_review,No,0,False,False,False
opentom,10197775::location_cg_fo::1,location_cg_fo,subjectesis_review,No,0,False,False,False
opentom,10197775::location_cg_so::0,location_cg_so,base_direct,No,0,False,False,False
opentom,10197775::location_cg_so::0,location_cg_so,answer_only_direct,No,0,False,False,False
opentom,10197775::location_cg_so::0,location_cg_so,subjectesis_direct,No,0,False,False,False
opentom,10197775::location_cg_so::0,location_cg_so,subjectesis_no_review,No,0,False,False,False
opentom,10197775::location_cg_so::0,location_cg_so,subjectesis_review,No,0,False,False,False
opentom,10197775::location_cg_so::1,location_cg_so,base_direct,No,0,False,False,False
opentom,10197775::location_cg_so::1,location_cg_so,answer_only_direct,No,0,False,False,False
opentom,10197775::location_cg_so::1,location_cg_so,subjectesis_direct,No,0,False,False,False
opentom,10197775::location_cg_so::1,location_cg_so,subjectesis_no_review,No,0,False,False,False
opentom,10197775::location_cg_so::1,location_cg_so,subjectesis_review,No,0,False,False,False
opentom,10197775::location_fg_fo::0,location_fg_fo,base_direct,center of the table,2,False,False,False
opentom,10197775::location_fg_fo::0,location_fg_fo,answer_only_direct,center of the table,2,False,False,False
opentom,10197775::location_fg_fo::0,location_fg_fo,subjectesis_direct,center of the table,2,False,False,False
opentom,10197775::location_fg_fo::0,location_fg_fo,subjectesis_no_review,center of the table,2,False,False,False
opentom,10197775::location_fg_fo::0,location_fg_fo,subjectesis_review,center of the table,2,False,False,False
opentom,10197775::location_fg_fo::1,location_fg_fo,base_direct,inside a suitcase,1,False,False,False
opentom,10197775::location_fg_fo::1,location_fg_fo,answer_only_direct,inside a suitcase,1,False,False,False
opentom,10197775::location_fg_fo::1,location_fg_fo,subjectesis_direct,inside a suitcase,1,False,False,False
opentom,10197775::location_fg_fo::1,location_fg_fo,subjectesis_no_review,inside a suitcase,1,False,False,False
opentom,10197775::location_fg_fo::1,location_fg_fo,subjectesis_review,inside a suitcase,1,False,False,False
opentom,10197775::location_fg_fo::2,location_fg_fo,base_direct,center of the table,2,False,False,False
opentom,10197775::location_fg_fo::2,location_fg_fo,answer_only_direct,center of the table,2,False,False,False
opentom,10197775::location_fg_fo::2,location_fg_fo,subjectesis_direct,the center of the table,2,False,False,False
opentom,10197775::location_fg_fo::2,location_fg_fo,subjectesis_no_review,at the center of the table,2,False,False,False
opentom,10197775::location_fg_fo::2,location_fg_fo,subjectesis_review,at the center of the table,2,False,False,False
opentom,10197775::location_fg_fo::3,location_fg_fo,base_direct,center of the table,2,False,False,False
opentom,10197775::location_fg_fo::3,location_fg_fo,answer_only_direct,in the center of the table,2,False,False,False
opentom,10197775::location_fg_fo::3,location_fg_fo,subjectesis_direct,the center of the table,2,False,False,False
opentom,10197775::location_fg_fo::3,location_fg_fo,subjectesis_no_review,the center of the table,2,False,False,False
opentom,10197775::location_fg_fo::3,location_fg_fo,subjectesis_review,the center of the table,2,False,False,False
opentom,10197775::location_fg_so::0,location_fg_so,base_direct,the center of the table,2,False,False,False
opentom,10197775::location_fg_so::0,location_fg_so,answer_only_direct,center of the table,2,False,False,False
opentom,10197775::location_fg_so::0,location_fg_so,subjectesis_direct,the center of the table,2,False,False,False
opentom,10197775::location_fg_so::0,location_fg_so,subjectesis_no_review,at the center of the table,2,False,False,False
opentom,10197775::location_fg_so::0,location_fg_so,subjectesis_review,at the center of the table,2,False,False,False
opentom,10197775::location_fg_so::1,location_fg_so,base_direct,the center of the table,2,False,False,False
opentom,10197775::location_fg_so::1,location_fg_so,answer_only_direct,center of the table,2,False,False,False
opentom,10197775::location_fg_so::1,location_fg_so,subjectesis_direct,the center of the table,2,False,False,False
opentom,10197775::location_fg_so::1,location_fg_so,subjectesis_no_review,at the center of the table,2,False,False,False
opentom,10197775::location_fg_so::1,location_fg_so,subjectesis_review,at the center of the table,2,False,False,False
opentom,10197775::multihop_fo::0,multihop_fo_fullness,base_direct,less full,1,False,False,False
opentom,10197775::multihop_fo::0,multihop_fo_fullness,answer_only_direct,less full,1,False,False,False
opentom,10197775::multihop_fo::0,multihop_fo_fullness,subjectesis_direct,less full,1,False,False,False
opentom,10197775::multihop_fo::0,multihop_fo_fullness,subjectesis_no_review,less full,1,False,False,False
opentom,10197775::multihop_fo::0,multihop_fo_fullness,subjectesis_review,less full,1,False,False,False
opentom,10197775::multihop_fo::1,multihop_fo_fullness,base_direct,less full,1,False,False,False
opentom,10197775::multihop_fo::1,multihop_fo_fullness,answer_only_direct,less full,1,False,False,False
opentom,10197775::multihop_fo::1,multihop_fo_fullness,subjectesis_direct,less full,1,False,False,False
opentom,10197775::multihop_fo::1,multihop_fo_fullness,subjectesis_no_review,equally full,3,False,False,False
opentom,10197775::multihop_fo::1,multihop_fo_fullness,subjectesis_review,equally full,3,False,False,False
opentom,10197775::multihop_fo::2,multihop_fo_fullness,base_direct,more full,2,False,False,False
opentom,10197775::multihop_fo::2,multihop_fo_fullness,answer_only_direct,more full,2,False,False,False
opentom,10197775::multihop_fo::2,multihop_fo_fullness,subjectesis_direct,more full,2,False,False,False
opentom,10197775::multihop_fo::2,multihop_fo_fullness,subjectesis_no_review,more full,2,False,False,False
opentom,10197775::multihop_fo::2,multihop_fo_fullness,subjectesis_review,more full,2,False,False,False
opentom,10197775::multihop_fo::3,multihop_fo_fullness,base_direct,more full,2,False,False,False
opentom,10197775::multihop_fo::3,multihop_fo_fullness,answer_only_direct,more full,2,False,False,False
opentom,10197775::multihop_fo::3,multihop_fo_fullness,subjectesis_direct,more full,2,False,False,False
opentom,10197775::multihop_fo::3,multihop_fo_fullness,subjectesis_no_review,more full,2,False,False,False
opentom,10197775::multihop_fo::3,multihop_fo_fullness,subjectesis_review,more full,2,False,False,False
opentom,10197775::multihop_fo::4,multihop_fo_accessibility,base_direct,more accessible,1,False,False,False
opentom,10197775::multihop_fo::4,multihop_fo_accessibility,answer_only_direct,more accessible,1,False,False,False
opentom,10197775::multihop_fo::4,multihop_fo_accessibility,subjectesis_direct,more accessible,1,False,False,False
opentom,10197775::multihop_fo::4,multihop_fo_accessibility,subjectesis_no_review,more accessible,1,False,False,False
opentom,10197775::multihop_fo::4,multihop_fo_accessibility,subjectesis_review,more accessible,1,False,False,False
opentom,10197775::multihop_fo::5,multihop_fo_accessibility,base_direct,more accessible,1,False,False,False
opentom,10197775::multihop_fo::5,multihop_fo_accessibility,answer_only_direct,more accessible,1,False,False,False
opentom,10197775::multihop_fo::5,multihop_fo_accessibility,subjectesis_direct,more accessible,1,False,False,False
opentom,10197775::multihop_fo::5,multihop_fo_accessibility,subjectesis_no_review,more accessible,1,False,False,False
opentom,10197775::multihop_fo::5,multihop_fo_accessibility,subjectesis_review,more accessible,1,False,False,False
opentom,10197775::multihop_so::0,multihop_so_fullness,base_direct,more full,2,False,False,False
opentom,10197775::multihop_so::0,multihop_so_fullness,answer_only_direct,less full,1,False,False,False
opentom,10197775::multihop_so::0,multihop_so_fullness,subjectesis_direct,less full,1,False,False,False
opentom,10197775::multihop_so::0,multihop_so_fullness,subjectesis_no_review,equally full,3,False,False,False
opentom,10197775::multihop_so::0,multihop_so_fullness,subjectesis_review,less full,1,False,False,False
opentom,10197775::multihop_so::1,multihop_so_fullness,base_direct,less full,1,False,False,False
opentom,10197775::multihop_so::1,multihop_so_fullness,answer_only_direct,less full,1,False,False,False
opentom,10197775::multihop_so::1,multihop_so_fullness,subjectesis_direct,less full,1,False,False,False
opentom,10197775::multihop_so::1,multihop_so_fullness,subjectesis_no_review,equally full,3,False,False,False
opentom,10197775::multihop_so::1,multihop_so_fullness,subjectesis_review,less full,1,False,False,False
opentom,10197775::multihop_so::2,multihop_so_fullness,base_direct,more full,2,False,False,False
opentom,10197775::multihop_so::2,multihop_so_fullness,answer_only_direct,more full,2,False,False,False
opentom,10197775::multihop_so::2,multihop_so_fullness,subjectesis_direct,more full,2,False,False,False
opentom,10197775::multihop_so::2,multihop_so_fullness,subjectesis_no_review,more full,2,False,False,False
opentom,10197775::multihop_so::2,multihop_so_fullness,subjectesis_review,more full,2,False,False,False
opentom,10197775::multihop_so::3,multihop_so_fullness,base_direct,more full,2,False,False,False
opentom,10197775::multihop_so::3,multihop_so_fullness,answer_only_direct,more full,2,False,False,False
opentom,10197775::multihop_so::3,multihop_so_fullness,subjectesis_direct,more full,2,False,False,False
opentom,10197775::multihop_so::3,multihop_so_fullness,subjectesis_no_review,more full,2,False,False,False
opentom,10197775::multihop_so::3,multihop_so_fullness,subjectesis_review,more full,2,False,False,False
opentom,10197775::multihop_so::4,multihop_so_accessibility,base_direct,more accessible,1,False,False,False
opentom,10197775::multihop_so::4,multihop_so_accessibility,answer_only_direct,more accessible,1,False,False,False
opentom,10197775::multihop_so::4,multihop_so_accessibility,subjectesis_direct,more accessible,1,False,False,False
opentom,10197775::multihop_so::4,multihop_so_accessibility,subjectesis_no_review,more accessible,1,False,False,False
opentom,10197775::multihop_so::4,multihop_so_accessibility,subjectesis_review,more accessible,1,False,False,False
opentom,10197775::multihop_so::5,multihop_so_accessibility,base_direct,more accessible,1,False,False,False
opentom,10197775::multihop_so::5,multihop_so_accessibility,answer_only_direct,more accessible,1,False,False,False
opentom,10197775::multihop_so::5,multihop_so_accessibility,subjectesis_direct,more accessible,1,False,False,False
opentom,10197775::multihop_so::5,multihop_so_accessibility,subjectesis_no_review,more accessible,1,False,False,False
opentom,10197775::multihop_so::5,multihop_so_accessibility,subjectesis_review,more accessible,1,False,False,False
opentom,10197775::attitude::0,attitude,base_direct,positive,1,False,False,False
opentom,10197775::attitude::0,attitude,answer_only_direct,positive,1,False,False,False
opentom,10197775::attitude::0,attitude,subjectesis_direct,positive,1,False,False,False
opentom,10197775::attitude::0,attitude,subjectesis_no_review,neutral,3,False,False,False
opentom,10197775::attitude::0,attitude,subjectesis_review,neutral,3,False,False,False
opentom,44119117::location_cg_fo::0,location_cg_fo,base_direct,No,0,False,False,False
opentom,44119117::location_cg_fo::0,location_cg_fo,answer_only_direct,No,0,False,False,False
opentom,44119117::location_cg_fo::0,location_cg_fo,subjectesis_direct,No,0,False,False,False
opentom,44119117::location_cg_fo::0,location_cg_fo,subjectesis_no_review,No,0,False,False,False
opentom,44119117::location_cg_fo::0,location_cg_fo,subjectesis_review,No,0,False,False,False
opentom,44119117::location_cg_fo::1,location_cg_fo,base_direct,No,0,False,False,False
opentom,44119117::location_cg_fo::1,location_cg_fo,answer_only_direct,No,0,False,False,False
opentom,44119117::location_cg_fo::1,location_cg_fo,subjectesis_direct,No,0,False,False,False
opentom,44119117::location_cg_fo::1,location_cg_fo,subjectesis_no_review,No,0,False,False,False
opentom,44119117::location_cg_fo::1,location_cg_fo,subjectesis_review,No,0,False,False,False
opentom,44119117::location_cg_so::0,location_cg_so,base_direct,No,0,False,False,False
opentom,44119117::location_cg_so::0,location_cg_so,answer_only_direct,No,0,False,False,False
opentom,44119117::location_cg_so::0,location_cg_so,subjectesis_direct,No,0,False,False,False
opentom,44119117::location_cg_so::0,location_cg_so,subjectesis_no_review,No,0,False,False,False
opentom,44119117::location_cg_so::0,location_cg_so,subjectesis_review,No,0,False,False,False
opentom,44119117::location_cg_so::1,location_cg_so,base_direct,No,0,False,False,False
opentom,44119117::location_cg_so::1,location_cg_so,answer_only_direct,No,0,False,False,False
opentom,44119117::location_cg_so::1,location_cg_so,subjectesis_direct,No,0,False,False,False
opentom,44119117::location_cg_so::1,location_cg_so,subjectesis_no_review,No,0,False,False,False
opentom,44119117::location_cg_so::1,location_cg_so,subjectesis_review,No,0,False,False,False
opentom,44119117::location_fg_fo::0,location_fg_fo,base_direct,nearby donation bin,2,False,False,False
opentom,44119117::location_fg_fo::0,location_fg_fo,answer_only_direct,in a nearby donation bin,2,False,False,False
opentom,44119117::location_fg_fo::0,location_fg_fo,subjectesis_direct,nearby donation bin,2,False,False,False
opentom,44119117::location_fg_fo::0,location_fg_fo,subjectesis_no_review,in the donation bin,2,False,False,False
opentom,44119117::location_fg_fo::0,location_fg_fo,subjectesis_review,in the donation bin,2,False,False,False
opentom,44119117::location_fg_fo::1,location_fg_fo,base_direct,on a shelf,3,True,False,True
opentom,44119117::location_fg_fo::1,location_fg_fo,answer_only_direct,in a glass bottle sitting on a shelf,1,False,False,False
opentom,44119117::location_fg_fo::1,location_fg_fo,subjectesis_direct,in a glass bottle sitting on a shelf,1,False,False,False
opentom,44119117::location_fg_fo::1,location_fg_fo,subjectesis_no_review,in a glass bottle on a shelf in the dusty attic,1,False,False,False
opentom,44119117::location_fg_fo::1,location_fg_fo,subjectesis_review,in a glass bottle on a shelf in the dusty attic,1,False,False,False
opentom,44119117::location_fg_fo::2,location_fg_fo,base_direct,nearby donation bin,2,False,False,False
opentom,44119117::location_fg_fo::2,location_fg_fo,answer_only_direct,in a nearby donation bin,2,False,False,False
opentom,44119117::location_fg_fo::2,location_fg_fo,subjectesis_direct,in a nearby donation bin,2,False,False,False
opentom,44119117::location_fg_fo::2,location_fg_fo,subjectesis_no_review,nearby donation bin,2,False,False,False
opentom,44119117::location_fg_fo::2,location_fg_fo,subjectesis_review,nearby donation bin,2,False,False,False
opentom,44119117::location_fg_fo::3,location_fg_fo,base_direct,in a nearby donation bin,2,False,False,False
opentom,44119117::location_fg_fo::3,location_fg_fo,answer_only_direct,in a nearby donation bin,2,False,False,False
opentom,44119117::location_fg_fo::3,location_fg_fo,subjectesis_direct,in a nearby donation bin,2,False,False,False
opentom,44119117::location_fg_fo::3,location_fg_fo,subjectesis_no_review,in the donation bin,2,False,False,False
opentom,44119117::location_fg_fo::3,location_fg_fo,subjectesis_review,in the donation bin,2,False,False,False
opentom,44119117::location_fg_so::0,location_fg_so,base_direct,in the donation bin,2,False,False,False
opentom,44119117::location_fg_so::0,location_fg_so,answer_only_direct,in the donation bin,2,False,False,False
opentom,44119117::location_fg_so::0,location_fg_so,subjectesis_direct,in the donation bin,2,False,False,False
opentom,44119117::location_fg_so::0,location_fg_so,subjectesis_no_review,unknown,3,True,False,True
opentom,44119117::location_fg_so::0,location_fg_so,subjectesis_review,unknown,3,True,False,True
opentom,44119117::location_fg_so::1,location_fg_so,base_direct,nearby donation bin,2,False,False,False
opentom,44119117::location_fg_so::1,location_fg_so,answer_only_direct,in a nearby donation bin,2,False,False,False
opentom,44119117::location_fg_so::1,location_fg_so,subjectesis_direct,in a nearby donation bin,2,False,False,False
opentom,44119117::location_fg_so::1,location_fg_so,subjectesis_no_review,the nearby donation bin,2,False,False,False
opentom,44119117::location_fg_so::1,location_fg_so,subjectesis_review,the nearby donation bin,2,False,False,False
opentom,44119117::multihop_fo::0,multihop_fo_fullness,base_direct,less full,1,False,False,False
opentom,44119117::multihop_fo::0,multihop_fo_fullness,answer_only_direct,less full,1,False,False,False
opentom,44119117::multihop_fo::0,multihop_fo_fullness,subjectesis_direct,less full,1,False,False,False
opentom,44119117::multihop_fo::0,multihop_fo_fullness,subjectesis_no_review,less full,1,False,False,False
opentom,44119117::multihop_fo::0,multihop_fo_fullness,subjectesis_review,less full,1,False,False,False
opentom,44119117::multihop_fo::1,multihop_fo_fullness,base_direct,less full,1,False,False,False
opentom,44119117::multihop_fo::1,multihop_fo_fullness,answer_only_direct,less full,1,False,False,False
opentom,44119117::multihop_fo::1,multihop_fo_fullness,subjectesis_direct,less full,1,False,False,False
opentom,44119117::multihop_fo::1,multihop_fo_fullness,subjectesis_no_review,less full,1,False,False,False
opentom,44119117::multihop_fo::1,multihop_fo_fullness,subjectesis_review,less full,1,False,False,False
opentom,44119117::multihop_fo::2,multihop_fo_fullness,base_direct,more full,2,False,False,False
opentom,44119117::multihop_fo::2,multihop_fo_fullness,answer_only_direct,more full,2,False,False,False
opentom,44119117::multihop_fo::2,multihop_fo_fullness,subjectesis_direct,more full,2,False,False,False
opentom,44119117::multihop_fo::2,multihop_fo_fullness,subjectesis_no_review,more full,2,False,False,False
opentom,44119117::multihop_fo::2,multihop_fo_fullness,subjectesis_review,more full,2,False,False,False
opentom,44119117::multihop_fo::3,multihop_fo_fullness,base_direct,more full,2,False,False,False
opentom,44119117::multihop_fo::3,multihop_fo_fullness,answer_only_direct,more full,2,False,False,False
opentom,44119117::multihop_fo::3,multihop_fo_fullness,subjectesis_direct,more full,2,False,False,False
opentom,44119117::multihop_fo::3,multihop_fo_fullness,subjectesis_no_review,more full,2,False,False,False
opentom,44119117::multihop_fo::3,multihop_fo_fullness,subjectesis_review,more full,2,False,False,False
opentom,44119117::multihop_fo::4,multihop_fo_accessibility,base_direct,less accessible,2,False,False,False
opentom,44119117::multihop_fo::4,multihop_fo_accessibility,answer_only_direct,less accessible,2,False,False,False
opentom,44119117::multihop_fo::4,multihop_fo_accessibility,subjectesis_direct,less accessible,2,False,False,False
opentom,44119117::multihop_fo::4,multihop_fo_accessibility,subjectesis_no_review,less accessible,2,False,False,False
opentom,44119117::multihop_fo::4,multihop_fo_accessibility,subjectesis_review,less accessible,2,False,False,False
opentom,44119117::multihop_fo::5,multihop_fo_accessibility,base_direct,less accessible,2,False,False,False
opentom,44119117::multihop_fo::5,multihop_fo_accessibility,answer_only_direct,less accessible,2,False,False,False
opentom,44119117::multihop_fo::5,multihop_fo_accessibility,subjectesis_direct,less accessible,2,False,False,False
opentom,44119117::multihop_fo::5,multihop_fo_accessibility,subjectesis_no_review,less accessible,2,False,False,False
opentom,44119117::multihop_fo::5,multihop_fo_accessibility,subjectesis_review,less accessible,2,False,False,False
opentom,44119117::multihop_so::0,multihop_so_fullness,base_direct,less full,1,False,False,False
opentom,44119117::multihop_so::0,multihop_so_fullness,answer_only_direct,less full,1,False,False,False
opentom,44119117::multihop_so::0,multihop_so_fullness,subjectesis_direct,less full,1,False,False,False
opentom,44119117::multihop_so::0,multihop_so_fullness,subjectesis_no_review,less full,1,False,False,False
opentom,44119117::multihop_so::0,multihop_so_fullness,subjectesis_review,less full,1,False,False,False
opentom,44119117::multihop_so::1,multihop_so_fullness,base_direct,less full,1,False,False,False
opentom,44119117::multihop_so::1,multihop_so_fullness,answer_only_direct,less full,1,False,False,False
opentom,44119117::multihop_so::1,multihop_so_fullness,subjectesis_direct,less full,1,False,False,False
opentom,44119117::multihop_so::1,multihop_so_fullness,subjectesis_no_review,less full,1,False,False,False
opentom,44119117::multihop_so::1,multihop_so_fullness,subjectesis_review,less full,1,False,False,False
opentom,44119117::multihop_so::2,multihop_so_fullness,base_direct,more full,2,False,False,False
opentom,44119117::multihop_so::2,multihop_so_fullness,answer_only_direct,more full,2,False,False,False
opentom,44119117::multihop_so::2,multihop_so_fullness,subjectesis_direct,more full,2,False,False,False
opentom,44119117::multihop_so::2,multihop_so_fullness,subjectesis_no_review,more full,2,False,False,False
opentom,44119117::multihop_so::2,multihop_so_fullness,subjectesis_review,more full,2,False,False,False
opentom,44119117::multihop_so::3,multihop_so_fullness,base_direct,more full,2,False,False,False
opentom,44119117::multihop_so::3,multihop_so_fullness,answer_only_direct,more full,2,False,False,False
opentom,44119117::multihop_so::3,multihop_so_fullness,subjectesis_direct,more full,2,False,False,False
opentom,44119117::multihop_so::3,multihop_so_fullness,subjectesis_no_review,more full,2,False,False,False
opentom,44119117::multihop_so::3,multihop_so_fullness,subjectesis_review,more full,2,False,False,False
opentom,44119117::multihop_so::4,multihop_so_accessibility,base_direct,less accessible,2,False,False,False
opentom,44119117::multihop_so::4,multihop_so_accessibility,answer_only_direct,less accessible,2,False,False,False
opentom,44119117::multihop_so::4,multihop_so_accessibility,subjectesis_direct,less accessible,2,False,False,False
opentom,44119117::multihop_so::4,multihop_so_accessibility,subjectesis_no_review,less accessible,2,False,False,False
opentom,44119117::multihop_so::4,multihop_so_accessibility,subjectesis_review,less accessible,2,False,False,False
opentom,44119117::multihop_so::5,multihop_so_accessibility,base_direct,less accessible,2,False,False,False
opentom,44119117::multihop_so::5,multihop_so_accessibility,answer_only_direct,less accessible,2,False,False,False
opentom,44119117::multihop_so::5,multihop_so_accessibility,subjectesis_direct,less accessible,2,False,False,False
opentom,44119117::multihop_so::5,multihop_so_accessibility,subjectesis_no_review,less accessible,2,False,False,False
opentom,44119117::multihop_so::5,multihop_so_accessibility,subjectesis_review,less accessible,2,False,False,False
opentom,44119117::attitude::0,attitude,base_direct,positive,1,False,False,False
opentom,44119117::attitude::0,attitude,answer_only_direct,positive,1,False,False,False
opentom,44119117::attitude::0,attitude,subjectesis_direct,positive,1,False,False,False
opentom,44119117::attitude::0,attitude,subjectesis_no_review,positive,1,False,False,False
opentom,44119117::attitude::0,attitude,subjectesis_review,positive,1,False,False,False
opentom,12976242::location_cg_fo::0,location_cg_fo,base_direct,No,0,False,False,False
opentom,12976242::location_cg_fo::0,location_cg_fo,answer_only_direct,No,0,False,False,False
opentom,12976242::location_cg_fo::0,location_cg_fo,subjectesis_direct,No,0,False,False,False
opentom,12976242::location_cg_fo::0,location_cg_fo,subjectesis_no_review,No,0,False,False,False
opentom,12976242::location_cg_fo::0,location_cg_fo,subjectesis_review,No,0,False,False,False
opentom,12976242::location_cg_fo::1,location_cg_fo,base_direct,No,0,False,False,False
opentom,12976242::location_cg_fo::1,location_cg_fo,answer_only_direct,No,0,False,False,False
opentom,12976242::location_cg_fo::1,location_cg_fo,subjectesis_direct,No,0,False,False,False
opentom,12976242::location_cg_fo::1,location_cg_fo,subjectesis_no_review,No,0,False,False,False
opentom,12976242::location_cg_fo::1,location_cg_fo,subjectesis_review,No,0,False,False,False
opentom,12976242::location_cg_so::0,location_cg_so,base_direct,No,0,False,False,False
opentom,12976242::location_cg_so::0,location_cg_so,answer_only_direct,No,0,False,False,False
opentom,12976242::location_cg_so::0,location_cg_so,subjectesis_direct,No,0,False,False,False
opentom,12976242::location_cg_so::0,location_cg_so,subjectesis_no_review,No,0,False,False,False
opentom,12976242::location_cg_so::0,location_cg_so,subjectesis_review,No,0,False,False,False
opentom,12976242::location_cg_so::1,location_cg_so,base_direct,No,0,False,False,False
opentom,12976242::location_cg_so::1,location_cg_so,answer_only_direct,No,0,False,False,False
opentom,12976242::location_cg_so::1,location_cg_so,subjectesis_direct,No,0,False,False,False
opentom,12976242::location_cg_so::1,location_cg_so,subjectesis_no_review,No,0,False,False,False
opentom,12976242::location_cg_so::1,location_cg_so,subjectesis_review,No,0,False,False,False
opentom,12976242::location_fg_fo::0,location_fg_fo,base_direct,center of the table,2,False,False,False
opentom,12976242::location_fg_fo::0,location_fg_fo,answer_only_direct,center of the table,2,False,False,False
opentom,12976242::location_fg_fo::0,location_fg_fo,subjectesis_direct,the center of the table,2,False,False,False
opentom,12976242::location_fg_fo::0,location_fg_fo,subjectesis_no_review,the center of the table,2,False,False,False
opentom,12976242::location_fg_fo::0,location_fg_fo,subjectesis_review,the center of the table,2,False,False,False
opentom,12976242::location_fg_fo::1,location_fg_fo,base_direct,its original spot,3,True,False,True
opentom,12976242::location_fg_fo::1,location_fg_fo,answer_only_direct,in the sunroom,3,True,False,True
opentom,12976242::location_fg_fo::1,location_fg_fo,subjectesis_direct,in the sunroom,3,True,False,True
opentom,12976242::location_fg_fo::1,location_fg_fo,subjectesis_no_review,in the sunroom,3,True,False,True
opentom,12976242::location_fg_fo::1,location_fg_fo,subjectesis_review,in the sunroom,3,True,False,True
opentom,12976242::location_fg_fo::2,location_fg_fo,base_direct,the center of the table,2,False,False,False
opentom,12976242::location_fg_fo::2,location_fg_fo,answer_only_direct,the center of the table,2,False,False,False
opentom,12976242::location_fg_fo::2,location_fg_fo,subjectesis_direct,the center of the table,2,False,False,False
opentom,12976242::location_fg_fo::2,location_fg_fo,subjectesis_no_review,at the center of the table,2,False,False,False
opentom,12976242::location_fg_fo::2,location_fg_fo,subjectesis_review,at the center of the table,2,False,False,False
opentom,12976242::location_fg_fo::3,location_fg_fo,base_direct,the center of the table,2,False,False,False
opentom,12976242::location_fg_fo::3,location_fg_fo,answer_only_direct,the center of the table,2,False,False,False
opentom,12976242::location_fg_fo::3,location_fg_fo,subjectesis_direct,the center of the table,2,False,False,False
opentom,12976242::location_fg_fo::3,location_fg_fo,subjectesis_no_review,in the center of the table,2,False,False,False
opentom,12976242::location_fg_fo::3,location_fg_fo,subjectesis_review,in the center of the table,2,False,False,False
opentom,12976242::location_fg_so::0,location_fg_so,base_direct,the center of the table,2,False,False,False
opentom,12976242::location_fg_so::0,location_fg_so,answer_only_direct,the center of the table,2,False,False,False
opentom,12976242::location_fg_so::0,location_fg_so,subjectesis_direct,the center of the table,2,False,False,False
opentom,12976242::location_fg_so::0,location_fg_so,subjectesis_no_review,in the sunroom,3,True,False,True
opentom,12976242::location_fg_so::0,location_fg_so,subjectesis_review,in the sunroom,3,True,False,True
opentom,12976242::location_fg_so::1,location_fg_so,base_direct,the center of the table,2,False,False,False
opentom,12976242::location_fg_so::1,location_fg_so,answer_only_direct,the center of the table,2,False,False,False
opentom,12976242::location_fg_so::1,location_fg_so,subjectesis_direct,the center of the table,2,False,False,False
opentom,12976242::location_fg_so::1,location_fg_so,subjectesis_no_review,at the center of the table,2,False,False,False
opentom,12976242::location_fg_so::1,location_fg_so,subjectesis_review,at the center of the table,2,False,False,False
opentom,12976242::multihop_fo::0,multihop_fo_fullness,base_direct,equally full,3,False,False,False
opentom,12976242::multihop_fo::0,multihop_fo_fullness,answer_only_direct,equally full,3,False,False,False
opentom,12976242::multihop_fo::0,multihop_fo_fullness,subjectesis_direct,equally full,3,False,False,False
opentom,12976242::multihop_fo::0,multihop_fo_fullness,subjectesis_no_review,equally full,3,False,False,False
opentom,12976242::multihop_fo::0,multihop_fo_fullness,subjectesis_review,equally full,3,False,False,False
opentom,12976242::multihop_fo::1,multihop_fo_fullness,base_direct,equally full,3,False,False,False
opentom,12976242::multihop_fo::1,multihop_fo_fullness,answer_only_direct,equally full,3,False,False,False
opentom,12976242::multihop_fo::1,multihop_fo_fullness,subjectesis_direct,equally full,3,False,False,False
opentom,12976242::multihop_fo::1,multihop_fo_fullness,subjectesis_no_review,equally full,3,False,False,False
opentom,12976242::multihop_fo::1,multihop_fo_fullness,subjectesis_review,equally full,3,False,False,False
opentom,12976242::multihop_fo::2,multihop_fo_fullness,base_direct,more full,2,False,False,False
opentom,12976242::multihop_fo::2,multihop_fo_fullness,answer_only_direct,more full,2,False,False,False
opentom,12976242::multihop_fo::2,multihop_fo_fullness,subjectesis_direct,more full,2,False,False,False
opentom,12976242::multihop_fo::2,multihop_fo_fullness,subjectesis_no_review,more full,2,False,False,False
opentom,12976242::multihop_fo::2,multihop_fo_fullness,subjectesis_review,more full,2,False,False,False
opentom,12976242::multihop_fo::3,multihop_fo_fullness,base_direct,more full,2,False,False,False
opentom,12976242::multihop_fo::3,multihop_fo_fullness,answer_only_direct,more full,2,False,False,False
opentom,12976242::multihop_fo::3,multihop_fo_fullness,subjectesis_direct,more full,2,False,False,False
opentom,12976242::multihop_fo::3,multihop_fo_fullness,subjectesis_no_review,more full,2,False,False,False
opentom,12976242::multihop_fo::3,multihop_fo_fullness,subjectesis_review,more full,2,False,False,False
opentom,12976242::multihop_fo::4,multihop_fo_accessibility,base_direct,more accessible,1,False,False,False
opentom,12976242::multihop_fo::4,multihop_fo_accessibility,answer_only_direct,more accessible,1,False,False,False
opentom,12976242::multihop_fo::4,multihop_fo_accessibility,subjectesis_direct,more accessible,1,False,False,False
opentom,12976242::multihop_fo::4,multihop_fo_accessibility,subjectesis_no_review,more accessible,1,False,False,False
opentom,12976242::multihop_fo::4,multihop_fo_accessibility,subjectesis_review,more accessible,1,False,False,False
opentom,12976242::multihop_fo::5,multihop_fo_accessibility,base_direct,more accessible,1,False,False,False
opentom,12976242::multihop_fo::5,multihop_fo_accessibility,answer_only_direct,more accessible,1,False,False,False
opentom,12976242::multihop_fo::5,multihop_fo_accessibility,subjectesis_direct,more accessible,1,False,False,False
opentom,12976242::multihop_fo::5,multihop_fo_accessibility,subjectesis_no_review,more accessible,1,False,False,False
opentom,12976242::multihop_fo::5,multihop_fo_accessibility,subjectesis_review,more accessible,1,False,False,False
opentom,12976242::multihop_so::0,multihop_so_fullness,base_direct,more full,2,False,False,False
opentom,12976242::multihop_so::0,multihop_so_fullness,answer_only_direct,equally full,3,False,False,False
opentom,12976242::multihop_so::0,multihop_so_fullness,subjectesis_direct,more full,2,False,False,False
opentom,12976242::multihop_so::0,multihop_so_fullness,subjectesis_no_review,less full,1,False,False,False
opentom,12976242::multihop_so::0,multihop_so_fullness,subjectesis_review,more full,2,False,False,False
opentom,12976242::multihop_so::1,multihop_so_fullness,base_direct,more full,2,False,False,False
opentom,12976242::multihop_so::1,multihop_so_fullness,answer_only_direct,more full,2,False,False,False
opentom,12976242::multihop_so::1,multihop_so_fullness,subjectesis_direct,more full,2,False,False,False
opentom,12976242::multihop_so::1,multihop_so_fullness,subjectesis_no_review,equally full,3,False,False,False
opentom,12976242::multihop_so::1,multihop_so_fullness,subjectesis_review,less full,1,False,False,False
opentom,12976242::multihop_so::2,multihop_so_fullness,base_direct,more full,2,False,False,False
opentom,12976242::multihop_so::2,multihop_so_fullness,answer_only_direct,more full,2,False,False,False
opentom,12976242::multihop_so::2,multihop_so_fullness,subjectesis_direct,more full,2,False,False,False
opentom,12976242::multihop_so::2,multihop_so_fullness,subjectesis_no_review,more full,2,False,False,False
opentom,12976242::multihop_so::2,multihop_so_fullness,subjectesis_review,more full,2,False,False,False
opentom,12976242::multihop_so::3,multihop_so_fullness,base_direct,more full,2,False,False,False
opentom,12976242::multihop_so::3,multihop_so_fullness,answer_only_direct,more full,2,False,False,False
opentom,12976242::multihop_so::3,multihop_so_fullness,subjectesis_direct,more full,2,False,False,False
opentom,12976242::multihop_so::3,multihop_so_fullness,subjectesis_no_review,more full,2,False,False,False
opentom,12976242::multihop_so::3,multihop_so_fullness,subjectesis_review,more full,2,False,False,False
opentom,12976242::multihop_so::4,multihop_so_accessibility,base_direct,more accessible,1,False,False,False
opentom,12976242::multihop_so::4,multihop_so_accessibility,answer_only_direct,more accessible,1,False,False,False
opentom,12976242::multihop_so::4,multihop_so_accessibility,subjectesis_direct,more accessible,1,False,False,False
opentom,12976242::multihop_so::4,multihop_so_accessibility,subjectesis_no_review,more accessible,1,False,False,False
opentom,12976242::multihop_so::4,multihop_so_accessibility,subjectesis_review,more accessible,1,False,False,False
opentom,12976242::multihop_so::5,multihop_so_accessibility,base_direct,more accessible,1,False,False,False
opentom,12976242::multihop_so::5,multihop_so_accessibility,answer_only_direct,more accessible,1,False,False,False
opentom,12976242::multihop_so::5,multihop_so_accessibility,subjectesis_direct,more accessible,1,False,False,False
opentom,12976242::multihop_so::5,multihop_so_accessibility,subjectesis_no_review,more accessible,1,False,False,False
opentom,12976242::multihop_so::5,multihop_so_accessibility,subjectesis_review,more accessible,1,False,False,False
opentom,12976242::attitude::0,attitude,base_direct,neutral,3,False,False,False
opentom,12976242::attitude::0,attitude,answer_only_direct,positive,1,False,False,False
opentom,12976242::attitude::0,attitude,subjectesis_direct,neutral,3,False,False,False
opentom,12976242::attitude::0,attitude,subjectesis_no_review,neutral,3,False,False,False
opentom,12976242::attitude::0,attitude,subjectesis_review,neutral,3,False,False,False
opentom,36735830::location_cg_fo::0,location_cg_fo,base_direct,No,0,False,False,False
opentom,36735830::location_cg_fo::0,location_cg_fo,answer_only_direct,No,0,False,False,False
opentom,36735830::location_cg_fo::0,location_cg_fo,subjectesis_direct,No,0,False,False,False
opentom,36735830::location_cg_fo::0,location_cg_fo,subjectesis_no_review,No,0,False,False,False
opentom,36735830::location_cg_fo::0,location_cg_fo,subjectesis_review,No,0,False,False,False
opentom,36735830::location_cg_fo::1,location_cg_fo,base_direct,No,0,False,False,False
opentom,36735830::location_cg_fo::1,location_cg_fo,answer_only_direct,No,0,False,False,False
opentom,36735830::location_cg_fo::1,location_cg_fo,subjectesis_direct,No,0,False,False,False
opentom,36735830::location_cg_fo::1,location_cg_fo,subjectesis_no_review,No,0,False,False,False
opentom,36735830::location_cg_fo::1,location_cg_fo,subjectesis_review,No,0,False,False,False
opentom,36735830::location_cg_so::0,location_cg_so,base_direct,Yes,1,False,False,False
opentom,36735830::location_cg_so::0,location_cg_so,answer_only_direct,Yes,1,False,False,False
opentom,36735830::location_cg_so::0,location_cg_so,subjectesis_direct,Yes,1,False,False,False
opentom,36735830::location_cg_so::0,location_cg_so,subjectesis_no_review,Yes,1,False,False,False
opentom,36735830::location_cg_so::0,location_cg_so,subjectesis_review,Yes,1,False,False,False
opentom,36735830::location_cg_so::1,location_cg_so,base_direct,No,0,False,False,False
opentom,36735830::location_cg_so::1,location_cg_so,answer_only_direct,No,0,False,False,False
opentom,36735830::location_cg_so::1,location_cg_so,subjectesis_direct,No,0,False,False,False
opentom,36735830::location_cg_so::1,location_cg_so,subjectesis_no_review,No,0,False,False,False
opentom,36735830::location_cg_so::1,location_cg_so,subjectesis_review,No,0,False,False,False
opentom,36735830::location_fg_fo::0,location_fg_fo,base_direct,in the drawer in his office,2,False,False,False
opentom,36735830::location_fg_fo::0,location_fg_fo,answer_only_direct,in the drawer in his office,2,False,False,False
opentom,36735830::location_fg_fo::0,location_fg_fo,subjectesis_direct,in the drawer in his office,2,False,False,False
opentom,36735830::location_fg_fo::0,location_fg_fo,subjectesis_no_review,in Owen's office drawer,2,False,False,False
opentom,36735830::location_fg_fo::0,location_fg_fo,subjectesis_review,in Owen's office drawer,2,False,False,False
opentom,36735830::location_fg_fo::1,location_fg_fo,base_direct,in the pantry in the patio,1,False,False,False
opentom,36735830::location_fg_fo::1,location_fg_fo,answer_only_direct,in the pantry in the patio,1,False,False,False
opentom,36735830::location_fg_fo::1,location_fg_fo,subjectesis_direct,in the pantry in the patio,1,False,False,False
opentom,36735830::location_fg_fo::1,location_fg_fo,subjectesis_no_review,in the pantry in the patio,1,False,False,False
opentom,36735830::location_fg_fo::1,location_fg_fo,subjectesis_review,in the pantry in the patio,1,False,False,False
opentom,36735830::location_fg_fo::2,location_fg_fo,base_direct,in the drawer in his office,2,False,False,False
opentom,36735830::location_fg_fo::2,location_fg_fo,answer_only_direct,in the drawer in his office,2,False,False,False
opentom,36735830::location_fg_fo::2,location_fg_fo,subjectesis_direct,in the drawer in his office,2,False,False,False
opentom,36735830::location_fg_fo::2,location_fg_fo,subjectesis_no_review,in his office drawer,2,False,False,False
opentom,36735830::location_fg_fo::2,location_fg_fo,subjectesis_review,in his office drawer,2,False,False,False
opentom,36735830::location_fg_fo::3,location_fg_fo,base_direct,in the drawer in his office,2,False,False,False
opentom,36735830::location_fg_fo::3,location_fg_fo,answer_only_direct,in the drawer in his office,2,False,False,False
opentom,36735830::location_fg_fo::3,location_fg_fo,subjectesis_direct,in the drawer in his office,2,False,False,False
opentom,36735830::location_fg_fo::3,location_fg_fo,subjectesis_no_review,in the drawer in Owen's office,2,False,False,False
opentom,36735830::location_fg_fo::3,location_fg_fo,subjectesis_review,in the drawer in Owen's office,2,False,False,False
opentom,36735830::location_fg_so::0,location_fg_so,base_direct,pantry,1,False,False,False
opentom,36735830::location_fg_so::0,location_fg_so,answer_only_direct,pantry,1,False,False,False
opentom,36735830::location_fg_so::0,location_fg_so,subjectesis_direct,pantry,1,False,False,False
opentom,36735830::location_fg_so::0,location_fg_so,subjectesis_no_review,the pantry,1,False,False,False
opentom,36735830::location_fg_so::0,location_fg_so,subjectesis_review,the pantry,1,False,False,False
opentom,36735830::location_fg_so::1,location_fg_so,base_direct,in the drawer in his office,2,False,False,False
opentom,36735830::location_fg_so::1,location_fg_so,answer_only_direct,in the drawer in his office,2,False,False,False
opentom,36735830::location_fg_so::1,location_fg_so,subjectesis_direct,in his office,2,False,False,False
opentom,36735830::location_fg_so::1,location_fg_so,subjectesis_no_review,in his office drawer,2,False,False,False
opentom,36735830::location_fg_so::1,location_fg_so,subjectesis_review,in his office drawer,2,False,False,False
opentom,36735830::multihop_fo::0,multihop_fo_fullness,base_direct,less full,1,False,False,False
opentom,36735830::multihop_fo::0,multihop_fo_fullness,answer_only_direct,less full,1,False,False,False
opentom,36735830::multihop_fo::0,multihop_fo_fullness,subjectesis_direct,less full,1,False,False,False
opentom,36735830::multihop_fo::0,multihop_fo_fullness,subjectesis_no_review,less full,1,False,False,False
opentom,36735830::multihop_fo::0,multihop_fo_fullness,subjectesis_review,less full,1,False,False,False
opentom,36735830::multihop_fo::1,multihop_fo_fullness,base_direct,less full,1,False,False,False
opentom,36735830::multihop_fo::1,multihop_fo_fullness,answer_only_direct,less full,1,False,False,False
opentom,36735830::multihop_fo::1,multihop_fo_fullness,subjectesis_direct,less full,1,False,False,False
opentom,36735830::multihop_fo::1,multihop_fo_fullness,subjectesis_no_review,less full,1,False,False,False
opentom,36735830::multihop_fo::1,multihop_fo_fullness,subjectesis_review,less full,1,False,False,False
opentom,36735830::multihop_fo::2,multihop_fo_fullness,base_direct,more full,2,False,False,False
opentom,36735830::multihop_fo::2,multihop_fo_fullness,answer_only_direct,more full,2,False,False,False
opentom,36735830::multihop_fo::2,multihop_fo_fullness,subjectesis_direct,more full,2,False,False,False
opentom,36735830::multihop_fo::2,multihop_fo_fullness,subjectesis_no_review,more full,2,False,False,False
opentom,36735830::multihop_fo::2,multihop_fo_fullness,subjectesis_review,more full,2,False,False,False
opentom,36735830::multihop_fo::3,multihop_fo_fullness,base_direct,more full,2,False,False,False
opentom,36735830::multihop_fo::3,multihop_fo_fullness,answer_only_direct,more full,2,False,False,False
opentom,36735830::multihop_fo::3,multihop_fo_fullness,subjectesis_direct,more full,2,False,False,False
opentom,36735830::multihop_fo::3,multihop_fo_fullness,subjectesis_no_review,less full,1,False,False,False
opentom,36735830::multihop_fo::3,multihop_fo_fullness,subjectesis_review,less full,1,False,False,False
opentom,36735830::multihop_fo::4,multihop_fo_accessibility,base_direct,more accessible,1,False,False,False
opentom,36735830::multihop_fo::4,multihop_fo_accessibility,answer_only_direct,more accessible,1,False,False,False
opentom,36735830::multihop_fo::4,multihop_fo_accessibility,subjectesis_direct,more accessible,1,False,False,False
opentom,36735830::multihop_fo::4,multihop_fo_accessibility,subjectesis_no_review,more accessible,1,False,False,False
opentom,36735830::multihop_fo::4,multihop_fo_accessibility,subjectesis_review,more accessible,1,False,False,False
opentom,36735830::multihop_fo::5,multihop_fo_accessibility,base_direct,less accessible,2,False,False,False
opentom,36735830::multihop_fo::5,multihop_fo_accessibility,answer_only_direct,less accessible,2,False,False,False
opentom,36735830::multihop_fo::5,multihop_fo_accessibility,subjectesis_direct,less accessible,2,False,False,False
opentom,36735830::multihop_fo::5,multihop_fo_accessibility,subjectesis_no_review,less accessible,2,False,False,False
opentom,36735830::multihop_fo::5,multihop_fo_accessibility,subjectesis_review,equally accessible,3,False,False,False
opentom,36735830::multihop_so::0,multihop_so_fullness,base_direct,less full,1,False,False,False
opentom,36735830::multihop_so::0,multihop_so_fullness,answer_only_direct,less full,1,False,False,False
opentom,36735830::multihop_so::0,multihop_so_fullness,subjectesis_direct,less full,1,False,False,False
opentom,36735830::multihop_so::0,multihop_so_fullness,subjectesis_no_review,less full,1,False,False,False
opentom,36735830::multihop_so::0,multihop_so_fullness,subjectesis_review,less full,1,False,False,False
opentom,36735830::multihop_so::1,multihop_so_fullness,base_direct,less full,1,False,False,False
opentom,36735830::multihop_so::1,multihop_so_fullness,answer_only_direct,less full,1,False,False,False
opentom,36735830::multihop_so::1,multihop_so_fullness,subjectesis_direct,less full,1,False,False,False
opentom,36735830::multihop_so::1,multihop_so_fullness,subjectesis_no_review,less full,1,False,False,False
opentom,36735830::multihop_so::1,multihop_so_fullness,subjectesis_review,less full,1,False,False,False
opentom,36735830::multihop_so::2,multihop_so_fullness,base_direct,more full,2,False,False,False
opentom,36735830::multihop_so::2,multihop_so_fullness,answer_only_direct,more full,2,False,False,False
opentom,36735830::multihop_so::2,multihop_so_fullness,subjectesis_direct,more full,2,False,False,False
opentom,36735830::multihop_so::2,multihop_so_fullness,subjectesis_no_review,more full,2,False,False,False
opentom,36735830::multihop_so::2,multihop_so_fullness,subjectesis_review,more full,2,False,False,False
opentom,36735830::multihop_so::3,multihop_so_fullness,base_direct,more full,2,False,False,False
opentom,36735830::multihop_so::3,multihop_so_fullness,answer_only_direct,more full,2,False,False,False
opentom,36735830::multihop_so::3,multihop_so_fullness,subjectesis_direct,more full,2,False,False,False
opentom,36735830::multihop_so::3,multihop_so_fullness,subjectesis_no_review,more full,2,False,False,False
opentom,36735830::multihop_so::3,multihop_so_fullness,subjectesis_review,more full,2,False,False,False
opentom,36735830::multihop_so::4,multihop_so_accessibility,base_direct,more accessible,1,False,False,False
opentom,36735830::multihop_so::4,multihop_so_accessibility,answer_only_direct,less accessible,2,False,False,False
opentom,36735830::multihop_so::4,multihop_so_accessibility,subjectesis_direct,less accessible,2,False,False,False
opentom,36735830::multihop_so::4,multihop_so_accessibility,subjectesis_no_review,less accessible,2,False,False,False
opentom,36735830::multihop_so::4,multihop_so_accessibility,subjectesis_review,less accessible,2,False,False,False
opentom,36735830::multihop_so::5,multihop_so_accessibility,base_direct,more accessible,1,False,False,False
opentom,36735830::multihop_so::5,multihop_so_accessibility,answer_only_direct,more accessible,1,False,False,False
opentom,36735830::multihop_so::5,multihop_so_accessibility,subjectesis_direct,more accessible,1,False,False,False
opentom,36735830::multihop_so::5,multihop_so_accessibility,subjectesis_no_review,more accessible,1,False,False,False
opentom,36735830::multihop_so::5,multihop_so_accessibility,subjectesis_review,more accessible,1,False,False,False
opentom,36735830::attitude::0,attitude,base_direct,negative,2,False,False,False
opentom,36735830::attitude::0,attitude,answer_only_direct,negative,2,False,False,False
opentom,36735830::attitude::0,attitude,subjectesis_direct,neutral,3,False,False,False
opentom,36735830::attitude::0,attitude,subjectesis_no_review,negative,2,False,False,False
opentom,36735830::attitude::0,attitude,subjectesis_review,negative,2,False,False,False
opentom,78394024::location_cg_fo::0,location_cg_fo,base_direct,No,0,False,False,False
opentom,78394024::location_cg_fo::0,location_cg_fo,answer_only_direct,No,0,False,False,False
opentom,78394024::location_cg_fo::0,location_cg_fo,subjectesis_direct,No,0,False,False,False
opentom,78394024::location_cg_fo::0,location_cg_fo,subjectesis_no_review,No,0,False,False,False
opentom,78394024::location_cg_fo::0,location_cg_fo,subjectesis_review,No,0,False,False,False
opentom,78394024::location_cg_fo::1,location_cg_fo,base_direct,Yes,1,False,False,False
opentom,78394024::location_cg_fo::1,location_cg_fo,answer_only_direct,No,0,False,False,False
opentom,78394024::location_cg_fo::1,location_cg_fo,subjectesis_direct,No,0,False,False,False
opentom,78394024::location_cg_fo::1,location_cg_fo,subjectesis_no_review,No,0,False,False,False
opentom,78394024::location_cg_fo::1,location_cg_fo,subjectesis_review,No,0,False,False,False
opentom,78394024::location_cg_so::0,location_cg_so,base_direct,Yes,1,False,False,False
opentom,78394024::location_cg_so::0,location_cg_so,answer_only_direct,Yes,1,False,False,False
opentom,78394024::location_cg_so::0,location_cg_so,subjectesis_direct,Yes,1,False,False,False
opentom,78394024::location_cg_so::0,location_cg_so,subjectesis_no_review,No,0,False,False,False
opentom,78394024::location_cg_so::0,location_cg_so,subjectesis_review,No,0,False,False,False
opentom,78394024::location_cg_so::1,location_cg_so,base_direct,Yes,1,False,False,False
opentom,78394024::location_cg_so::1,location_cg_so,answer_only_direct,No,0,False,False,False
opentom,78394024::location_cg_so::1,location_cg_so,subjectesis_direct,No,0,False,False,False
opentom,78394024::location_cg_so::1,location_cg_so,subjectesis_no_review,No,0,False,False,False
opentom,78394024::location_cg_so::1,location_cg_so,subjectesis_review,No,0,False,False,False
opentom,78394024::location_fg_fo::0,location_fg_fo,base_direct,in the nearby trash can,2,False,False,False
opentom,78394024::location_fg_fo::0,location_fg_fo,answer_only_direct,in the nearby trash can,2,False,False,False
opentom,78394024::location_fg_fo::0,location_fg_fo,subjectesis_direct,in the nearby trash can,2,False,False,False
opentom,78394024::location_fg_fo::0,location_fg_fo,subjectesis_no_review,in the trash can,2,False,False,False
opentom,78394024::location_fg_fo::0,location_fg_fo,subjectesis_review,in the trash can,2,False,False,False
opentom,78394024::location_fg_fo::1,location_fg_fo,base_direct,in a basket,1,False,False,False
opentom,78394024::location_fg_fo::1,location_fg_fo,answer_only_direct,in a basket,1,False,False,False
opentom,78394024::location_fg_fo::1,location_fg_fo,subjectesis_direct,in a basket,1,False,False,False
opentom,78394024::location_fg_fo::1,location_fg_fo,subjectesis_no_review,in a basket,1,False,False,False
opentom,78394024::location_fg_fo::1,location_fg_fo,subjectesis_review,in a basket,1,False,False,False
opentom,78394024::location_fg_fo::2,location_fg_fo,base_direct,in the nearby trash can,2,False,False,False
opentom,78394024::location_fg_fo::2,location_fg_fo,answer_only_direct,in the nearby trash can,2,False,False,False
opentom,78394024::location_fg_fo::2,location_fg_fo,subjectesis_direct,in the nearby trash can,2,False,False,False
opentom,78394024::location_fg_fo::2,location_fg_fo,subjectesis_no_review,in the trash can,2,False,False,False
opentom,78394024::location_fg_fo::2,location_fg_fo,subjectesis_review,in the trash can,2,False,False,False
opentom,78394024::location_fg_fo::3,location_fg_fo,base_direct,in the trash can,2,False,False,False
opentom,78394024::location_fg_fo::3,location_fg_fo,answer_only_direct,in the sunroom,3,True,False,True
opentom,78394024::location_fg_fo::3,location_fg_fo,subjectesis_direct,in the trash can,2,False,False,False
opentom,78394024::location_fg_fo::3,location_fg_fo,subjectesis_no_review,in the sunroom,3,True,False,True
opentom,78394024::location_fg_fo::3,location_fg_fo,subjectesis_review,in the sunroom,3,True,False,True
opentom,78394024::location_fg_so::0,location_fg_so,base_direct,in the sunroom,3,True,False,True
opentom,78394024::location_fg_so::0,location_fg_so,answer_only_direct,in a basket,1,False,False,False
opentom,78394024::location_fg_so::0,location_fg_so,subjectesis_direct,in a basket,1,False,False,False
opentom,78394024::location_fg_so::0,location_fg_so,subjectesis_no_review,unknown,3,True,False,True
opentom,78394024::location_fg_so::0,location_fg_so,subjectesis_review,unknown,3,True,False,True
opentom,78394024::location_fg_so::1,location_fg_so,base_direct,nearby trash can,2,False,False,False
opentom,78394024::location_fg_so::1,location_fg_so,answer_only_direct,nearby trash can,2,False,False,False
opentom,78394024::location_fg_so::1,location_fg_so,subjectesis_direct,in the nearby trash can,2,False,False,False
opentom,78394024::location_fg_so::1,location_fg_so,subjectesis_no_review,in the sunroom,3,True,False,True
opentom,78394024::location_fg_so::1,location_fg_so,subjectesis_review,in the sunroom,3,True,False,True
opentom,78394024::multihop_fo::0,multihop_fo_fullness,base_direct,less full,1,False,False,False
opentom,78394024::multihop_fo::0,multihop_fo_fullness,answer_only_direct,less full,1,False,False,False
opentom,78394024::multihop_fo::0,multihop_fo_fullness,subjectesis_direct,less full,1,False,False,False
opentom,78394024::multihop_fo::0,multihop_fo_fullness,subjectesis_no_review,less full,1,False,False,False
opentom,78394024::multihop_fo::0,multihop_fo_fullness,subjectesis_review,less full,1,False,False,False
opentom,78394024::multihop_fo::1,multihop_fo_fullness,base_direct,less full,1,False,False,False
opentom,78394024::multihop_fo::1,multihop_fo_fullness,answer_only_direct,less full,1,False,False,False
opentom,78394024::multihop_fo::1,multihop_fo_fullness,subjectesis_direct,less full,1,False,False,False
opentom,78394024::multihop_fo::1,multihop_fo_fullness,subjectesis_no_review,less full,1,False,False,False
opentom,78394024::multihop_fo::1,multihop_fo_fullness,subjectesis_review,less full,1,False,False,False
opentom,78394024::multihop_fo::2,multihop_fo_fullness,base_direct,more full,2,False,False,False
opentom,78394024::multihop_fo::2,multihop_fo_fullness,answer_only_direct,more full,2,False,False,False
opentom,78394024::multihop_fo::2,multihop_fo_fullness,subjectesis_direct,more full,2,False,False,False
opentom,78394024::multihop_fo::2,multihop_fo_fullness,subjectesis_no_review,more full,2,False,False,False
opentom,78394024::multihop_fo::2,multihop_fo_fullness,subjectesis_review,more full,2,False,False,False
opentom,78394024::multihop_fo::3,multihop_fo_fullness,base_direct,more full,2,False,False,False
opentom,78394024::multihop_fo::3,multihop_fo_fullness,answer_only_direct,more full,2,False,False,False
opentom,78394024::multihop_fo::3,multihop_fo_fullness,subjectesis_direct,more full,2,False,False,False
opentom,78394024::multihop_fo::3,multihop_fo_fullness,subjectesis_no_review,more full,2,False,False,False
opentom,78394024::multihop_fo::3,multihop_fo_fullness,subjectesis_review,more full,2,False,False,False
opentom,78394024::multihop_fo::4,multihop_fo_accessibility,base_direct,less accessible,2,False,False,False
opentom,78394024::multihop_fo::4,multihop_fo_accessibility,answer_only_direct,less accessible,2,False,False,False
opentom,78394024::multihop_fo::4,multihop_fo_accessibility,subjectesis_direct,less accessible,2,False,False,False
opentom,78394024::multihop_fo::4,multihop_fo_accessibility,subjectesis_no_review,less accessible,2,False,False,False
opentom,78394024::multihop_fo::4,multihop_fo_accessibility,subjectesis_review,less accessible,2,False,False,False
opentom,78394024::multihop_fo::5,multihop_fo_accessibility,base_direct,less accessible,2,False,False,False
opentom,78394024::multihop_fo::5,multihop_fo_accessibility,answer_only_direct,less accessible,2,False,False,False
opentom,78394024::multihop_fo::5,multihop_fo_accessibility,subjectesis_direct,less accessible,2,False,False,False
opentom,78394024::multihop_fo::5,multihop_fo_accessibility,subjectesis_no_review,less accessible,2,False,False,False
opentom,78394024::multihop_fo::5,multihop_fo_accessibility,subjectesis_review,equally accessible,3,False,False,False
opentom,78394024::multihop_so::0,multihop_so_fullness,base_direct,less full,1,False,False,False
opentom,78394024::multihop_so::0,multihop_so_fullness,answer_only_direct,less full,1,False,False,False
opentom,78394024::multihop_so::0,multihop_so_fullness,subjectesis_direct,less full,1,False,False,False
opentom,78394024::multihop_so::0,multihop_so_fullness,subjectesis_no_review,less full,1,False,False,False
opentom,78394024::multihop_so::0,multihop_so_fullness,subjectesis_review,less full,1,False,False,False
opentom,78394024::multihop_so::1,multihop_so_fullness,base_direct,less full,1,False,False,False
opentom,78394024::multihop_so::1,multihop_so_fullness,answer_only_direct,less full,1,False,False,False
opentom,78394024::multihop_so::1,multihop_so_fullness,subjectesis_direct,less full,1,False,False,False
opentom,78394024::multihop_so::1,multihop_so_fullness,subjectesis_no_review,less full,1,False,False,False
opentom,78394024::multihop_so::1,multihop_so_fullness,subjectesis_review,less full,1,False,False,False
opentom,78394024::multihop_so::2,multihop_so_fullness,base_direct,more full,2,False,False,False
opentom,78394024::multihop_so::2,multihop_so_fullness,answer_only_direct,more full,2,False,False,False
opentom,78394024::multihop_so::2,multihop_so_fullness,subjectesis_direct,more full,2,False,False,False
opentom,78394024::multihop_so::2,multihop_so_fullness,subjectesis_no_review,more full,2,False,False,False
opentom,78394024::multihop_so::2,multihop_so_fullness,subjectesis_review,more full,2,False,False,False
opentom,78394024::multihop_so::3,multihop_so_fullness,base_direct,more full,2,False,False,False
opentom,78394024::multihop_so::3,multihop_so_fullness,answer_only_direct,more full,2,False,False,False
opentom,78394024::multihop_so::3,multihop_so_fullness,subjectesis_direct,more full,2,False,False,False
opentom,78394024::multihop_so::3,multihop_so_fullness,subjectesis_no_review,more full,2,False,False,False
opentom,78394024::multihop_so::3,multihop_so_fullness,subjectesis_review,more full,2,False,False,False
opentom,78394024::multihop_so::4,multihop_so_accessibility,base_direct,less accessible,2,False,False,False
opentom,78394024::multihop_so::4,multihop_so_accessibility,answer_only_direct,less accessible,2,False,False,False
opentom,78394024::multihop_so::4,multihop_so_accessibility,subjectesis_direct,less accessible,2,False,False,False
opentom,78394024::multihop_so::4,multihop_so_accessibility,subjectesis_no_review,less accessible,2,False,False,False
opentom,78394024::multihop_so::4,multihop_so_accessibility,subjectesis_review,less accessible,2,False,False,False
opentom,78394024::multihop_so::5,multihop_so_accessibility,base_direct,less accessible,2,False,False,False
opentom,78394024::multihop_so::5,multihop_so_accessibility,answer_only_direct,less accessible,2,False,False,False
opentom,78394024::multihop_so::5,multihop_so_accessibility,subjectesis_direct,less accessible,2,False,False,False
opentom,78394024::multihop_so::5,multihop_so_accessibility,subjectesis_no_review,less accessible,2,False,False,False
opentom,78394024::multihop_so::5,multihop_so_accessibility,subjectesis_review,less accessible,2,False,False,False
opentom,78394024::attitude::0,attitude,base_direct,negative,2,False,False,False
opentom,78394024::attitude::0,attitude,answer_only_direct,negative,2,False,False,False
opentom,78394024::attitude::0,attitude,subjectesis_direct,negative,2,False,False,False
opentom,78394024::attitude::0,attitude,subjectesis_no_review,negative,2,False,False,False
opentom,78394024::attitude::0,attitude,subjectesis_review,negative,2,False,False,False
opentom,13369720::location_cg_fo::0,location_cg_fo,base_direct,No,0,False,False,False
opentom,13369720::location_cg_fo::0,location_cg_fo,answer_only_direct,No,0,False,False,False
opentom,13369720::location_cg_fo::0,location_cg_fo,subjectesis_direct,No,0,False,False,False
opentom,13369720::location_cg_fo::0,location_cg_fo,subjectesis_no_review,No,0,False,False,False
opentom,13369720::location_cg_fo::0,location_cg_fo,subjectesis_review,No,0,False,False,False
opentom,13369720::location_cg_fo::1,location_cg_fo,base_direct,No,0,False,False,False
opentom,13369720::location_cg_fo::1,location_cg_fo,answer_only_direct,No,0,False,False,False
opentom,13369720::location_cg_fo::1,location_cg_fo,subjectesis_direct,No,0,False,False,False
opentom,13369720::location_cg_fo::1,location_cg_fo,subjectesis_no_review,No,0,False,False,False
opentom,13369720::location_cg_fo::1,location_cg_fo,subjectesis_review,No,0,False,False,False
opentom,13369720::location_cg_so::0,location_cg_so,base_direct,Yes,1,False,False,False
opentom,13369720::location_cg_so::0,location_cg_so,answer_only_direct,No,0,False,False,False
opentom,13369720::location_cg_so::0,location_cg_so,subjectesis_direct,No,0,False,False,False
opentom,13369720::location_cg_so::0,location_cg_so,subjectesis_no_review,No,0,False,False,False
opentom,13369720::location_cg_so::0,location_cg_so,subjectesis_review,No,0,False,False,False
opentom,13369720::location_cg_so::1,location_cg_so,base_direct,No,0,False,False,False
opentom,13369720::location_cg_so::1,location_cg_so,answer_only_direct,No,0,False,False,False
opentom,13369720::location_cg_so::1,location_cg_so,subjectesis_direct,No,0,False,False,False
opentom,13369720::location_cg_so::1,location_cg_so,subjectesis_no_review,No,0,False,False,False
opentom,13369720::location_cg_so::1,location_cg_so,subjectesis_review,No,0,False,False,False
opentom,13369720::location_fg_fo::0,location_fg_fo,base_direct,in the closet,2,False,False,False
opentom,13369720::location_fg_fo::0,location_fg_fo,answer_only_direct,in the closet,2,False,False,False
opentom,13369720::location_fg_fo::0,location_fg_fo,subjectesis_direct,in the closet,2,False,False,False
opentom,13369720::location_fg_fo::0,location_fg_fo,subjectesis_no_review,in the closet,2,False,False,False
opentom,13369720::location_fg_fo::0,location_fg_fo,subjectesis_review,in the closet,2,False,False,False
opentom,13369720::location_fg_fo::1,location_fg_fo,base_direct,on the kitchen counter,3,True,False,True
opentom,13369720::location_fg_fo::1,location_fg_fo,answer_only_direct,in an open suitcase on the kitchen counter,1,False,False,False
opentom,13369720::location_fg_fo::1,location_fg_fo,subjectesis_direct,in an open suitcase on the kitchen counter,1,False,False,False
opentom,13369720::location_fg_fo::1,location_fg_fo,subjectesis_no_review,in an open suitcase on the kitchen counter,1,False,False,False
opentom,13369720::location_fg_fo::1,location_fg_fo,subjectesis_review,in an open suitcase on the kitchen counter,1,False,False,False
opentom,13369720::location_fg_fo::2,location_fg_fo,base_direct,in the closet,2,False,False,False
opentom,13369720::location_fg_fo::2,location_fg_fo,answer_only_direct,in the closet,2,False,False,False
opentom,13369720::location_fg_fo::2,location_fg_fo,subjectesis_direct,in the closet,2,False,False,False
opentom,13369720::location_fg_fo::2,location_fg_fo,subjectesis_no_review,in the closet,2,False,False,False
opentom,13369720::location_fg_fo::2,location_fg_fo,subjectesis_review,in the closet,2,False,False,False
opentom,13369720::location_fg_fo::3,location_fg_fo,base_direct,in the closet,2,False,False,False
opentom,13369720::location_fg_fo::3,location_fg_fo,answer_only_direct,in the closet,2,False,False,False
opentom,13369720::location_fg_fo::3,location_fg_fo,subjectesis_direct,in the closet,2,False,False,False
opentom,13369720::location_fg_fo::3,location_fg_fo,subjectesis_no_review,in the closet,2,False,False,False
opentom,13369720::location_fg_fo::3,location_fg_fo,subjectesis_review,in the closet,2,False,False,False
opentom,13369720::location_fg_so::0,location_fg_so,base_direct,in the closet,2,False,False,False
opentom,13369720::location_fg_so::0,location_fg_so,answer_only_direct,in the closet,2,False,False,False
opentom,13369720::location_fg_so::0,location_fg_so,subjectesis_direct,in the closet,2,False,False,False
opentom,13369720::location_fg_so::0,location_fg_so,subjectesis_no_review,in the closet,2,False,False,False
opentom,13369720::location_fg_so::0,location_fg_so,subjectesis_review,in the closet,2,False,False,False
opentom,13369720::location_fg_so::1,location_fg_so,base_direct,in the closet,2,False,False,False
opentom,13369720::location_fg_so::1,location_fg_so,answer_only_direct,in the closet,2,False,False,False
opentom,13369720::location_fg_so::1,location_fg_so,subjectesis_direct,in the closet,2,False,False,False
opentom,13369720::location_fg_so::1,location_fg_so,subjectesis_no_review,in the closet,2,False,False,False
opentom,13369720::location_fg_so::1,location_fg_so,subjectesis_review,in the closet,2,False,False,False
opentom,13369720::multihop_fo::0,multihop_fo_fullness,base_direct,less full,1,False,False,False
opentom,13369720::multihop_fo::0,multihop_fo_fullness,answer_only_direct,less full,1,False,False,False
opentom,13369720::multihop_fo::0,multihop_fo_fullness,subjectesis_direct,less full,1,False,False,False
opentom,13369720::multihop_fo::0,multihop_fo_fullness,subjectesis_no_review,less full,1,False,False,False
opentom,13369720::multihop_fo::0,multihop_fo_fullness,subjectesis_review,less full,1,False,False,False
opentom,13369720::multihop_fo::1,multihop_fo_fullness,base_direct,less full,1,False,False,False
opentom,13369720::multihop_fo::1,multihop_fo_fullness,answer_only_direct,less full,1,False,False,False
opentom,13369720::multihop_fo::1,multihop_fo_fullness,subjectesis_direct,less full,1,False,False,False
opentom,13369720::multihop_fo::1,multihop_fo_fullness,subjectesis_no_review,less full,1,False,False,False
opentom,13369720::multihop_fo::1,multihop_fo_fullness,subjectesis_review,less full,1,False,False,False
opentom,13369720::multihop_fo::2,multihop_fo_fullness,base_direct,more full,2,False,False,False
opentom,13369720::multihop_fo::2,multihop_fo_fullness,answer_only_direct,more full,2,False,False,False
opentom,13369720::multihop_fo::2,multihop_fo_fullness,subjectesis_direct,more full,2,False,False,False
opentom,13369720::multihop_fo::2,multihop_fo_fullness,subjectesis_no_review,more full,2,False,False,False
opentom,13369720::multihop_fo::2,multihop_fo_fullness,subjectesis_review,more full,2,False,False,False
opentom,13369720::multihop_fo::3,multihop_fo_fullness,base_direct,more full,2,False,False,False
opentom,13369720::multihop_fo::3,multihop_fo_fullness,answer_only_direct,more full,2,False,False,False
opentom,13369720::multihop_fo::3,multihop_fo_fullness,subjectesis_direct,more full,2,False,False,False
opentom,13369720::multihop_fo::3,multihop_fo_fullness,subjectesis_no_review,more full,2,False,False,False
opentom,13369720::multihop_fo::3,multihop_fo_fullness,subjectesis_review,more full,2,False,False,False
opentom,13369720::multihop_fo::4,multihop_fo_accessibility,base_direct,less accessible,2,False,False,False
opentom,13369720::multihop_fo::4,multihop_fo_accessibility,answer_only_direct,less accessible,2,False,False,False
opentom,13369720::multihop_fo::4,multihop_fo_accessibility,subjectesis_direct,less accessible,2,False,False,False
opentom,13369720::multihop_fo::4,multihop_fo_accessibility,subjectesis_no_review,less accessible,2,False,False,False
opentom,13369720::multihop_fo::4,multihop_fo_accessibility,subjectesis_review,less accessible,2,False,False,False
opentom,13369720::multihop_fo::5,multihop_fo_accessibility,base_direct,less accessible,2,False,False,False
opentom,13369720::multihop_fo::5,multihop_fo_accessibility,answer_only_direct,less accessible,2,False,False,False
opentom,13369720::multihop_fo::5,multihop_fo_accessibility,subjectesis_direct,less accessible,2,False,False,False
opentom,13369720::multihop_fo::5,multihop_fo_accessibility,subjectesis_no_review,less accessible,2,False,False,False
opentom,13369720::multihop_fo::5,multihop_fo_accessibility,subjectesis_review,less accessible,2,False,False,False
opentom,13369720::multihop_so::0,multihop_so_fullness,base_direct,more full,2,False,False,False
opentom,13369720::multihop_so::0,multihop_so_fullness,answer_only_direct,less full,1,False,False,False
opentom,13369720::multihop_so::0,multihop_so_fullness,subjectesis_direct,less full,1,False,False,False
opentom,13369720::multihop_so::0,multihop_so_fullness,subjectesis_no_review,less full,1,False,False,False
opentom,13369720::multihop_so::0,multihop_so_fullness,subjectesis_review,less full,1,False,False,False
opentom,13369720::multihop_so::1,multihop_so_fullness,base_direct,less full,1,False,False,False
opentom,13369720::multihop_so::1,multihop_so_fullness,answer_only_direct,less full,1,False,False,False
opentom,13369720::multihop_so::1,multihop_so_fullness,subjectesis_direct,less full,1,False,False,False
opentom,13369720::multihop_so::1,multihop_so_fullness,subjectesis_no_review,less full,1,False,False,False
opentom,13369720::multihop_so::1,multihop_so_fullness,subjectesis_review,less full,1,False,False,False
opentom,13369720::multihop_so::2,multihop_so_fullness,base_direct,more full,2,False,False,False
opentom,13369720::multihop_so::2,multihop_so_fullness,answer_only_direct,more full,2,False,False,False
opentom,13369720::multihop_so::2,multihop_so_fullness,subjectesis_direct,more full,2,False,False,False
opentom,13369720::multihop_so::2,multihop_so_fullness,subjectesis_no_review,more full,2,False,False,False
opentom,13369720::multihop_so::2,multihop_so_fullness,subjectesis_review,more full,2,False,False,False
opentom,13369720::multihop_so::3,multihop_so_fullness,base_direct,more full,2,False,False,False
opentom,13369720::multihop_so::3,multihop_so_fullness,answer_only_direct,more full,2,False,False,False
opentom,13369720::multihop_so::3,multihop_so_fullness,subjectesis_direct,more full,2,False,False,False
opentom,13369720::multihop_so::3,multihop_so_fullness,subjectesis_no_review,more full,2,False,False,False
opentom,13369720::multihop_so::3,multihop_so_fullness,subjectesis_review,more full,2,False,False,False
opentom,13369720::multihop_so::4,multihop_so_accessibility,base_direct,less accessible,2,False,False,False
opentom,13369720::multihop_so::4,multihop_so_accessibility,answer_only_direct,less accessible,2,False,False,False
opentom,13369720::multihop_so::4,multihop_so_accessibility,subjectesis_direct,less accessible,2,False,False,False
opentom,13369720::multihop_so::4,multihop_so_accessibility,subjectesis_no_review,less accessible,2,False,False,False
opentom,13369720::multihop_so::4,multihop_so_accessibility,subjectesis_review,less accessible,2,False,False,False
opentom,13369720::multihop_so::5,multihop_so_accessibility,base_direct,less accessible,2,False,False,False
opentom,13369720::multihop_so::5,multihop_so_accessibility,answer_only_direct,less accessible,2,False,False,False
opentom,13369720::multihop_so::5,multihop_so_accessibility,subjectesis_direct,less accessible,2,False,False,False
opentom,13369720::multihop_so::5,multihop_so_accessibility,subjectesis_no_review,less accessible,2,False,False,False
opentom,13369720::multihop_so::5,multihop_so_accessibility,subjectesis_review,less accessible,2,False,False,False
opentom,13369720::attitude::0,attitude,base_direct,positive,1,False,False,False
opentom,13369720::attitude::0,attitude,answer_only_direct,negative,2,False,False,False
opentom,13369720::attitude::0,attitude,subjectesis_direct,positive,1,False,False,False
opentom,13369720::attitude::0,attitude,subjectesis_no_review,neutral,3,False,False,False
opentom,13369720::attitude::0,attitude,subjectesis_review,neutral,3,False,False,False
opentom,48498937::location_cg_fo::0,location_cg_fo,base_direct,No,0,False,False,False
opentom,48498937::location_cg_fo::0,location_cg_fo,answer_only_direct,No,0,False,False,False
opentom,48498937::location_cg_fo::0,location_cg_fo,subjectesis_direct,No,0,False,False,False
opentom,48498937::location_cg_fo::0,location_cg_fo,subjectesis_no_review,No,0,False,False,False
opentom,48498937::location_cg_fo::0,location_cg_fo,subjectesis_review,No,0,False,False,False
opentom,48498937::location_cg_fo::1,location_cg_fo,base_direct,No,0,False,False,False
opentom,48498937::location_cg_fo::1,location_cg_fo,answer_only_direct,No,0,False,False,False
opentom,48498937::location_cg_fo::1,location_cg_fo,subjectesis_direct,No,0,False,False,False
opentom,48498937::location_cg_fo::1,location_cg_fo,subjectesis_no_review,No,0,False,False,False
opentom,48498937::location_cg_fo::1,location_cg_fo,subjectesis_review,No,0,False,False,False
opentom,48498937::location_cg_so::0,location_cg_so,base_direct,No,0,False,False,False
opentom,48498937::location_cg_so::0,location_cg_so,answer_only_direct,No,0,False,False,False
opentom,48498937::location_cg_so::0,location_cg_so,subjectesis_direct,No,0,False,False,False
opentom,48498937::location_cg_so::0,location_cg_so,subjectesis_no_review,No,0,False,False,False
opentom,48498937::location_cg_so::0,location_cg_so,subjectesis_review,No,0,False,False,False
opentom,48498937::location_cg_so::1,location_cg_so,base_direct,No,0,False,False,False
opentom,48498937::location_cg_so::1,location_cg_so,answer_only_direct,No,0,False,False,False
opentom,48498937::location_cg_so::1,location_cg_so,subjectesis_direct,No,0,False,False,False
opentom,48498937::location_cg_so::1,location_cg_so,subjectesis_no_review,No,0,False,False,False
opentom,48498937::location_cg_so::1,location_cg_so,subjectesis_review,No,0,False,False,False
opentom,48498937::location_fg_fo::0,location_fg_fo,base_direct,in the fridge,2,False,False,False
opentom,48498937::location_fg_fo::0,location_fg_fo,answer_only_direct,in the fridge,2,False,False,False
opentom,48498937::location_fg_fo::0,location_fg_fo,subjectesis_direct,in the fridge,2,False,False,False
opentom,48498937::location_fg_fo::0,location_fg_fo,subjectesis_no_review,in the fridge,2,False,False,False
opentom,48498937::location_fg_fo::0,location_fg_fo,subjectesis_review,in the fridge,2,False,False,False
opentom,48498937::location_fg_fo::1,location_fg_fo,base_direct,in the corner of the room,3,True,False,True
opentom,48498937::location_fg_fo::1,location_fg_fo,answer_only_direct,in the master bedroom,3,True,False,True
opentom,48498937::location_fg_fo::1,location_fg_fo,subjectesis_direct,in the master bedroom,3,True,False,True
opentom,48498937::location_fg_fo::1,location_fg_fo,subjectesis_no_review,in the master bedroom,3,True,False,True
opentom,48498937::location_fg_fo::1,location_fg_fo,subjectesis_review,in the master bedroom,3,True,False,True
opentom,48498937::location_fg_fo::2,location_fg_fo,base_direct,in the fridge,2,False,False,False
opentom,48498937::location_fg_fo::2,location_fg_fo,answer_only_direct,in the fridge,2,False,False,False
opentom,48498937::location_fg_fo::2,location_fg_fo,subjectesis_direct,in the fridge,2,False,False,False
opentom,48498937::location_fg_fo::2,location_fg_fo,subjectesis_no_review,in the fridge,2,False,False,False
opentom,48498937::location_fg_fo::2,location_fg_fo,subjectesis_review,in the fridge,2,False,False,False
opentom,48498937::location_fg_fo::3,location_fg_fo,base_direct,in the fridge,2,False,False,False
opentom,48498937::location_fg_fo::3,location_fg_fo,answer_only_direct,in the fridge,2,False,False,False
opentom,48498937::location_fg_fo::3,location_fg_fo,subjectesis_direct,in the fridge,2,False,False,False
opentom,48498937::location_fg_fo::3,location_fg_fo,subjectesis_no_review,in the fridge,2,False,False,False
opentom,48498937::location_fg_fo::3,location_fg_fo,subjectesis_review,in the fridge,2,False,False,False
opentom,48498937::location_fg_so::0,location_fg_so,base_direct,in the fridge,2,False,False,False
opentom,48498937::location_fg_so::0,location_fg_so,answer_only_direct,in the fridge,2,False,False,False
opentom,48498937::location_fg_so::0,location_fg_so,subjectesis_direct,in the fridge,2,False,False,False
opentom,48498937::location_fg_so::0,location_fg_so,subjectesis_no_review,in the fridge,2,False,False,False
opentom,48498937::location_fg_so::0,location_fg_so,subjectesis_review,kitchen,3,True,False,True
opentom,48498937::location_fg_so::1,location_fg_so,base_direct,in the fridge,2,False,False,False
opentom,48498937::location_fg_so::1,location_fg_so,answer_only_direct,in the fridge,2,False,False,False
opentom,48498937::location_fg_so::1,location_fg_so,subjectesis_direct,in the fridge,2,False,False,False
opentom,48498937::location_fg_so::1,location_fg_so,subjectesis_no_review,in the fridge,2,False,False,False
opentom,48498937::location_fg_so::1,location_fg_so,subjectesis_review,in the fridge,2,False,False,False
opentom,48498937::multihop_fo::0,multihop_fo_fullness,base_direct,less full,1,False,False,False
opentom,48498937::multihop_fo::0,multihop_fo_fullness,answer_only_direct,less full,1,False,False,False
opentom,48498937::multihop_fo::0,multihop_fo_fullness,subjectesis_direct,less full,1,False,False,False
opentom,48498937::multihop_fo::0,multihop_fo_fullness,subjectesis_no_review,less full,1,False,False,False
opentom,48498937::multihop_fo::0,multihop_fo_fullness,subjectesis_review,less full,1,False,False,False
opentom,48498937::multihop_fo::1,multihop_fo_fullness,base_direct,less full,1,False,False,False
opentom,48498937::multihop_fo::1,multihop_fo_fullness,answer_only_direct,less full,1,False,False,False
opentom,48498937::multihop_fo::1,multihop_fo_fullness,subjectesis_direct,less full,1,False,False,False
opentom,48498937::multihop_fo::1,multihop_fo_fullness,subjectesis_no_review,less full,1,False,False,False
opentom,48498937::multihop_fo::1,multihop_fo_fullness,subjectesis_review,less full,1,False,False,False
opentom,48498937::multihop_fo::2,multihop_fo_fullness,base_direct,more full,2,False,False,False
opentom,48498937::multihop_fo::2,multihop_fo_fullness,answer_only_direct,more full,2,False,False,False
opentom,48498937::multihop_fo::2,multihop_fo_fullness,subjectesis_direct,more full,2,False,False,False
opentom,48498937::multihop_fo::2,multihop_fo_fullness,subjectesis_no_review,more full,2,False,False,False
opentom,48498937::multihop_fo::2,multihop_fo_fullness,subjectesis_review,more full,2,False,False,False
opentom,48498937::multihop_fo::3,multihop_fo_fullness,base_direct,less full,1,False,False,False
opentom,48498937::multihop_fo::3,multihop_fo_fullness,answer_only_direct,less full,1,False,False,False
opentom,48498937::multihop_fo::3,multihop_fo_fullness,subjectesis_direct,less full,1,False,False,False
opentom,48498937::multihop_fo::3,multihop_fo_fullness,subjectesis_no_review,less full,1,False,False,False
opentom,48498937::multihop_fo::3,multihop_fo_fullness,subjectesis_review,less full,1,False,False,False
opentom,48498937::multihop_fo::4,multihop_fo_accessibility,base_direct,less accessible,2,False,False,False
opentom,48498937::multihop_fo::4,multihop_fo_accessibility,answer_only_direct,less accessible,2,False,False,False
opentom,48498937::multihop_fo::4,multihop_fo_accessibility,subjectesis_direct,less accessible,2,False,False,False
opentom,48498937::multihop_fo::4,multihop_fo_accessibility,subjectesis_no_review,less accessible,2,False,False,False
opentom,48498937::multihop_fo::4,multihop_fo_accessibility,subjectesis_review,less accessible,2,False,False,False
opentom,48498937::multihop_fo::5,multihop_fo_accessibility,base_direct,less accessible,2,False,False,False
opentom,48498937::multihop_fo::5,multihop_fo_accessibility,answer_only_direct,less accessible,2,False,False,False
opentom,48498937::multihop_fo::5,multihop_fo_accessibility,subjectesis_direct,less accessible,2,False,False,False
opentom,48498937::multihop_fo::5,multihop_fo_accessibility,subjectesis_no_review,less accessible,2,False,False,False
opentom,48498937::multihop_fo::5,multihop_fo_accessibility,subjectesis_review,less accessible,2,False,False,False
opentom,48498937::multihop_so::0,multihop_so_fullness,base_direct,less full,1,False,False,False
opentom,48498937::multihop_so::0,multihop_so_fullness,answer_only_direct,less full,1,False,False,False
opentom,48498937::multihop_so::0,multihop_so_fullness,subjectesis_direct,less full,1,False,False,False
opentom,48498937::multihop_so::0,multihop_so_fullness,subjectesis_no_review,less full,1,False,False,False
opentom,48498937::multihop_so::0,multihop_so_fullness,subjectesis_review,less full,1,False,False,False
opentom,48498937::multihop_so::1,multihop_so_fullness,base_direct,less full,1,False,False,False
opentom,48498937::multihop_so::1,multihop_so_fullness,answer_only_direct,less full,1,False,False,False
opentom,48498937::multihop_so::1,multihop_so_fullness,subjectesis_direct,less full,1,False,False,False
opentom,48498937::multihop_so::1,multihop_so_fullness,subjectesis_no_review,less full,1,False,False,False
opentom,48498937::multihop_so::1,multihop_so_fullness,subjectesis_review,less full,1,False,False,False
opentom,48498937::multihop_so::2,multihop_so_fullness,base_direct,more full,2,False,False,False
opentom,48498937::multihop_so::2,multihop_so_fullness,answer_only_direct,more full,2,False,False,False
opentom,48498937::multihop_so::2,multihop_so_fullness,subjectesis_direct,more full,2,False,False,False
opentom,48498937::multihop_so::2,multihop_so_fullness,subjectesis_no_review,more full,2,False,False,False
opentom,48498937::multihop_so::2,multihop_so_fullness,subjectesis_review,more full,2,False,False,False
opentom,48498937::multihop_so::3,multihop_so_fullness,base_direct,more full,2,False,False,False
opentom,48498937::multihop_so::3,multihop_so_fullness,answer_only_direct,more full,2,False,False,False
opentom,48498937::multihop_so::3,multihop_so_fullness,subjectesis_direct,more full,2,False,False,False
opentom,48498937::multihop_so::3,multihop_so_fullness,subjectesis_no_review,more full,2,False,False,False
opentom,48498937::multihop_so::3,multihop_so_fullness,subjectesis_review,more full,2,False,False,False
opentom,48498937::multihop_so::4,multihop_so_accessibility,base_direct,less accessible,2,False,False,False
opentom,48498937::multihop_so::4,multihop_so_accessibility,answer_only_direct,less accessible,2,False,False,False
opentom,48498937::multihop_so::4,multihop_so_accessibility,subjectesis_direct,less accessible,2,False,False,False
opentom,48498937::multihop_so::4,multihop_so_accessibility,subjectesis_no_review,less accessible,2,False,False,False
opentom,48498937::multihop_so::4,multihop_so_accessibility,subjectesis_review,less accessible,2,False,False,False
opentom,48498937::multihop_so::5,multihop_so_accessibility,base_direct,less accessible,2,False,False,False
opentom,48498937::multihop_so::5,multihop_so_accessibility,answer_only_direct,less accessible,2,False,False,False
opentom,48498937::multihop_so::5,multihop_so_accessibility,subjectesis_direct,less accessible,2,False,False,False
opentom,48498937::multihop_so::5,multihop_so_accessibility,subjectesis_no_review,less accessible,2,False,False,False
opentom,48498937::multihop_so::5,multihop_so_accessibility,subjectesis_review,less accessible,2,False,False,False
opentom,48498937::attitude::0,attitude,base_direct,negative,2,False,False,False
opentom,48498937::attitude::0,attitude,answer_only_direct,negative,2,False,False,False
opentom,48498937::attitude::0,attitude,subjectesis_direct,negative,2,False,False,False
opentom,48498937::attitude::0,attitude,subjectesis_no_review,negative,2,False,False,False
opentom,48498937::attitude::0,attitude,subjectesis_review,negative,2,False,False,False
opentom,88535842::location_cg_fo::0,location_cg_fo,base_direct,No,0,False,False,False
opentom,88535842::location_cg_fo::0,location_cg_fo,answer_only_direct,No,0,False,False,False
opentom,88535842::location_cg_fo::0,location_cg_fo,subjectesis_direct,No,0,False,False,False
opentom,88535842::location_cg_fo::0,location_cg_fo,subjectesis_no_review,No,0,False,False,False
opentom,88535842::location_cg_fo::0,location_cg_fo,subjectesis_review,No,0,False,False,False
opentom,88535842::location_cg_fo::1,location_cg_fo,base_direct,No,0,False,False,False
opentom,88535842::location_cg_fo::1,location_cg_fo,answer_only_direct,No,0,False,False,False
opentom,88535842::location_cg_fo::1,location_cg_fo,subjectesis_direct,No,0,False,False,False
opentom,88535842::location_cg_fo::1,location_cg_fo,subjectesis_no_review,No,0,False,False,False
opentom,88535842::location_cg_fo::1,location_cg_fo,subjectesis_review,No,0,False,False,False
opentom,88535842::location_cg_so::0,location_cg_so,base_direct,Yes,1,False,False,False
opentom,88535842::location_cg_so::0,location_cg_so,answer_only_direct,Yes,1,False,False,False
opentom,88535842::location_cg_so::0,location_cg_so,subjectesis_direct,Yes,1,False,False,False
opentom,88535842::location_cg_so::0,location_cg_so,subjectesis_no_review,Yes,1,False,False,False
opentom,88535842::location_cg_so::0,location_cg_so,subjectesis_review,Yes,1,False,False,False
opentom,88535842::location_cg_so::1,location_cg_so,base_direct,No,0,False,False,False
opentom,88535842::location_cg_so::1,location_cg_so,answer_only_direct,No,0,False,False,False
opentom,88535842::location_cg_so::1,location_cg_so,subjectesis_direct,No,0,False,False,False
opentom,88535842::location_cg_so::1,location_cg_so,subjectesis_no_review,No,0,False,False,False
opentom,88535842::location_cg_so::1,location_cg_so,subjectesis_review,No,0,False,False,False
opentom,88535842::location_fg_fo::0,location_fg_fo,base_direct,unused room,2,False,False,False
opentom,88535842::location_fg_fo::0,location_fg_fo,answer_only_direct,in an unused room,2,False,False,False
opentom,88535842::location_fg_fo::0,location_fg_fo,subjectesis_direct,in an unused room,2,False,False,False
opentom,88535842::location_fg_fo::0,location_fg_fo,subjectesis_no_review,in an unused room,2,False,False,False
opentom,88535842::location_fg_fo::0,location_fg_fo,subjectesis_review,in an unused room,2,False,False,False
opentom,88535842::location_fg_fo::1,location_fg_fo,base_direct,inside a glass bottle,1,False,False,False
opentom,88535842::location_fg_fo::1,location_fg_fo,answer_only_direct,inside a glass bottle,1,False,False,False
opentom,88535842::location_fg_fo::1,location_fg_fo,subjectesis_direct,inside a glass bottle,1,False,False,False
opentom,88535842::location_fg_fo::1,location_fg_fo,subjectesis_no_review,inside a glass bottle on the patio,1,False,False,False
opentom,88535842::location_fg_fo::1,location_fg_fo,subjectesis_review,inside a glass bottle on the patio,1,False,False,False
opentom,88535842::location_fg_fo::2,location_fg_fo,base_direct,an unused room,2,False,False,False
opentom,88535842::location_fg_fo::2,location_fg_fo,answer_only_direct,in an unused room,2,False,False,False
opentom,88535842::location_fg_fo::2,location_fg_fo,subjectesis_direct,an unused room,2,False,False,False
opentom,88535842::location_fg_fo::2,location_fg_fo,subjectesis_no_review,an unused room,2,False,False,False
opentom,88535842::location_fg_fo::2,location_fg_fo,subjectesis_review,an unused room,2,False,False,False
opentom,88535842::location_fg_fo::3,location_fg_fo,base_direct,in an unused room,2,False,False,False
opentom,88535842::location_fg_fo::3,location_fg_fo,answer_only_direct,in an unused room,2,False,False,False
opentom,88535842::location_fg_fo::3,location_fg_fo,subjectesis_direct,in an unused room,2,False,False,False
opentom,88535842::location_fg_fo::3,location_fg_fo,subjectesis_no_review,Hannah does not know the precise location of the skirt by the end of the story.,3,True,False,True
opentom,88535842::location_fg_fo::3,location_fg_fo,subjectesis_review,Hannah does not know the precise location of the skirt by the end of the story.,3,True,False,True
opentom,88535842::location_fg_so::0,location_fg_so,base_direct,in an unused room,2,False,False,False
opentom,88535842::location_fg_so::0,location_fg_so,answer_only_direct,in an unused room,2,False,False,False
opentom,88535842::location_fg_so::0,location_fg_so,subjectesis_direct,in an unused room,2,False,False,False
opentom,88535842::location_fg_so::0,location_fg_so,subjectesis_no_review,the patio,3,True,False,True
opentom,88535842::location_fg_so::0,location_fg_so,subjectesis_review,in an unused room,2,False,False,False
opentom,88535842::location_fg_so::1,location_fg_so,base_direct,an unused room,2,False,False,False
opentom,88535842::location_fg_so::1,location_fg_so,answer_only_direct,an unused room,2,False,False,False
opentom,88535842::location_fg_so::1,location_fg_so,subjectesis_direct,an unused room,2,False,False,False
opentom,88535842::location_fg_so::1,location_fg_so,subjectesis_no_review,Hannah does not know where Andy thinks the skirt is located by the end of the story.,3,True,False,True
opentom,88535842::location_fg_so::1,location_fg_so,subjectesis_review,Hannah does not know where Andy thinks the skirt is located by the end of the story.,3,True,False,True
opentom,88535842::multihop_fo::0,multihop_fo_fullness,base_direct,less full,1,False,False,False
opentom,88535842::multihop_fo::0,multihop_fo_fullness,answer_only_direct,less full,1,False,False,False
opentom,88535842::multihop_fo::0,multihop_fo_fullness,subjectesis_direct,less full,1,False,False,False
opentom,88535842::multihop_fo::0,multihop_fo_fullness,subjectesis_no_review,less full,1,False,False,False
opentom,88535842::multihop_fo::0,multihop_fo_fullness,subjectesis_review,less full,1,False,False,False
opentom,88535842::multihop_fo::1,multihop_fo_fullness,base_direct,less full,1,False,False,False
opentom,88535842::multihop_fo::1,multihop_fo_fullness,answer_only_direct,less full,1,False,False,False
opentom,88535842::multihop_fo::1,multihop_fo_fullness,subjectesis_direct,less full,1,False,False,False
opentom,88535842::multihop_fo::1,multihop_fo_fullness,subjectesis_no_review,less full,1,False,False,False
opentom,88535842::multihop_fo::1,multihop_fo_fullness,subjectesis_review,less full,1,False,False,False
opentom,88535842::multihop_fo::2,multihop_fo_fullness,base_direct,less full,1,False,False,False
opentom,88535842::multihop_fo::2,multihop_fo_fullness,answer_only_direct,less full,1,False,False,False
opentom,88535842::multihop_fo::2,multihop_fo_fullness,subjectesis_direct,less full,1,False,False,False
opentom,88535842::multihop_fo::2,multihop_fo_fullness,subjectesis_no_review,less full,1,False,False,False
opentom,88535842::multihop_fo::2,multihop_fo_fullness,subjectesis_review,less full,1,False,False,False
opentom,88535842::multihop_fo::3,multihop_fo_fullness,base_direct,less full,1,False,False,False
opentom,88535842::multihop_fo::3,multihop_fo_fullness,answer_only_direct,less full,1,False,False,False
opentom,88535842::multihop_fo::3,multihop_fo_fullness,subjectesis_direct,less full,1,False,False,False
opentom,88535842::multihop_fo::3,multihop_fo_fullness,subjectesis_no_review,equally full,3,False,False,False
opentom,88535842::multihop_fo::3,multihop_fo_fullness,subjectesis_review,equally full,3,False,False,False
opentom,88535842::multihop_fo::4,multihop_fo_accessibility,base_direct,less accessible,2,False,False,False
opentom,88535842::multihop_fo::4,multihop_fo_accessibility,answer_only_direct,less accessible,2,False,False,False
opentom,88535842::multihop_fo::4,multihop_fo_accessibility,subjectesis_direct,less accessible,2,False,False,False
opentom,88535842::multihop_fo::4,multihop_fo_accessibility,subjectesis_no_review,less accessible,2,False,False,False
opentom,88535842::multihop_fo::4,multihop_fo_accessibility,subjectesis_review,less accessible,2,False,False,False
opentom,88535842::multihop_fo::5,multihop_fo_accessibility,base_direct,less accessible,2,False,False,False
opentom,88535842::multihop_fo::5,multihop_fo_accessibility,answer_only_direct,less accessible,2,False,False,False
opentom,88535842::multihop_fo::5,multihop_fo_accessibility,subjectesis_direct,less accessible,2,False,False,False
opentom,88535842::multihop_fo::5,multihop_fo_accessibility,subjectesis_no_review,less accessible,2,False,False,False
opentom,88535842::multihop_fo::5,multihop_fo_accessibility,subjectesis_review,less accessible,2,False,False,False
opentom,88535842::multihop_so::0,multihop_so_fullness,base_direct,less full,1,False,False,False
opentom,88535842::multihop_so::0,multihop_so_fullness,answer_only_direct,less full,1,False,False,False
opentom,88535842::multihop_so::0,multihop_so_fullness,subjectesis_direct,less full,1,False,False,False
opentom,88535842::multihop_so::0,multihop_so_fullness,subjectesis_no_review,less full,1,False,False,False
opentom,88535842::multihop_so::0,multihop_so_fullness,subjectesis_review,less full,1,False,False,False
opentom,88535842::multihop_so::1,multihop_so_fullness,base_direct,less full,1,False,False,False
opentom,88535842::multihop_so::1,multihop_so_fullness,answer_only_direct,less full,1,False,False,False
opentom,88535842::multihop_so::1,multihop_so_fullness,subjectesis_direct,less full,1,False,False,False
opentom,88535842::multihop_so::1,multihop_so_fullness,subjectesis_no_review,less full,1,False,False,False
opentom,88535842::multihop_so::1,multihop_so_fullness,subjectesis_review,less full,1,False,False,False
opentom,88535842::multihop_so::2,multihop_so_fullness,base_direct,less full,1,False,False,False
opentom,88535842::multihop_so::2,multihop_so_fullness,answer_only_direct,less full,1,False,False,False
opentom,88535842::multihop_so::2,multihop_so_fullness,subjectesis_direct,less full,1,False,False,False
opentom,88535842::multihop_so::2,multihop_so_fullness,subjectesis_no_review,more full,2,False,False,False
opentom,88535842::multihop_so::2,multihop_so_fullness,subjectesis_review,more full,2,False,False,False
opentom,88535842::multihop_so::3,multihop_so_fullness,base_direct,less full,1,False,False,False
opentom,88535842::multihop_so::3,multihop_so_fullness,answer_only_direct,less full,1,False,False,False
opentom,88535842::multihop_so::3,multihop_so_fullness,subjectesis_direct,less full,1,False,False,False
opentom,88535842::multihop_so::3,multihop_so_fullness,subjectesis_no_review,less full,1,False,False,False
opentom,88535842::multihop_so::3,multihop_so_fullness,subjectesis_review,less full,1,False,False,False
opentom,88535842::multihop_so::4,multihop_so_accessibility,base_direct,less accessible,2,False,False,False
opentom,88535842::multihop_so::4,multihop_so_accessibility,answer_only_direct,less accessible,2,False,False,False
opentom,88535842::multihop_so::4,multihop_so_accessibility,subjectesis_direct,less accessible,2,False,False,False
opentom,88535842::multihop_so::4,multihop_so_accessibility,subjectesis_no_review,less accessible,2,False,False,False
opentom,88535842::multihop_so::4,multihop_so_accessibility,subjectesis_review,less accessible,2,False,False,False
opentom,88535842::multihop_so::5,multihop_so_accessibility,base_direct,less accessible,2,False,False,False
opentom,88535842::multihop_so::5,multihop_so_accessibility,answer_only_direct,less accessible,2,False,False,False
opentom,88535842::multihop_so::5,multihop_so_accessibility,subjectesis_direct,less accessible,2,False,False,False
opentom,88535842::multihop_so::5,multihop_so_accessibility,subjectesis_no_review,less accessible,2,False,False,False
opentom,88535842::multihop_so::5,multihop_so_accessibility,subjectesis_review,less accessible,2,False,False,False
opentom,88535842::attitude::0,attitude,base_direct,negative,2,False,False,False
opentom,88535842::attitude::0,attitude,answer_only_direct,neutral,3,False,False,False
opentom,88535842::attitude::0,attitude,subjectesis_direct,negative,2,False,False,False
opentom,88535842::attitude::0,attitude,subjectesis_no_review,negative,2,False,False,False
opentom,88535842::attitude::0,attitude,subjectesis_review,negative,2,False,False,False
opentom,62157313::location_cg_fo::0,location_cg_fo,base_direct,No,0,False,False,False
opentom,62157313::location_cg_fo::0,location_cg_fo,answer_only_direct,No,0,False,False,False
opentom,62157313::location_cg_fo::0,location_cg_fo,subjectesis_direct,No,0,False,False,False
opentom,62157313::location_cg_fo::0,location_cg_fo,subjectesis_no_review,No,0,False,False,False
opentom,62157313::location_cg_fo::0,location_cg_fo,subjectesis_review,No,0,False,False,False
opentom,62157313::location_cg_fo::1,location_cg_fo,base_direct,No,0,False,False,False
opentom,62157313::location_cg_fo::1,location_cg_fo,answer_only_direct,No,0,False,False,False
opentom,62157313::location_cg_fo::1,location_cg_fo,subjectesis_direct,No,0,False,False,False
opentom,62157313::location_cg_fo::1,location_cg_fo,subjectesis_no_review,No,0,False,False,False
opentom,62157313::location_cg_fo::1,location_cg_fo,subjectesis_review,No,0,False,False,False
opentom,62157313::location_cg_so::0,location_cg_so,base_direct,Yes,1,False,False,False
opentom,62157313::location_cg_so::0,location_cg_so,answer_only_direct,Yes,1,False,False,False
opentom,62157313::location_cg_so::0,location_cg_so,subjectesis_direct,No,0,False,False,False
opentom,62157313::location_cg_so::0,location_cg_so,subjectesis_no_review,No,0,False,False,False
opentom,62157313::location_cg_so::0,location_cg_so,subjectesis_review,Yes,1,False,False,False
opentom,62157313::location_cg_so::1,location_cg_so,base_direct,No,0,False,False,False
opentom,62157313::location_cg_so::1,location_cg_so,answer_only_direct,No,0,False,False,False
opentom,62157313::location_cg_so::1,location_cg_so,subjectesis_direct,No,0,False,False,False
opentom,62157313::location_cg_so::1,location_cg_so,subjectesis_no_review,No,0,False,False,False
opentom,62157313::location_cg_so::1,location_cg_so,subjectesis_review,No,0,False,False,False
opentom,62157313::location_fg_fo::0,location_fg_fo,base_direct,mannequin room,2,False,False,False
opentom,62157313::location_fg_fo::0,location_fg_fo,answer_only_direct,mannequin room,2,False,False,False
opentom,62157313::location_fg_fo::0,location_fg_fo,subjectesis_direct,mannequin room,2,False,False,False
opentom,62157313::location_fg_fo::0,location_fg_fo,subjectesis_no_review,in the mannequin room,2,False,False,False
opentom,62157313::location_fg_fo::0,location_fg_fo,subjectesis_review,in the mannequin room,2,False,False,False
opentom,62157313::location_fg_fo::1,location_fg_fo,base_direct,in a bucket,1,False,False,False
opentom,62157313::location_fg_fo::1,location_fg_fo,answer_only_direct,in a bucket,1,False,False,False
opentom,62157313::location_fg_fo::1,location_fg_fo,subjectesis_direct,in a bucket,1,False,False,False
opentom,62157313::location_fg_fo::1,location_fg_fo,subjectesis_no_review,in the dining room,2,False,False,False
opentom,62157313::location_fg_fo::1,location_fg_fo,subjectesis_review,in the dining room,2,False,False,False
opentom,62157313::location_fg_fo::2,location_fg_fo,base_direct,mannequin room,2,False,False,False
opentom,62157313::location_fg_fo::2,location_fg_fo,answer_only_direct,mannequin room,2,False,False,False
opentom,62157313::location_fg_fo::2,location_fg_fo,subjectesis_direct,the mannequin room,2,False,False,False
opentom,62157313::location_fg_fo::2,location_fg_fo,subjectesis_no_review,the mannequin room,2,False,False,False
opentom,62157313::location_fg_fo::2,location_fg_fo,subjectesis_review,the mannequin room,2,False,False,False
opentom,62157313::location_fg_fo::3,location_fg_fo,base_direct,mannequin room,2,False,False,False
opentom,62157313::location_fg_fo::3,location_fg_fo,answer_only_direct,mannequin room,2,False,False,False
opentom,62157313::location_fg_fo::3,location_fg_fo,subjectesis_direct,mannequin room,2,False,False,False
opentom,62157313::location_fg_fo::3,location_fg_fo,subjectesis_no_review,unknown,3,True,False,True
opentom,62157313::location_fg_fo::3,location_fg_fo,subjectesis_review,unknown,3,True,False,True
opentom,62157313::location_fg_so::0,location_fg_so,base_direct,the dining room,2,False,False,False
opentom,62157313::location_fg_so::0,location_fg_so,answer_only_direct,in the mannequin room,2,False,False,False
opentom,62157313::location_fg_so::0,location_fg_so,subjectesis_direct,in the mannequin room,2,False,False,False
opentom,62157313::location_fg_so::0,location_fg_so,subjectesis_no_review,the mannequin room,2,False,False,False
opentom,62157313::location_fg_so::0,location_fg_so,subjectesis_review,the dining room,2,False,False,False
opentom,62157313::location_fg_so::1,location_fg_so,base_direct,mannequin room,2,False,False,False
opentom,62157313::location_fg_so::1,location_fg_so,answer_only_direct,the mannequin room,2,False,False,False
opentom,62157313::location_fg_so::1,location_fg_so,subjectesis_direct,the mannequin room,2,False,False,False
opentom,62157313::location_fg_so::1,location_fg_so,subjectesis_no_review,in the mannequin room,2,False,False,False
opentom,62157313::location_fg_so::1,location_fg_so,subjectesis_review,in the mannequin room,2,False,False,False
opentom,62157313::multihop_fo::0,multihop_fo_fullness,base_direct,less full,1,False,False,False
opentom,62157313::multihop_fo::0,multihop_fo_fullness,answer_only_direct,less full,1,False,False,False
opentom,62157313::multihop_fo::0,multihop_fo_fullness,subjectesis_direct,less full,1,False,False,False
opentom,62157313::multihop_fo::0,multihop_fo_fullness,subjectesis_no_review,less full,1,False,False,False
opentom,62157313::multihop_fo::0,multihop_fo_fullness,subjectesis_review,less full,1,False,False,False
opentom,62157313::multihop_fo::1,multihop_fo_fullness,base_direct,less full,1,False,False,False
opentom,62157313::multihop_fo::1,multihop_fo_fullness,answer_only_direct,less full,1,False,False,False
opentom,62157313::multihop_fo::1,multihop_fo_fullness,subjectesis_direct,less full,1,False,False,False
opentom,62157313::multihop_fo::1,multihop_fo_fullness,subjectesis_no_review,less full,1,False,False,False
opentom,62157313::multihop_fo::1,multihop_fo_fullness,subjectesis_review,less full,1,False,False,False
opentom,62157313::multihop_fo::2,multihop_fo_fullness,base_direct,more full,2,False,False,False
opentom,62157313::multihop_fo::2,multihop_fo_fullness,answer_only_direct,more full,2,False,False,False
opentom,62157313::multihop_fo::2,multihop_fo_fullness,subjectesis_direct,more full,2,False,False,False
opentom,62157313::multihop_fo::2,multihop_fo_fullness,subjectesis_no_review,more full,2,False,False,False
opentom,62157313::multihop_fo::2,multihop_fo_fullness,subjectesis_review,more full,2,False,False,False
opentom,62157313::multihop_fo::3,multihop_fo_fullness,base_direct,more full,2,False,False,False
opentom,62157313::multihop_fo::3,multihop_fo_fullness,answer_only_direct,more full,2,False,False,False
opentom,62157313::multihop_fo::3,multihop_fo_fullness,subjectesis_direct,more full,2,False,False,False
opentom,62157313::multihop_fo::3,multihop_fo_fullness,subjectesis_no_review,less full,1,False,False,False
opentom,62157313::multihop_fo::3,multihop_fo_fullness,subjectesis_review,less full,1,False,False,False
opentom,62157313::multihop_fo::4,multihop_fo_accessibility,base_direct,more accessible,1,False,False,False
opentom,62157313::multihop_fo::4,multihop_fo_accessibility,answer_only_direct,more accessible,1,False,False,False
opentom,62157313::multihop_fo::4,multihop_fo_accessibility,subjectesis_direct,more accessible,1,False,False,False
opentom,62157313::multihop_fo::4,multihop_fo_accessibility,subjectesis_no_review,more accessible,1,False,False,False
opentom,62157313::multihop_fo::4,multihop_fo_accessibility,subjectesis_review,more accessible,1,False,False,False
opentom,62157313::multihop_fo::5,multihop_fo_accessibility,base_direct,less accessible,2,False,False,False
opentom,62157313::multihop_fo::5,multihop_fo_accessibility,answer_only_direct,less accessible,2,False,False,False
opentom,62157313::multihop_fo::5,multihop_fo_accessibility,subjectesis_direct,less accessible,2,False,False,False
opentom,62157313::multihop_fo::5,multihop_fo_accessibility,subjectesis_no_review,less accessible,2,False,False,False
opentom,62157313::multihop_fo::5,multihop_fo_accessibility,subjectesis_review,less accessible,2,False,False,False
opentom,62157313::multihop_so::0,multihop_so_fullness,base_direct,less full,1,False,False,False
opentom,62157313::multihop_so::0,multihop_so_fullness,answer_only_direct,less full,1,False,False,False
opentom,62157313::multihop_so::0,multihop_so_fullness,subjectesis_direct,less full,1,False,False,False
opentom,62157313::multihop_so::0,multihop_so_fullness,subjectesis_no_review,less full,1,False,False,False
opentom,62157313::multihop_so::0,multihop_so_fullness,subjectesis_review,equally full,3,False,False,False
opentom,62157313::multihop_so::1,multihop_so_fullness,base_direct,less full,1,False,False,False
opentom,62157313::multihop_so::1,multihop_so_fullness,answer_only_direct,less full,1,False,False,False
opentom,62157313::multihop_so::1,multihop_so_fullness,subjectesis_direct,less full,1,False,False,False
opentom,62157313::multihop_so::1,multihop_so_fullness,subjectesis_no_review,less full,1,False,False,False
opentom,62157313::multihop_so::1,multihop_so_fullness,subjectesis_review,less full,1,False,False,False
opentom,62157313::multihop_so::2,multihop_so_fullness,base_direct,more full,2,False,False,False
opentom,62157313::multihop_so::2,multihop_so_fullness,answer_only_direct,more full,2,False,False,False
opentom,62157313::multihop_so::2,multihop_so_fullness,subjectesis_direct,more full,2,False,False,False
opentom,62157313::multihop_so::2,multihop_so_fullness,subjectesis_no_review,more full,2,False,False,False
opentom,62157313::multihop_so::2,multihop_so_fullness,subjectesis_review,more full,2,False,False,False
opentom,62157313::multihop_so::3,multihop_so_fullness,base_direct,more full,2,False,False,False
opentom,62157313::multihop_so::3,multihop_so_fullness,answer_only_direct,more full,2,False,False,False
opentom,62157313::multihop_so::3,multihop_so_fullness,subjectesis_direct,more full,2,False,False,False
opentom,62157313::multihop_so::3,multihop_so_fullness,subjectesis_no_review,more full,2,False,False,False
opentom,62157313::multihop_so::3,multihop_so_fullness,subjectesis_review,more full,2,False,False,False
opentom,62157313::multihop_so::4,multihop_so_accessibility,base_direct,more accessible,1,False,False,False
opentom,62157313::multihop_so::4,multihop_so_accessibility,answer_only_direct,less accessible,2,False,False,False
opentom,62157313::multihop_so::4,multihop_so_accessibility,subjectesis_direct,less accessible,2,False,False,False
opentom,62157313::multihop_so::4,multihop_so_accessibility,subjectesis_no_review,less accessible,2,False,False,False
opentom,62157313::multihop_so::4,multihop_so_accessibility,subjectesis_review,more accessible,1,False,False,False
opentom,62157313::multihop_so::5,multihop_so_accessibility,base_direct,more accessible,1,False,False,False
opentom,62157313::multihop_so::5,multihop_so_accessibility,answer_only_direct,more accessible,1,False,False,False
opentom,62157313::multihop_so::5,multihop_so_accessibility,subjectesis_direct,more accessible,1,False,False,False
opentom,62157313::multihop_so::5,multihop_so_accessibility,subjectesis_no_review,more accessible,1,False,False,False
opentom,62157313::multihop_so::5,multihop_so_accessibility,subjectesis_review,more accessible,1,False,False,False
opentom,62157313::attitude::0,attitude,base_direct,negative,2,False,False,False
opentom,62157313::attitude::0,attitude,answer_only_direct,negative,2,False,False,False
opentom,62157313::attitude::0,attitude,subjectesis_direct,negative,2,False,False,False
opentom,62157313::attitude::0,attitude,subjectesis_no_review,negative,2,False,False,False
opentom,62157313::attitude::0,attitude,subjectesis_review,negative,2,False,False,False
opentom,82931048::location_cg_fo::0,location_cg_fo,base_direct,No,0,False,False,False
opentom,82931048::location_cg_fo::0,location_cg_fo,answer_only_direct,No,0,False,False,False
opentom,82931048::location_cg_fo::0,location_cg_fo,subjectesis_direct,No,0,False,False,False
opentom,82931048::location_cg_fo::0,location_cg_fo,subjectesis_no_review,No,0,False,False,False
opentom,82931048::location_cg_fo::0,location_cg_fo,subjectesis_review,No,0,False,False,False
opentom,82931048::location_cg_fo::1,location_cg_fo,base_direct,No,0,False,False,False
opentom,82931048::location_cg_fo::1,location_cg_fo,answer_only_direct,No,0,False,False,False
opentom,82931048::location_cg_fo::1,location_cg_fo,subjectesis_direct,No,0,False,False,False
opentom,82931048::location_cg_fo::1,location_cg_fo,subjectesis_no_review,No,0,False,False,False
opentom,82931048::location_cg_fo::1,location_cg_fo,subjectesis_review,No,0,False,False,False
opentom,82931048::location_cg_so::0,location_cg_so,base_direct,Yes,1,False,False,False
opentom,82931048::location_cg_so::0,location_cg_so,answer_only_direct,Yes,1,False,False,False
opentom,82931048::location_cg_so::0,location_cg_so,subjectesis_direct,Yes,1,False,False,False
opentom,82931048::location_cg_so::0,location_cg_so,subjectesis_no_review,No,0,False,False,False
opentom,82931048::location_cg_so::0,location_cg_so,subjectesis_review,No,0,False,False,False
opentom,82931048::location_cg_so::1,location_cg_so,base_direct,No,0,False,False,False
opentom,82931048::location_cg_so::1,location_cg_so,answer_only_direct,No,0,False,False,False
opentom,82931048::location_cg_so::1,location_cg_so,subjectesis_direct,No,0,False,False,False
opentom,82931048::location_cg_so::1,location_cg_so,subjectesis_no_review,No,0,False,False,False
opentom,82931048::location_cg_so::1,location_cg_so,subjectesis_review,No,0,False,False,False
opentom,82931048::location_fg_fo::0,location_fg_fo,base_direct,in her own closet,2,False,False,False
opentom,82931048::location_fg_fo::0,location_fg_fo,answer_only_direct,in Kylie's closet,2,False,False,False
opentom,82931048::location_fg_fo::0,location_fg_fo,subjectesis_direct,in her own closet,2,False,False,False
opentom,82931048::location_fg_fo::0,location_fg_fo,subjectesis_no_review,in Kylie's closet,2,False,False,False
opentom,82931048::location_fg_fo::0,location_fg_fo,subjectesis_review,in Kylie's closet,2,False,False,False
opentom,82931048::location_fg_fo::1,location_fg_fo,base_direct,in the corner,3,True,False,True
opentom,82931048::location_fg_fo::1,location_fg_fo,answer_only_direct,in the corner,3,True,False,True
opentom,82931048::location_fg_fo::1,location_fg_fo,subjectesis_direct,in the corner,3,True,False,True
opentom,82931048::location_fg_fo::1,location_fg_fo,subjectesis_no_review,in a crate,1,False,False,False
opentom,82931048::location_fg_fo::1,location_fg_fo,subjectesis_review,in a crate,1,False,False,False
opentom,82931048::location_fg_fo::2,location_fg_fo,base_direct,in her own closet,2,False,False,False
opentom,82931048::location_fg_fo::2,location_fg_fo,answer_only_direct,in her own closet,2,False,False,False
opentom,82931048::location_fg_fo::2,location_fg_fo,subjectesis_direct,in her own closet,2,False,False,False
opentom,82931048::location_fg_fo::2,location_fg_fo,subjectesis_no_review,in her closet,2,False,False,False
opentom,82931048::location_fg_fo::2,location_fg_fo,subjectesis_review,in her closet,2,False,False,False
opentom,82931048::location_fg_fo::3,location_fg_fo,base_direct,in Kylie's closet,2,False,False,False
opentom,82931048::location_fg_fo::3,location_fg_fo,answer_only_direct,in Kylie's closet,2,False,False,False
opentom,82931048::location_fg_fo::3,location_fg_fo,subjectesis_direct,in Kylie's closet,2,False,False,False
opentom,82931048::location_fg_fo::3,location_fg_fo,subjectesis_no_review,unknown,3,True,False,True
opentom,82931048::location_fg_fo::3,location_fg_fo,subjectesis_review,unknown,3,True,False,True
opentom,82931048::location_fg_so::0,location_fg_so,base_direct,in her own closet,2,False,False,False
opentom,82931048::location_fg_so::0,location_fg_so,answer_only_direct,in her own closet,2,False,False,False
opentom,82931048::location_fg_so::0,location_fg_so,subjectesis_direct,in her own closet,2,False,False,False
opentom,82931048::location_fg_so::0,location_fg_so,subjectesis_no_review,in the crate,1,False,False,False
opentom,82931048::location_fg_so::0,location_fg_so,subjectesis_review,in her closet,2,False,False,False
opentom,82931048::location_fg_so::1,location_fg_so,base_direct,in her own closet,2,False,False,False
opentom,82931048::location_fg_so::1,location_fg_so,answer_only_direct,in her own closet,2,False,False,False
opentom,82931048::location_fg_so::1,location_fg_so,subjectesis_direct,in her own closet,2,False,False,False
opentom,82931048::location_fg_so::1,location_fg_so,subjectesis_no_review,in her own closet,2,False,False,False
opentom,82931048::location_fg_so::1,location_fg_so,subjectesis_review,in her own closet,2,False,False,False
opentom,82931048::multihop_fo::0,multihop_fo_fullness,base_direct,less full,1,False,False,False
opentom,82931048::multihop_fo::0,multihop_fo_fullness,answer_only_direct,less full,1,False,False,False
opentom,82931048::multihop_fo::0,multihop_fo_fullness,subjectesis_direct,less full,1,False,False,False
opentom,82931048::multihop_fo::0,multihop_fo_fullness,subjectesis_no_review,less full,1,False,False,False
opentom,82931048::multihop_fo::0,multihop_fo_fullness,subjectesis_review,less full,1,False,False,False
opentom,82931048::multihop_fo::1,multihop_fo_fullness,base_direct,less full,1,False,False,False
opentom,82931048::multihop_fo::1,multihop_fo_fullness,answer_only_direct,less full,1,False,False,False
opentom,82931048::multihop_fo::1,multihop_fo_fullness,subjectesis_direct,less full,1,False,False,False
opentom,82931048::multihop_fo::1,multihop_fo_fullness,subjectesis_no_review,less full,1,False,False,False
opentom,82931048::multihop_fo::1,multihop_fo_fullness,subjectesis_review,less full,1,False,False,False
opentom,82931048::multihop_fo::2,multihop_fo_fullness,base_direct,more full,2,False,False,False
opentom,82931048::multihop_fo::2,multihop_fo_fullness,answer_only_direct,more full,2,False,False,False
opentom,82931048::multihop_fo::2,multihop_fo_fullness,subjectesis_direct,more full,2,False,False,False
opentom,82931048::multihop_fo::2,multihop_fo_fullness,subjectesis_no_review,more full,2,False,False,False
opentom,82931048::multihop_fo::2,multihop_fo_fullness,subjectesis_review,more full,2,False,False,False
opentom,82931048::multihop_fo::3,multihop_fo_fullness,base_direct,more full,2,False,False,False
opentom,82931048::multihop_fo::3,multihop_fo_fullness,answer_only_direct,more full,2,False,False,False
opentom,82931048::multihop_fo::3,multihop_fo_fullness,subjectesis_direct,more full,2,False,False,False
opentom,82931048::multihop_fo::3,multihop_fo_fullness,subjectesis_no_review,more full,2,False,False,False
opentom,82931048::multihop_fo::3,multihop_fo_fullness,subjectesis_review,more full,2,False,False,False
opentom,82931048::multihop_fo::4,multihop_fo_accessibility,base_direct,less accessible,2,False,False,False
opentom,82931048::multihop_fo::4,multihop_fo_accessibility,answer_only_direct,less accessible,2,False,False,False
opentom,82931048::multihop_fo::4,multihop_fo_accessibility,subjectesis_direct,less accessible,2,False,False,False
opentom,82931048::multihop_fo::4,multihop_fo_accessibility,subjectesis_no_review,less accessible,2,False,False,False
opentom,82931048::multihop_fo::4,multihop_fo_accessibility,subjectesis_review,less accessible,2,False,False,False
opentom,82931048::multihop_fo::5,multihop_fo_accessibility,base_direct,less accessible,2,False,False,False
opentom,82931048::multihop_fo::5,multihop_fo_accessibility,answer_only_direct,less accessible,2,False,False,False
opentom,82931048::multihop_fo::5,multihop_fo_accessibility,subjectesis_direct,less accessible,2,False,False,False
opentom,82931048::multihop_fo::5,multihop_fo_accessibility,subjectesis_no_review,less accessible,2,False,False,False
opentom,82931048::multihop_fo::5,multihop_fo_accessibility,subjectesis_review,less accessible,2,False,False,False
opentom,82931048::multihop_so::0,multihop_so_fullness,base_direct,less full,1,False,False,False
opentom,82931048::multihop_so::0,multihop_so_fullness,answer_only_direct,less full,1,False,False,False
opentom,82931048::multihop_so::0,multihop_so_fullness,subjectesis_direct,less full,1,False,False,False
opentom,82931048::multihop_so::0,multihop_so_fullness,subjectesis_no_review,less full,1,False,False,False
opentom,82931048::multihop_so::0,multihop_so_fullness,subjectesis_review,less full,1,False,False,False
opentom,82931048::multihop_so::1,multihop_so_fullness,base_direct,less full,1,False,False,False
opentom,82931048::multihop_so::1,multihop_so_fullness,answer_only_direct,less full,1,False,False,False
opentom,82931048::multihop_so::1,multihop_so_fullness,subjectesis_direct,less full,1,False,False,False
opentom,82931048::multihop_so::1,multihop_so_fullness,subjectesis_no_review,less full,1,False,False,False
opentom,82931048::multihop_so::1,multihop_so_fullness,subjectesis_review,less full,1,False,False,False
opentom,82931048::multihop_so::2,multihop_so_fullness,base_direct,more full,2,False,False,False
opentom,82931048::multihop_so::2,multihop_so_fullness,answer_only_direct,more full,2,False,False,False
opentom,82931048::multihop_so::2,multihop_so_fullness,subjectesis_direct,more full,2,False,False,False
opentom,82931048::multihop_so::2,multihop_so_fullness,subjectesis_no_review,more full,2,False,False,False
opentom,82931048::multihop_so::2,multihop_so_fullness,subjectesis_review,more full,2,False,False,False
opentom,82931048::multihop_so::3,multihop_so_fullness,base_direct,more full,2,False,False,False
opentom,82931048::multihop_so::3,multihop_so_fullness,answer_only_direct,more full,2,False,False,False
opentom,82931048::multihop_so::3,multihop_so_fullness,subjectesis_direct,more full,2,False,False,False
opentom,82931048::multihop_so::3,multihop_so_fullness,subjectesis_no_review,more full,2,False,False,False
opentom,82931048::multihop_so::3,multihop_so_fullness,subjectesis_review,more full,2,False,False,False
opentom,82931048::multihop_so::4,multihop_so_accessibility,base_direct,less accessible,2,False,False,False
opentom,82931048::multihop_so::4,multihop_so_accessibility,answer_only_direct,less accessible,2,False,False,False
opentom,82931048::multihop_so::4,multihop_so_accessibility,subjectesis_direct,less accessible,2,False,False,False
opentom,82931048::multihop_so::4,multihop_so_accessibility,subjectesis_no_review,less accessible,2,False,False,False
opentom,82931048::multihop_so::4,multihop_so_accessibility,subjectesis_review,less accessible,2,False,False,False
opentom,82931048::multihop_so::5,multihop_so_accessibility,base_direct,less accessible,2,False,False,False
opentom,82931048::multihop_so::5,multihop_so_accessibility,answer_only_direct,less accessible,2,False,False,False
opentom,82931048::multihop_so::5,multihop_so_accessibility,subjectesis_direct,less accessible,2,False,False,False
opentom,82931048::multihop_so::5,multihop_so_accessibility,subjectesis_no_review,less accessible,2,False,False,False
opentom,82931048::multihop_so::5,multihop_so_accessibility,subjectesis_review,less accessible,2,False,False,False
opentom,82931048::attitude::0,attitude,base_direct,negative,2,False,False,False
opentom,82931048::attitude::0,attitude,answer_only_direct,negative,2,False,False,False
opentom,82931048::attitude::0,attitude,subjectesis_direct,negative,2,False,False,False
opentom,82931048::attitude::0,attitude,subjectesis_no_review,negative,2,False,False,False
opentom,82931048::attitude::0,attitude,subjectesis_review,negative,2,False,False,False
opentom,74447435::location_cg_fo::0,location_cg_fo,base_direct,No,0,False,False,False
opentom,74447435::location_cg_fo::0,location_cg_fo,answer_only_direct,No,0,False,False,False
opentom,74447435::location_cg_fo::0,location_cg_fo,subjectesis_direct,No,0,False,False,False
opentom,74447435::location_cg_fo::0,location_cg_fo,subjectesis_no_review,No,0,False,False,False
opentom,74447435::location_cg_fo::0,location_cg_fo,subjectesis_review,No,0,False,False,False
opentom,74447435::location_cg_fo::1,location_cg_fo,base_direct,No,0,False,False,False
opentom,74447435::location_cg_fo::1,location_cg_fo,answer_only_direct,No,0,False,False,False
opentom,74447435::location_cg_fo::1,location_cg_fo,subjectesis_direct,No,0,False,False,False
opentom,74447435::location_cg_fo::1,location_cg_fo,subjectesis_no_review,No,0,False,False,False
opentom,74447435::location_cg_fo::1,location_cg_fo,subjectesis_review,No,0,False,False,False
opentom,74447435::location_cg_so::0,location_cg_so,base_direct,Yes,1,False,False,False
opentom,74447435::location_cg_so::0,location_cg_so,answer_only_direct,Yes,1,False,False,False
opentom,74447435::location_cg_so::0,location_cg_so,subjectesis_direct,Yes,1,False,False,False
opentom,74447435::location_cg_so::0,location_cg_so,subjectesis_no_review,No,0,False,False,False
opentom,74447435::location_cg_so::0,location_cg_so,subjectesis_review,No,0,False,False,False
opentom,74447435::location_cg_so::1,location_cg_so,base_direct,No,0,False,False,False
opentom,74447435::location_cg_so::1,location_cg_so,answer_only_direct,No,0,False,False,False
opentom,74447435::location_cg_so::1,location_cg_so,subjectesis_direct,No,0,False,False,False
opentom,74447435::location_cg_so::1,location_cg_so,subjectesis_no_review,No,0,False,False,False
opentom,74447435::location_cg_so::1,location_cg_so,subjectesis_review,No,0,False,False,False
opentom,74447435::location_fg_fo::0,location_fg_fo,base_direct,Oscar's refrigerator,2,False,False,False
opentom,74447435::location_fg_fo::0,location_fg_fo,answer_only_direct,Oscar's refrigerator,2,False,False,False
opentom,74447435::location_fg_fo::0,location_fg_fo,subjectesis_direct,Oscar's refrigerator,2,False,False,False
opentom,74447435::location_fg_fo::0,location_fg_fo,subjectesis_no_review,Oscar's refrigerator,2,False,False,False
opentom,74447435::location_fg_fo::0,location_fg_fo,subjectesis_review,Oscar's refrigerator,2,False,False,False
opentom,74447435::location_fg_fo::1,location_fg_fo,base_direct,in the pantry,1,False,False,False
opentom,74447435::location_fg_fo::1,location_fg_fo,answer_only_direct,in the pantry,1,False,False,False
opentom,74447435::location_fg_fo::1,location_fg_fo,subjectesis_direct,in the pantry,1,False,False,False
opentom,74447435::location_fg_fo::1,location_fg_fo,subjectesis_no_review,in the pantry,1,False,False,False
opentom,74447435::location_fg_fo::1,location_fg_fo,subjectesis_review,in the pantry,1,False,False,False
opentom,74447435::location_fg_fo::2,location_fg_fo,base_direct,Oscar's refrigerator,2,False,False,False
opentom,74447435::location_fg_fo::2,location_fg_fo,answer_only_direct,Oscar's refrigerator,2,False,False,False
opentom,74447435::location_fg_fo::2,location_fg_fo,subjectesis_direct,Oscar's refrigerator,2,False,False,False
opentom,74447435::location_fg_fo::2,location_fg_fo,subjectesis_no_review,in his own refrigerator,2,False,False,False
opentom,74447435::location_fg_fo::2,location_fg_fo,subjectesis_review,in his own refrigerator,2,False,False,False
opentom,74447435::location_fg_fo::3,location_fg_fo,base_direct,Oscar's refrigerator,2,False,False,False
opentom,74447435::location_fg_fo::3,location_fg_fo,answer_only_direct,in Oscar's refrigerator,2,False,False,False
opentom,74447435::location_fg_fo::3,location_fg_fo,subjectesis_direct,in Oscar's refrigerator,2,False,False,False
opentom,74447435::location_fg_fo::3,location_fg_fo,subjectesis_no_review,unknown,3,True,False,True
opentom,74447435::location_fg_fo::3,location_fg_fo,subjectesis_review,unknown,3,True,False,True
opentom,74447435::location_fg_so::0,location_fg_so,base_direct,the basement,3,True,False,True
opentom,74447435::location_fg_so::0,location_fg_so,answer_only_direct,the basement,3,True,False,True
opentom,74447435::location_fg_so::0,location_fg_so,subjectesis_direct,the basement,3,True,False,True
opentom,74447435::location_fg_so::0,location_fg_so,subjectesis_no_review,the basement,3,True,False,True
opentom,74447435::location_fg_so::0,location_fg_so,subjectesis_review,the basement,3,True,False,True
opentom,74447435::location_fg_so::1,location_fg_so,base_direct,his own refrigerator,2,False,False,False
opentom,74447435::location_fg_so::1,location_fg_so,answer_only_direct,Oscar's refrigerator,2,False,False,False
opentom,74447435::location_fg_so::1,location_fg_so,subjectesis_direct,Oscar's own refrigerator,2,False,False,False
opentom,74447435::location_fg_so::1,location_fg_so,subjectesis_no_review,Oscar's refrigerator,2,False,False,False
opentom,74447435::location_fg_so::1,location_fg_so,subjectesis_review,Oscar's refrigerator,2,False,False,False
opentom,74447435::multihop_fo::0,multihop_fo_fullness,base_direct,less full,1,False,False,False
opentom,74447435::multihop_fo::0,multihop_fo_fullness,answer_only_direct,less full,1,False,False,False
opentom,74447435::multihop_fo::0,multihop_fo_fullness,subjectesis_direct,less full,1,False,False,False
opentom,74447435::multihop_fo::0,multihop_fo_fullness,subjectesis_no_review,less full,1,False,False,False
opentom,74447435::multihop_fo::0,multihop_fo_fullness,subjectesis_review,less full,1,False,False,False
opentom,74447435::multihop_fo::1,multihop_fo_fullness,base_direct,less full,1,False,False,False
opentom,74447435::multihop_fo::1,multihop_fo_fullness,answer_only_direct,less full,1,False,False,False
opentom,74447435::multihop_fo::1,multihop_fo_fullness,subjectesis_direct,less full,1,False,False,False
opentom,74447435::multihop_fo::1,multihop_fo_fullness,subjectesis_no_review,less full,1,False,False,False
opentom,74447435::multihop_fo::1,multihop_fo_fullness,subjectesis_review,less full,1,False,False,False
opentom,74447435::multihop_fo::2,multihop_fo_fullness,base_direct,more full,2,False,False,False
opentom,74447435::multihop_fo::2,multihop_fo_fullness,answer_only_direct,more full,2,False,False,False
opentom,74447435::multihop_fo::2,multihop_fo_fullness,subjectesis_direct,more full,2,False,False,False
opentom,74447435::multihop_fo::2,multihop_fo_fullness,subjectesis_no_review,more full,2,False,False,False
opentom,74447435::multihop_fo::2,multihop_fo_fullness,subjectesis_review,more full,2,False,False,False
opentom,74447435::multihop_fo::3,multihop_fo_fullness,base_direct,more full,2,False,False,False
opentom,74447435::multihop_fo::3,multihop_fo_fullness,answer_only_direct,more full,2,False,False,False
opentom,74447435::multihop_fo::3,multihop_fo_fullness,subjectesis_direct,more full,2,False,False,False
opentom,74447435::multihop_fo::3,multihop_fo_fullness,subjectesis_no_review,more full,2,False,False,False
opentom,74447435::multihop_fo::3,multihop_fo_fullness,subjectesis_review,more full,2,False,False,False
opentom,74447435::multihop_fo::4,multihop_fo_accessibility,base_direct,more accessible,1,False,False,False
opentom,74447435::multihop_fo::4,multihop_fo_accessibility,answer_only_direct,more accessible,1,False,False,False
opentom,74447435::multihop_fo::4,multihop_fo_accessibility,subjectesis_direct,more accessible,1,False,False,False
opentom,74447435::multihop_fo::4,multihop_fo_accessibility,subjectesis_no_review,more accessible,1,False,False,False
opentom,74447435::multihop_fo::4,multihop_fo_accessibility,subjectesis_review,more accessible,1,False,False,False
opentom,74447435::multihop_fo::5,multihop_fo_accessibility,base_direct,less accessible,2,False,False,False
opentom,74447435::multihop_fo::5,multihop_fo_accessibility,answer_only_direct,less accessible,2,False,False,False
opentom,74447435::multihop_fo::5,multihop_fo_accessibility,subjectesis_direct,less accessible,2,False,False,False
opentom,74447435::multihop_fo::5,multihop_fo_accessibility,subjectesis_no_review,less accessible,2,False,False,False
opentom,74447435::multihop_fo::5,multihop_fo_accessibility,subjectesis_review,less accessible,2,False,False,False
opentom,74447435::multihop_so::0,multihop_so_fullness,base_direct,more full,2,False,False,False
opentom,74447435::multihop_so::0,multihop_so_fullness,answer_only_direct,less full,1,False,False,False
opentom,74447435::multihop_so::0,multihop_so_fullness,subjectesis_direct,less full,1,False,False,False
opentom,74447435::multihop_so::0,multihop_so_fullness,subjectesis_no_review,less full,1,False,False,False
opentom,74447435::multihop_so::0,multihop_so_fullness,subjectesis_review,less full,1,False,False,False
opentom,74447435::multihop_so::1,multihop_so_fullness,base_direct,more full,2,False,False,False
opentom,74447435::multihop_so::1,multihop_so_fullness,answer_only_direct,less full,1,False,False,False
opentom,74447435::multihop_so::1,multihop_so_fullness,subjectesis_direct,less full,1,False,False,False
opentom,74447435::multihop_so::1,multihop_so_fullness,subjectesis_no_review,less full,1,False,False,False
opentom,74447435::multihop_so::1,multihop_so_fullness,subjectesis_review,less full,1,False,False,False
opentom,74447435::multihop_so::2,multihop_so_fullness,base_direct,more full,2,False,False,False
opentom,74447435::multihop_so::2,multihop_so_fullness,answer_only_direct,more full,2,False,False,False
opentom,74447435::multihop_so::2,multihop_so_fullness,subjectesis_direct,more full,2,False,False,False
opentom,74447435::multihop_so::2,multihop_so_fullness,subjectesis_no_review,more full,2,False,False,False
opentom,74447435::multihop_so::2,multihop_so_fullness,subjectesis_review,more full,2,False,False,False
opentom,74447435::multihop_so::3,multihop_so_fullness,base_direct,more full,2,False,False,False
opentom,74447435::multihop_so::3,multihop_so_fullness,answer_only_direct,more full,2,False,False,False
opentom,74447435::multihop_so::3,multihop_so_fullness,subjectesis_direct,more full,2,False,False,False
opentom,74447435::multihop_so::3,multihop_so_fullness,subjectesis_no_review,more full,2,False,False,False
opentom,74447435::multihop_so::3,multihop_so_fullness,subjectesis_review,more full,2,False,False,False
opentom,74447435::multihop_so::4,multihop_so_accessibility,base_direct,less accessible,2,False,False,False
opentom,74447435::multihop_so::4,multihop_so_accessibility,answer_only_direct,less accessible,2,False,False,False
opentom,74447435::multihop_so::4,multihop_so_accessibility,subjectesis_direct,less accessible,2,False,False,False
opentom,74447435::multihop_so::4,multihop_so_accessibility,subjectesis_no_review,less accessible,2,False,False,False
opentom,74447435::multihop_so::4,multihop_so_accessibility,subjectesis_review,less accessible,2,False,False,False
opentom,74447435::multihop_so::5,multihop_so_accessibility,base_direct,more accessible,1,False,False,False
opentom,74447435::multihop_so::5,multihop_so_accessibility,answer_only_direct,more accessible,1,False,False,False
opentom,74447435::multihop_so::5,multihop_so_accessibility,subjectesis_direct,more accessible,1,False,False,False
opentom,74447435::multihop_so::5,multihop_so_accessibility,subjectesis_no_review,more accessible,1,False,False,False
opentom,74447435::multihop_so::5,multihop_so_accessibility,subjectesis_review,more accessible,1,False,False,False
opentom,74447435::attitude::0,attitude,base_direct,negative,2,False,False,False
opentom,74447435::attitude::0,attitude,answer_only_direct,negative,2,False,False,False
opentom,74447435::attitude::0,attitude,subjectesis_direct,negative,2,False,False,False
opentom,74447435::attitude::0,attitude,subjectesis_no_review,negative,2,False,False,False
opentom,74447435::attitude::0,attitude,subjectesis_review,negative,2,False,False,False
opentom,25192217::location_cg_fo::0,location_cg_fo,base_direct,No,0,False,False,False
opentom,25192217::location_cg_fo::0,location_cg_fo,answer_only_direct,No,0,False,False,False
opentom,25192217::location_cg_fo::0,location_cg_fo,subjectesis_direct,No,0,False,False,False
opentom,25192217::location_cg_fo::0,location_cg_fo,subjectesis_no_review,No,0,False,False,False
opentom,25192217::location_cg_fo::0,location_cg_fo,subjectesis_review,No,0,False,False,False
opentom,25192217::location_cg_fo::1,location_cg_fo,base_direct,Yes,1,False,False,False
opentom,25192217::location_cg_fo::1,location_cg_fo,answer_only_direct,No,0,False,False,False
opentom,25192217::location_cg_fo::1,location_cg_fo,subjectesis_direct,No,0,False,False,False
opentom,25192217::location_cg_fo::1,location_cg_fo,subjectesis_no_review,No,0,False,False,False
opentom,25192217::location_cg_fo::1,location_cg_fo,subjectesis_review,No,0,False,False,False
opentom,25192217::location_cg_so::0,location_cg_so,base_direct,Yes,1,False,False,False
opentom,25192217::location_cg_so::0,location_cg_so,answer_only_direct,Yes,1,False,False,False
opentom,25192217::location_cg_so::0,location_cg_so,subjectesis_direct,No,0,False,False,False
opentom,25192217::location_cg_so::0,location_cg_so,subjectesis_no_review,No,0,False,False,False
opentom,25192217::location_cg_so::0,location_cg_so,subjectesis_review,No,0,False,False,False
opentom,25192217::location_cg_so::1,location_cg_so,base_direct,No,0,False,False,False
opentom,25192217::location_cg_so::1,location_cg_so,answer_only_direct,No,0,False,False,False
opentom,25192217::location_cg_so::1,location_cg_so,subjectesis_direct,No,0,False,False,False
opentom,25192217::location_cg_so::1,location_cg_so,subjectesis_no_review,No,0,False,False,False
opentom,25192217::location_cg_so::1,location_cg_so,subjectesis_review,No,0,False,False,False
opentom,25192217::location_fg_fo::0,location_fg_fo,base_direct,the pantry,2,False,False,False
opentom,25192217::location_fg_fo::0,location_fg_fo,answer_only_direct,the pantry,2,False,False,False
opentom,25192217::location_fg_fo::0,location_fg_fo,subjectesis_direct,the pantry,2,False,False,False
opentom,25192217::location_fg_fo::0,location_fg_fo,subjectesis_no_review,in the pantry,2,False,False,False
opentom,25192217::location_fg_fo::0,location_fg_fo,subjectesis_review,in the pantry,2,False,False,False
opentom,25192217::location_fg_fo::1,location_fg_fo,base_direct,"in the old, chipped bathtub",1,False,False,False
opentom,25192217::location_fg_fo::1,location_fg_fo,answer_only_direct,"in the old, chipped bathtub",1,False,False,False
opentom,25192217::location_fg_fo::1,location_fg_fo,subjectesis_direct,in the cellar,3,True,False,True
opentom,25192217::location_fg_fo::1,location_fg_fo,subjectesis_no_review,cellar,3,True,False,True
opentom,25192217::location_fg_fo::1,location_fg_fo,subjectesis_review,cellar,3,True,False,True
opentom,25192217::location_fg_fo::2,location_fg_fo,base_direct,the pantry,2,False,False,False
opentom,25192217::location_fg_fo::2,location_fg_fo,answer_only_direct,the pantry,2,False,False,False
opentom,25192217::location_fg_fo::2,location_fg_fo,subjectesis_direct,the pantry,2,False,False,False
opentom,25192217::location_fg_fo::2,location_fg_fo,subjectesis_no_review,in the pantry,2,False,False,False
opentom,25192217::location_fg_fo::2,location_fg_fo,subjectesis_review,in the pantry,2,False,False,False
opentom,25192217::location_fg_fo::3,location_fg_fo,base_direct,in the pantry,2,False,False,False
opentom,25192217::location_fg_fo::3,location_fg_fo,answer_only_direct,In the pantry,2,False,False,False
opentom,25192217::location_fg_fo::3,location_fg_fo,subjectesis_direct,in the pantry,2,False,False,False
opentom,25192217::location_fg_fo::3,location_fg_fo,subjectesis_no_review,in the pantry,2,False,False,False
opentom,25192217::location_fg_fo::3,location_fg_fo,subjectesis_review,in the pantry,2,False,False,False
opentom,25192217::location_fg_so::0,location_fg_so,base_direct,in the pantry,2,False,False,False
opentom,25192217::location_fg_so::0,location_fg_so,answer_only_direct,In the pantry,2,False,False,False
opentom,25192217::location_fg_so::0,location_fg_so,subjectesis_direct,in the pantry,2,False,False,False
opentom,25192217::location_fg_so::0,location_fg_so,subjectesis_no_review,the pantry,2,False,False,False
opentom,25192217::location_fg_so::0,location_fg_so,subjectesis_review,the cellar,3,True,False,True
opentom,25192217::location_fg_so::1,location_fg_so,base_direct,the pantry,2,False,False,False
opentom,25192217::location_fg_so::1,location_fg_so,answer_only_direct,the pantry,2,False,False,False
opentom,25192217::location_fg_so::1,location_fg_so,subjectesis_direct,the pantry,2,False,False,False
opentom,25192217::location_fg_so::1,location_fg_so,subjectesis_no_review,in the pantry,2,False,False,False
opentom,25192217::location_fg_so::1,location_fg_so,subjectesis_review,in the pantry,2,False,False,False
opentom,25192217::multihop_fo::0,multihop_fo_fullness,base_direct,less full,1,False,False,False
opentom,25192217::multihop_fo::0,multihop_fo_fullness,answer_only_direct,less full,1,False,False,False
opentom,25192217::multihop_fo::0,multihop_fo_fullness,subjectesis_direct,less full,1,False,False,False
opentom,25192217::multihop_fo::0,multihop_fo_fullness,subjectesis_no_review,less full,1,False,False,False
opentom,25192217::multihop_fo::0,multihop_fo_fullness,subjectesis_review,less full,1,False,False,False
opentom,25192217::multihop_fo::1,multihop_fo_fullness,base_direct,less full,1,False,False,False
opentom,25192217::multihop_fo::1,multihop_fo_fullness,answer_only_direct,less full,1,False,False,False
opentom,25192217::multihop_fo::1,multihop_fo_fullness,subjectesis_direct,less full,1,False,False,False
opentom,25192217::multihop_fo::1,multihop_fo_fullness,subjectesis_no_review,less full,1,False,False,False
opentom,25192217::multihop_fo::1,multihop_fo_fullness,subjectesis_review,less full,1,False,False,False
opentom,25192217::multihop_fo::2,multihop_fo_fullness,base_direct,more full,2,False,False,False
opentom,25192217::multihop_fo::2,multihop_fo_fullness,answer_only_direct,more full,2,False,False,False
opentom,25192217::multihop_fo::2,multihop_fo_fullness,subjectesis_direct,more full,2,False,False,False
opentom,25192217::multihop_fo::2,multihop_fo_fullness,subjectesis_no_review,more full,2,False,False,False
opentom,25192217::multihop_fo::2,multihop_fo_fullness,subjectesis_review,more full,2,False,False,False
opentom,25192217::multihop_fo::3,multihop_fo_fullness,base_direct,more full,2,False,False,False
opentom,25192217::multihop_fo::3,multihop_fo_fullness,answer_only_direct,more full,2,False,False,False
opentom,25192217::multihop_fo::3,multihop_fo_fullness,subjectesis_direct,less full,1,False,False,False
opentom,25192217::multihop_fo::3,multihop_fo_fullness,subjectesis_no_review,more full,2,False,False,False
opentom,25192217::multihop_fo::3,multihop_fo_fullness,subjectesis_review,more full,2,False,False,False
opentom,25192217::multihop_fo::4,multihop_fo_accessibility,base_direct,less accessible,2,False,False,False
opentom,25192217::multihop_fo::4,multihop_fo_accessibility,answer_only_direct,less accessible,2,False,False,False
opentom,25192217::multihop_fo::4,multihop_fo_accessibility,subjectesis_direct,less accessible,2,False,False,False
opentom,25192217::multihop_fo::4,multihop_fo_accessibility,subjectesis_no_review,less accessible,2,False,False,False
opentom,25192217::multihop_fo::4,multihop_fo_accessibility,subjectesis_review,less accessible,2,False,False,False
opentom,25192217::multihop_fo::5,multihop_fo_accessibility,base_direct,less accessible,2,False,False,False
opentom,25192217::multihop_fo::5,multihop_fo_accessibility,answer_only_direct,less accessible,2,False,False,False
opentom,25192217::multihop_fo::5,multihop_fo_accessibility,subjectesis_direct,less accessible,2,False,False,False
opentom,25192217::multihop_fo::5,multihop_fo_accessibility,subjectesis_no_review,less accessible,2,False,False,False
opentom,25192217::multihop_fo::5,multihop_fo_accessibility,subjectesis_review,less accessible,2,False,False,False
opentom,25192217::multihop_so::0,multihop_so_fullness,base_direct,less full,1,False,False,False
opentom,25192217::multihop_so::0,multihop_so_fullness,answer_only_direct,less full,1,False,False,False
opentom,25192217::multihop_so::0,multihop_so_fullness,subjectesis_direct,less full,1,False,False,False
opentom,25192217::multihop_so::0,multihop_so_fullness,subjectesis_no_review,less full,1,False,False,False
opentom,25192217::multihop_so::0,multihop_so_fullness,subjectesis_review,less full,1,False,False,False
opentom,25192217::multihop_so::1,multihop_so_fullness,base_direct,less full,1,False,False,False
opentom,25192217::multihop_so::1,multihop_so_fullness,answer_only_direct,less full,1,False,False,False
opentom,25192217::multihop_so::1,multihop_so_fullness,subjectesis_direct,less full,1,False,False,False
opentom,25192217::multihop_so::1,multihop_so_fullness,subjectesis_no_review,less full,1,False,False,False
opentom,25192217::multihop_so::1,multihop_so_fullness,subjectesis_review,less full,1,False,False,False
opentom,25192217::multihop_so::2,multihop_so_fullness,base_direct,more full,2,False,False,False
opentom,25192217::multihop_so::2,multihop_so_fullness,answer_only_direct,more full,2,False,False,False
opentom,25192217::multihop_so::2,multihop_so_fullness,subjectesis_direct,more full,2,False,False,False
opentom,25192217::multihop_so::2,multihop_so_fullness,subjectesis_no_review,more full,2,False,False,False
opentom,25192217::multihop_so::2,multihop_so_fullness,subjectesis_review,less full,1,False,False,False
opentom,25192217::multihop_so::3,multihop_so_fullness,base_direct,more full,2,False,False,False
opentom,25192217::multihop_so::3,multihop_so_fullness,answer_only_direct,more full,2,False,False,False
opentom,25192217::multihop_so::3,multihop_so_fullness,subjectesis_direct,more full,2,False,False,False
opentom,25192217::multihop_so::3,multihop_so_fullness,subjectesis_no_review,more full,2,False,False,False
opentom,25192217::multihop_so::3,multihop_so_fullness,subjectesis_review,more full,2,False,False,False
opentom,25192217::multihop_so::4,multihop_so_accessibility,base_direct,less accessible,2,False,False,False
opentom,25192217::multihop_so::4,multihop_so_accessibility,answer_only_direct,less accessible,2,False,False,False
opentom,25192217::multihop_so::4,multihop_so_accessibility,subjectesis_direct,less accessible,2,False,False,False
opentom,25192217::multihop_so::4,multihop_so_accessibility,subjectesis_no_review,less accessible,2,False,False,False
opentom,25192217::multihop_so::4,multihop_so_accessibility,subjectesis_review,less accessible,2,False,False,False
opentom,25192217::multihop_so::5,multihop_so_accessibility,base_direct,less accessible,2,False,False,False
opentom,25192217::multihop_so::5,multihop_so_accessibility,answer_only_direct,less accessible,2,False,False,False
opentom,25192217::multihop_so::5,multihop_so_accessibility,subjectesis_direct,less accessible,2,False,False,False
opentom,25192217::multihop_so::5,multihop_so_accessibility,subjectesis_no_review,less accessible,2,False,False,False
opentom,25192217::multihop_so::5,multihop_so_accessibility,subjectesis_review,less accessible,2,False,False,False
opentom,25192217::attitude::0,attitude,base_direct,negative,2,False,False,False
opentom,25192217::attitude::0,attitude,answer_only_direct,negative,2,False,False,False
opentom,25192217::attitude::0,attitude,subjectesis_direct,negative,2,False,False,False
opentom,25192217::attitude::0,attitude,subjectesis_no_review,negative,2,False,False,False
opentom,25192217::attitude::0,attitude,subjectesis_review,negative,2,False,False,False
opentom,38709379::location_cg_fo::0,location_cg_fo,base_direct,No,0,False,False,False
opentom,38709379::location_cg_fo::0,location_cg_fo,answer_only_direct,No,0,False,False,False
opentom,38709379::location_cg_fo::0,location_cg_fo,subjectesis_direct,No,0,False,False,False
opentom,38709379::location_cg_fo::0,location_cg_fo,subjectesis_no_review,No,0,False,False,False
opentom,38709379::location_cg_fo::0,location_cg_fo,subjectesis_review,No,0,False,False,False
opentom,38709379::location_cg_fo::1,location_cg_fo,base_direct,No,0,False,False,False
opentom,38709379::location_cg_fo::1,location_cg_fo,answer_only_direct,No,0,False,False,False
opentom,38709379::location_cg_fo::1,location_cg_fo,subjectesis_direct,No,0,False,False,False
opentom,38709379::location_cg_fo::1,location_cg_fo,subjectesis_no_review,No,0,False,False,False
opentom,38709379::location_cg_fo::1,location_cg_fo,subjectesis_review,No,0,False,False,False
opentom,38709379::location_cg_so::0,location_cg_so,base_direct,No,0,False,False,False
opentom,38709379::location_cg_so::0,location_cg_so,answer_only_direct,No,0,False,False,False
opentom,38709379::location_cg_so::0,location_cg_so,subjectesis_direct,No,0,False,False,False
opentom,38709379::location_cg_so::0,location_cg_so,subjectesis_no_review,No,0,False,False,False
opentom,38709379::location_cg_so::0,location_cg_so,subjectesis_review,No,0,False,False,False
opentom,38709379::location_cg_so::1,location_cg_so,base_direct,No,0,False,False,False
opentom,38709379::location_cg_so::1,location_cg_so,answer_only_direct,No,0,False,False,False
opentom,38709379::location_cg_so::1,location_cg_so,subjectesis_direct,No,0,False,False,False
opentom,38709379::location_cg_so::1,location_cg_so,subjectesis_no_review,No,0,False,False,False
opentom,38709379::location_cg_so::1,location_cg_so,subjectesis_review,No,0,False,False,False
opentom,38709379::location_fg_fo::0,location_fg_fo,base_direct,in a storage unit,2,False,False,False
opentom,38709379::location_fg_fo::0,location_fg_fo,answer_only_direct,in a storage unit,2,False,False,False
opentom,38709379::location_fg_fo::0,location_fg_fo,subjectesis_direct,in a storage unit,2,False,False,False
opentom,38709379::location_fg_fo::0,location_fg_fo,subjectesis_no_review,in a storage unit,2,False,False,False
opentom,38709379::location_fg_fo::0,location_fg_fo,subjectesis_review,in a storage unit,2,False,False,False
opentom,38709379::location_fg_fo::1,location_fg_fo,base_direct,in the corner,3,True,False,True
opentom,38709379::location_fg_fo::1,location_fg_fo,answer_only_direct,in the corner,3,True,False,True
opentom,38709379::location_fg_fo::1,location_fg_fo,subjectesis_direct,in the corner,3,True,False,True
opentom,38709379::location_fg_fo::1,location_fg_fo,subjectesis_no_review,in the corner,3,True,False,True
opentom,38709379::location_fg_fo::1,location_fg_fo,subjectesis_review,in the corner,3,True,False,True
opentom,38709379::location_fg_fo::2,location_fg_fo,base_direct,in a storage unit,2,False,False,False
opentom,38709379::location_fg_fo::2,location_fg_fo,answer_only_direct,in a storage unit,2,False,False,False
opentom,38709379::location_fg_fo::2,location_fg_fo,subjectesis_direct,in a storage unit,2,False,False,False
opentom,38709379::location_fg_fo::2,location_fg_fo,subjectesis_no_review,in the storage unit,2,False,False,False
opentom,38709379::location_fg_fo::2,location_fg_fo,subjectesis_review,in the storage unit,2,False,False,False
opentom,38709379::location_fg_fo::3,location_fg_fo,base_direct,in a storage unit,2,False,False,False
opentom,38709379::location_fg_fo::3,location_fg_fo,answer_only_direct,in a storage unit,2,False,False,False
opentom,38709379::location_fg_fo::3,location_fg_fo,subjectesis_direct,in a storage unit,2,False,False,False
opentom,38709379::location_fg_fo::3,location_fg_fo,subjectesis_no_review,in the storage unit,2,False,False,False
opentom,38709379::location_fg_fo::3,location_fg_fo,subjectesis_review,in the storage unit,2,False,False,False
opentom,38709379::location_fg_so::0,location_fg_so,base_direct,in the storage unit,2,False,False,False
opentom,38709379::location_fg_so::0,location_fg_so,answer_only_direct,in a storage unit,2,False,False,False
opentom,38709379::location_fg_so::0,location_fg_so,subjectesis_direct,in the corner,3,True,False,True
opentom,38709379::location_fg_so::0,location_fg_so,subjectesis_no_review,in the storage unit,2,False,False,False
opentom,38709379::location_fg_so::0,location_fg_so,subjectesis_review,in the storage unit,2,False,False,False
opentom,38709379::location_fg_so::1,location_fg_so,base_direct,in a storage unit,2,False,False,False
opentom,38709379::location_fg_so::1,location_fg_so,answer_only_direct,in a storage unit,2,False,False,False
opentom,38709379::location_fg_so::1,location_fg_so,subjectesis_direct,in a storage unit,2,False,False,False
opentom,38709379::location_fg_so::1,location_fg_so,subjectesis_no_review,in the storage unit,2,False,False,False
opentom,38709379::location_fg_so::1,location_fg_so,subjectesis_review,in the storage unit,2,False,False,False
opentom,38709379::multihop_fo::0,multihop_fo_fullness,base_direct,less full,1,False,False,False
opentom,38709379::multihop_fo::0,multihop_fo_fullness,answer_only_direct,less full,1,False,False,False
opentom,38709379::multihop_fo::0,multihop_fo_fullness,subjectesis_direct,less full,1,False,False,False
opentom,38709379::multihop_fo::0,multihop_fo_fullness,subjectesis_no_review,less full,1,False,False,False
opentom,38709379::multihop_fo::0,multihop_fo_fullness,subjectesis_review,less full,1,False,False,False
opentom,38709379::multihop_fo::1,multihop_fo_fullness,base_direct,less full,1,False,False,False
opentom,38709379::multihop_fo::1,multihop_fo_fullness,answer_only_direct,less full,1,False,False,False
opentom,38709379::multihop_fo::1,multihop_fo_fullness,subjectesis_direct,less full,1,False,False,False
opentom,38709379::multihop_fo::1,multihop_fo_fullness,subjectesis_no_review,less full,1,False,False,False
opentom,38709379::multihop_fo::1,multihop_fo_fullness,subjectesis_review,less full,1,False,False,False
opentom,38709379::multihop_fo::2,multihop_fo_fullness,base_direct,less full,1,False,False,False
opentom,38709379::multihop_fo::2,multihop_fo_fullness,answer_only_direct,less full,1,False,False,False
opentom,38709379::multihop_fo::2,multihop_fo_fullness,subjectesis_direct,less full,1,False,False,False
opentom,38709379::multihop_fo::2,multihop_fo_fullness,subjectesis_no_review,more full,2,False,False,False
opentom,38709379::multihop_fo::2,multihop_fo_fullness,subjectesis_review,more full,2,False,False,False
opentom,38709379::multihop_fo::3,multihop_fo_fullness,base_direct,less full,1,False,False,False
opentom,38709379::multihop_fo::3,multihop_fo_fullness,answer_only_direct,less full,1,False,False,False
opentom,38709379::multihop_fo::3,multihop_fo_fullness,subjectesis_direct,less full,1,False,False,False
opentom,38709379::multihop_fo::3,multihop_fo_fullness,subjectesis_no_review,less full,1,False,False,False
opentom,38709379::multihop_fo::3,multihop_fo_fullness,subjectesis_review,less full,1,False,False,False
opentom,38709379::multihop_fo::4,multihop_fo_accessibility,base_direct,less accessible,2,False,False,False
opentom,38709379::multihop_fo::4,multihop_fo_accessibility,answer_only_direct,less accessible,2,False,False,False
opentom,38709379::multihop_fo::4,multihop_fo_accessibility,subjectesis_direct,less accessible,2,False,False,False
opentom,38709379::multihop_fo::4,multihop_fo_accessibility,subjectesis_no_review,less accessible,2,False,False,False
opentom,38709379::multihop_fo::4,multihop_fo_accessibility,subjectesis_review,less accessible,2,False,False,False
opentom,38709379::multihop_fo::5,multihop_fo_accessibility,base_direct,less accessible,2,False,False,False
opentom,38709379::multihop_fo::5,multihop_fo_accessibility,answer_only_direct,less accessible,2,False,False,False
opentom,38709379::multihop_fo::5,multihop_fo_accessibility,subjectesis_direct,less accessible,2,False,False,False
opentom,38709379::multihop_fo::5,multihop_fo_accessibility,subjectesis_no_review,less accessible,2,False,False,False
opentom,38709379::multihop_fo::5,multihop_fo_accessibility,subjectesis_review,less accessible,2,False,False,False
opentom,38709379::multihop_so::0,multihop_so_fullness,base_direct,less full,1,False,False,False
opentom,38709379::multihop_so::0,multihop_so_fullness,answer_only_direct,less full,1,False,False,False
opentom,38709379::multihop_so::0,multihop_so_fullness,subjectesis_direct,less full,1,False,False,False
opentom,38709379::multihop_so::0,multihop_so_fullness,subjectesis_no_review,less full,1,False,False,False
opentom,38709379::multihop_so::0,multihop_so_fullness,subjectesis_review,less full,1,False,False,False
opentom,38709379::multihop_so::1,multihop_so_fullness,base_direct,less full,1,False,False,False
opentom,38709379::multihop_so::1,multihop_so_fullness,answer_only_direct,less full,1,False,False,False
opentom,38709379::multihop_so::1,multihop_so_fullness,subjectesis_direct,less full,1,False,False,False
opentom,38709379::multihop_so::1,multihop_so_fullness,subjectesis_no_review,less full,1,False,False,False
opentom,38709379::multihop_so::1,multihop_so_fullness,subjectesis_review,less full,1,False,False,False
opentom,38709379::multihop_so::2,multihop_so_fullness,base_direct,less full,1,False,False,False
opentom,38709379::multihop_so::2,multihop_so_fullness,answer_only_direct,less full,1,False,False,False
opentom,38709379::multihop_so::2,multihop_so_fullness,subjectesis_direct,less full,1,False,False,False
opentom,38709379::multihop_so::2,multihop_so_fullness,subjectesis_no_review,less full,1,False,False,False
opentom,38709379::multihop_so::2,multihop_so_fullness,subjectesis_review,less full,1,False,False,False
opentom,38709379::multihop_so::3,multihop_so_fullness,base_direct,less full,1,False,False,False
opentom,38709379::multihop_so::3,multihop_so_fullness,answer_only_direct,less full,1,False,False,False
opentom,38709379::multihop_so::3,multihop_so_fullness,subjectesis_direct,less full,1,False,False,False
opentom,38709379::multihop_so::3,multihop_so_fullness,subjectesis_no_review,less full,1,False,False,False
opentom,38709379::multihop_so::3,multihop_so_fullness,subjectesis_review,less full,1,False,False,False
opentom,38709379::multihop_so::4,multihop_so_accessibility,base_direct,less accessible,2,False,False,False
opentom,38709379::multihop_so::4,multihop_so_accessibility,answer_only_direct,less accessible,2,False,False,False
opentom,38709379::multihop_so::4,multihop_so_accessibility,subjectesis_direct,less accessible,2,False,False,False
opentom,38709379::multihop_so::4,multihop_so_accessibility,subjectesis_no_review,less accessible,2,False,False,False
opentom,38709379::multihop_so::4,multihop_so_accessibility,subjectesis_review,less accessible,2,False,False,False
opentom,38709379::multihop_so::5,multihop_so_accessibility,base_direct,less accessible,2,False,False,False
opentom,38709379::multihop_so::5,multihop_so_accessibility,answer_only_direct,less accessible,2,False,False,False
opentom,38709379::multihop_so::5,multihop_so_accessibility,subjectesis_direct,less accessible,2,False,False,False
opentom,38709379::multihop_so::5,multihop_so_accessibility,subjectesis_no_review,less accessible,2,False,False,False
opentom,38709379::multihop_so::5,multihop_so_accessibility,subjectesis_review,less accessible,2,False,False,False
opentom,38709379::attitude::0,attitude,base_direct,negative,2,False,False,False
opentom,38709379::attitude::0,attitude,answer_only_direct,negative,2,False,False,False
opentom,38709379::attitude::0,attitude,subjectesis_direct,negative,2,False,False,False
opentom,38709379::attitude::0,attitude,subjectesis_no_review,negative,2,False,False,False
opentom,38709379::attitude::0,attitude,subjectesis_review,negative,2,False,False,False
opentom,13366612::location_cg_fo::0,location_cg_fo,base_direct,No,0,False,False,False
opentom,13366612::location_cg_fo::0,location_cg_fo,answer_only_direct,No,0,False,False,False
opentom,13366612::location_cg_fo::0,location_cg_fo,subjectesis_direct,No,0,False,False,False
opentom,13366612::location_cg_fo::0,location_cg_fo,subjectesis_no_review,No,0,False,False,False
opentom,13366612::location_cg_fo::0,location_cg_fo,subjectesis_review,No,0,False,False,False
opentom,13366612::location_cg_fo::1,location_cg_fo,base_direct,No,0,False,False,False
opentom,13366612::location_cg_fo::1,location_cg_fo,answer_only_direct,No,0,False,False,False
opentom,13366612::location_cg_fo::1,location_cg_fo,subjectesis_direct,No,0,False,False,False
opentom,13366612::location_cg_fo::1,location_cg_fo,subjectesis_no_review,No,0,False,False,False
opentom,13366612::location_cg_fo::1,location_cg_fo,subjectesis_review,No,0,False,False,False
opentom,13366612::location_cg_so::0,location_cg_so,base_direct,Yes,1,False,False,False
opentom,13366612::location_cg_so::0,location_cg_so,answer_only_direct,Yes,1,False,False,False
opentom,13366612::location_cg_so::0,location_cg_so,subjectesis_direct,Yes,1,False,False,False
opentom,13366612::location_cg_so::0,location_cg_so,subjectesis_no_review,Yes,1,False,False,False
opentom,13366612::location_cg_so::0,location_cg_so,subjectesis_review,No,0,False,False,False
opentom,13366612::location_cg_so::1,location_cg_so,base_direct,No,0,False,False,False
opentom,13366612::location_cg_so::1,location_cg_so,answer_only_direct,No,0,False,False,False
opentom,13366612::location_cg_so::1,location_cg_so,subjectesis_direct,No,0,False,False,False
opentom,13366612::location_cg_so::1,location_cg_so,subjectesis_no_review,No,0,False,False,False
opentom,13366612::location_cg_so::1,location_cg_so,subjectesis_review,No,0,False,False,False
opentom,13366612::location_fg_fo::0,location_fg_fo,base_direct,Hunter's bedroom,2,False,False,False
opentom,13366612::location_fg_fo::0,location_fg_fo,answer_only_direct,Hunter's bedroom,2,False,False,False
opentom,13366612::location_fg_fo::0,location_fg_fo,subjectesis_direct,Hunter's bedroom,2,False,False,False
opentom,13366612::location_fg_fo::0,location_fg_fo,subjectesis_no_review,Hunter's bedroom,2,False,False,False
opentom,13366612::location_fg_fo::0,location_fg_fo,subjectesis_review,Hunter's bedroom,2,False,False,False
opentom,13366612::location_fg_fo::1,location_fg_fo,base_direct,in the treasure chest,1,False,False,False
opentom,13366612::location_fg_fo::1,location_fg_fo,answer_only_direct,in the treasure chest,1,False,False,False
opentom,13366612::location_fg_fo::1,location_fg_fo,subjectesis_direct,in the treasure chest,1,False,False,False
opentom,13366612::location_fg_fo::1,location_fg_fo,subjectesis_no_review,in the treasure chest,1,False,False,False
opentom,13366612::location_fg_fo::1,location_fg_fo,subjectesis_review,in the treasure chest,1,False,False,False
opentom,13366612::location_fg_fo::2,location_fg_fo,base_direct,Hunter's bedroom,2,False,False,False
opentom,13366612::location_fg_fo::2,location_fg_fo,answer_only_direct,Hunter's bedroom,2,False,False,False
opentom,13366612::location_fg_fo::2,location_fg_fo,subjectesis_direct,in Hunter's bedroom,2,False,False,False
opentom,13366612::location_fg_fo::2,location_fg_fo,subjectesis_no_review,in Hunter's bedroom,2,False,False,False
opentom,13366612::location_fg_fo::2,location_fg_fo,subjectesis_review,in Hunter's bedroom,2,False,False,False
opentom,13366612::location_fg_fo::3,location_fg_fo,base_direct,Hunter's bedroom,2,False,False,False
opentom,13366612::location_fg_fo::3,location_fg_fo,answer_only_direct,in Hunter's bedroom,2,False,False,False
opentom,13366612::location_fg_fo::3,location_fg_fo,subjectesis_direct,in the treasure chest,1,False,False,False
opentom,13366612::location_fg_fo::3,location_fg_fo,subjectesis_no_review,Hunter's bedroom,2,False,False,False
opentom,13366612::location_fg_fo::3,location_fg_fo,subjectesis_review,Hunter's bedroom,2,False,False,False
opentom,13366612::location_fg_so::0,location_fg_so,base_direct,in the treasure chest,1,False,False,False
opentom,13366612::location_fg_so::0,location_fg_so,answer_only_direct,in the treasure chest,1,False,False,False
opentom,13366612::location_fg_so::0,location_fg_so,subjectesis_direct,in the treasure chest,1,False,False,False
opentom,13366612::location_fg_so::0,location_fg_so,subjectesis_no_review,the treasure chest,1,False,False,False
opentom,13366612::location_fg_so::0,location_fg_so,subjectesis_review,the treasure chest,1,False,False,False
opentom,13366612::location_fg_so::1,location_fg_so,base_direct,Hunter's bedroom,2,False,False,False
opentom,13366612::location_fg_so::1,location_fg_so,answer_only_direct,Hunter's bedroom,2,False,False,False
opentom,13366612::location_fg_so::1,location_fg_so,subjectesis_direct,Hunter's bedroom,2,False,False,False
opentom,13366612::location_fg_so::1,location_fg_so,subjectesis_no_review,in his own bedroom,2,False,False,False
opentom,13366612::location_fg_so::1,location_fg_so,subjectesis_review,in his own bedroom,2,False,False,False
opentom,13366612::multihop_fo::0,multihop_fo_fullness,base_direct,less full,1,False,False,False
opentom,13366612::multihop_fo::0,multihop_fo_fullness,answer_only_direct,less full,1,False,False,False
opentom,13366612::multihop_fo::0,multihop_fo_fullness,subjectesis_direct,less full,1,False,False,False
opentom,13366612::multihop_fo::0,multihop_fo_fullness,subjectesis_no_review,less full,1,False,False,False
opentom,13366612::multihop_fo::0,multihop_fo_fullness,subjectesis_review,less full,1,False,False,False
opentom,13366612::multihop_fo::1,multihop_fo_fullness,base_direct,less full,1,False,False,False
opentom,13366612::multihop_fo::1,multihop_fo_fullness,answer_only_direct,less full,1,False,False,False
opentom,13366612::multihop_fo::1,multihop_fo_fullness,subjectesis_direct,less full,1,False,False,False
opentom,13366612::multihop_fo::1,multihop_fo_fullness,subjectesis_no_review,less full,1,False,False,False
opentom,13366612::multihop_fo::1,multihop_fo_fullness,subjectesis_review,less full,1,False,False,False
opentom,13366612::multihop_fo::2,multihop_fo_fullness,base_direct,more full,2,False,False,False
opentom,13366612::multihop_fo::2,multihop_fo_fullness,answer_only_direct,more full,2,False,False,False
opentom,13366612::multihop_fo::2,multihop_fo_fullness,subjectesis_direct,more full,2,False,False,False
opentom,13366612::multihop_fo::2,multihop_fo_fullness,subjectesis_no_review,more full,2,False,False,False
opentom,13366612::multihop_fo::2,multihop_fo_fullness,subjectesis_review,more full,2,False,False,False
opentom,13366612::multihop_fo::3,multihop_fo_fullness,base_direct,more full,2,False,False,False
opentom,13366612::multihop_fo::3,multihop_fo_fullness,answer_only_direct,more full,2,False,False,False
opentom,13366612::multihop_fo::3,multihop_fo_fullness,subjectesis_direct,more full,2,False,False,False
opentom,13366612::multihop_fo::3,multihop_fo_fullness,subjectesis_no_review,more full,2,False,False,False
opentom,13366612::multihop_fo::3,multihop_fo_fullness,subjectesis_review,more full,2,False,False,False
opentom,13366612::multihop_fo::4,multihop_fo_accessibility,base_direct,more accessible,1,False,False,False
opentom,13366612::multihop_fo::4,multihop_fo_accessibility,answer_only_direct,more accessible,1,False,False,False
opentom,13366612::multihop_fo::4,multihop_fo_accessibility,subjectesis_direct,more accessible,1,False,False,False
opentom,13366612::multihop_fo::4,multihop_fo_accessibility,subjectesis_no_review,more accessible,1,False,False,False
opentom,13366612::multihop_fo::4,multihop_fo_accessibility,subjectesis_review,more accessible,1,False,False,False
opentom,13366612::multihop_fo::5,multihop_fo_accessibility,base_direct,more accessible,1,False,False,False
opentom,13366612::multihop_fo::5,multihop_fo_accessibility,answer_only_direct,less accessible,2,False,False,False
opentom,13366612::multihop_fo::5,multihop_fo_accessibility,subjectesis_direct,less accessible,2,False,False,False
opentom,13366612::multihop_fo::5,multihop_fo_accessibility,subjectesis_no_review,less accessible,2,False,False,False
opentom,13366612::multihop_fo::5,multihop_fo_accessibility,subjectesis_review,less accessible,2,False,False,False
opentom,13366612::multihop_so::0,multihop_so_fullness,base_direct,less full,1,False,False,False
opentom,13366612::multihop_so::0,multihop_so_fullness,answer_only_direct,less full,1,False,False,False
opentom,13366612::multihop_so::0,multihop_so_fullness,subjectesis_direct,less full,1,False,False,False
opentom,13366612::multihop_so::0,multihop_so_fullness,subjectesis_no_review,equally full,3,False,False,False
opentom,13366612::multihop_so::0,multihop_so_fullness,subjectesis_review,less full,1,False,False,False
opentom,13366612::multihop_so::1,multihop_so_fullness,base_direct,less full,1,False,False,False
opentom,13366612::multihop_so::1,multihop_so_fullness,answer_only_direct,less full,1,False,False,False
opentom,13366612::multihop_so::1,multihop_so_fullness,subjectesis_direct,less full,1,False,False,False
opentom,13366612::multihop_so::1,multihop_so_fullness,subjectesis_no_review,less full,1,False,False,False
opentom,13366612::multihop_so::1,multihop_so_fullness,subjectesis_review,less full,1,False,False,False
opentom,13366612::multihop_so::2,multihop_so_fullness,base_direct,more full,2,False,False,False
opentom,13366612::multihop_so::2,multihop_so_fullness,answer_only_direct,more full,2,False,False,False
opentom,13366612::multihop_so::2,multihop_so_fullness,subjectesis_direct,more full,2,False,False,False
opentom,13366612::multihop_so::2,multihop_so_fullness,subjectesis_no_review,more full,2,False,False,False
opentom,13366612::multihop_so::2,multihop_so_fullness,subjectesis_review,more full,2,False,False,False
opentom,13366612::multihop_so::3,multihop_so_fullness,base_direct,more full,2,False,False,False
opentom,13366612::multihop_so::3,multihop_so_fullness,answer_only_direct,more full,2,False,False,False
opentom,13366612::multihop_so::3,multihop_so_fullness,subjectesis_direct,more full,2,False,False,False
opentom,13366612::multihop_so::3,multihop_so_fullness,subjectesis_no_review,more full,2,False,False,False
opentom,13366612::multihop_so::3,multihop_so_fullness,subjectesis_review,more full,2,False,False,False
opentom,13366612::multihop_so::4,multihop_so_accessibility,base_direct,less accessible,2,False,False,False
opentom,13366612::multihop_so::4,multihop_so_accessibility,answer_only_direct,less accessible,2,False,False,False
opentom,13366612::multihop_so::4,multihop_so_accessibility,subjectesis_direct,less accessible,2,False,False,False
opentom,13366612::multihop_so::4,multihop_so_accessibility,subjectesis_no_review,less accessible,2,False,False,False
opentom,13366612::multihop_so::4,multihop_so_accessibility,subjectesis_review,less accessible,2,False,False,False
opentom,13366612::multihop_so::5,multihop_so_accessibility,base_direct,more accessible,1,False,False,False
opentom,13366612::multihop_so::5,multihop_so_accessibility,answer_only_direct,more accessible,1,False,False,False
opentom,13366612::multihop_so::5,multihop_so_accessibility,subjectesis_direct,more accessible,1,False,False,False
opentom,13366612::multihop_so::5,multihop_so_accessibility,subjectesis_no_review,more accessible,1,False,False,False
opentom,13366612::multihop_so::5,multihop_so_accessibility,subjectesis_review,more accessible,1,False,False,False
opentom,13366612::attitude::0,attitude,base_direct,negative,2,False,False,False
opentom,13366612::attitude::0,attitude,answer_only_direct,negative,2,False,False,False
opentom,13366612::attitude::0,attitude,subjectesis_direct,negative,2,False,False,False
opentom,13366612::attitude::0,attitude,subjectesis_no_review,negative,2,False,False,False
opentom,13366612::attitude::0,attitude,subjectesis_review,negative,2,False,False,False
opentom,48727468::location_cg_fo::0,location_cg_fo,base_direct,No,0,False,False,False
opentom,48727468::location_cg_fo::0,location_cg_fo,answer_only_direct,No,0,False,False,False
opentom,48727468::location_cg_fo::0,location_cg_fo,subjectesis_direct,No,0,False,False,False
opentom,48727468::location_cg_fo::0,location_cg_fo,subjectesis_no_review,No,0,False,False,False
opentom,48727468::location_cg_fo::0,location_cg_fo,subjectesis_review,No,0,False,False,False
opentom,48727468::location_cg_fo::1,location_cg_fo,base_direct,No,0,False,False,False
opentom,48727468::location_cg_fo::1,location_cg_fo,answer_only_direct,No,0,False,False,False
opentom,48727468::location_cg_fo::1,location_cg_fo,subjectesis_direct,No,0,False,False,False
opentom,48727468::location_cg_fo::1,location_cg_fo,subjectesis_no_review,No,0,False,False,False
opentom,48727468::location_cg_fo::1,location_cg_fo,subjectesis_review,No,0,False,False,False
opentom,48727468::location_cg_so::0,location_cg_so,base_direct,Yes,1,False,False,False
opentom,48727468::location_cg_so::0,location_cg_so,answer_only_direct,Yes,1,False,False,False
opentom,48727468::location_cg_so::0,location_cg_so,subjectesis_direct,Yes,1,False,False,False
opentom,48727468::location_cg_so::0,location_cg_so,subjectesis_no_review,Yes,1,False,False,False
opentom,48727468::location_cg_so::0,location_cg_so,subjectesis_review,Yes,1,False,False,False
opentom,48727468::location_cg_so::1,location_cg_so,base_direct,Yes,1,False,False,False
opentom,48727468::location_cg_so::1,location_cg_so,answer_only_direct,No,0,False,False,False
opentom,48727468::location_cg_so::1,location_cg_so,subjectesis_direct,No,0,False,False,False
opentom,48727468::location_cg_so::1,location_cg_so,subjectesis_no_review,No,0,False,False,False
opentom,48727468::location_cg_so::1,location_cg_so,subjectesis_review,No,0,False,False,False
opentom,48727468::location_fg_fo::0,location_fg_fo,base_direct,Rory's kitchen counter,2,False,False,False
opentom,48727468::location_fg_fo::0,location_fg_fo,answer_only_direct,Rory's kitchen counter,2,False,False,False
opentom,48727468::location_fg_fo::0,location_fg_fo,subjectesis_direct,on his kitchen counter,2,False,False,False
opentom,48727468::location_fg_fo::0,location_fg_fo,subjectesis_no_review,on Rory's kitchen counter,2,False,False,False
opentom,48727468::location_fg_fo::0,location_fg_fo,subjectesis_review,on Rory's kitchen counter,2,False,False,False
opentom,48727468::location_fg_fo::1,location_fg_fo,base_direct,in a container,1,False,False,False
opentom,48727468::location_fg_fo::1,location_fg_fo,answer_only_direct,in a container,1,False,False,False
opentom,48727468::location_fg_fo::1,location_fg_fo,subjectesis_direct,in a container,1,False,False,False
opentom,48727468::location_fg_fo::1,location_fg_fo,subjectesis_no_review,in a container in the garden,1,False,False,False
opentom,48727468::location_fg_fo::1,location_fg_fo,subjectesis_review,in a container in the garden,1,False,False,False
opentom,48727468::location_fg_fo::2,location_fg_fo,base_direct,on his kitchen counter,2,False,False,False
opentom,48727468::location_fg_fo::2,location_fg_fo,answer_only_direct,on his kitchen counter,2,False,False,False
opentom,48727468::location_fg_fo::2,location_fg_fo,subjectesis_direct,on his kitchen counter,2,False,False,False
opentom,48727468::location_fg_fo::2,location_fg_fo,subjectesis_no_review,on his kitchen counter,2,False,False,False
opentom,48727468::location_fg_fo::2,location_fg_fo,subjectesis_review,on his kitchen counter,2,False,False,False
opentom,48727468::location_fg_fo::3,location_fg_fo,base_direct,on Rory's kitchen counter,2,False,False,False
opentom,48727468::location_fg_fo::3,location_fg_fo,answer_only_direct,in Rory's kitchen counter,2,False,False,False
opentom,48727468::location_fg_fo::3,location_fg_fo,subjectesis_direct,in the garden,3,True,False,True
opentom,48727468::location_fg_fo::3,location_fg_fo,subjectesis_no_review,in Rory's kitchen counter,2,False,False,False
opentom,48727468::location_fg_fo::3,location_fg_fo,subjectesis_review,in Rory's kitchen counter,2,False,False,False
opentom,48727468::location_fg_so::0,location_fg_so,base_direct,in the garden,3,True,False,True
opentom,48727468::location_fg_so::0,location_fg_so,answer_only_direct,in the garden,3,True,False,True
opentom,48727468::location_fg_so::0,location_fg_so,subjectesis_direct,in the garden,3,True,False,True
opentom,48727468::location_fg_so::0,location_fg_so,subjectesis_no_review,in the garden,3,True,False,True
opentom,48727468::location_fg_so::0,location_fg_so,subjectesis_review,in the garden,3,True,False,True
opentom,48727468::location_fg_so::1,location_fg_so,base_direct,on his kitchen counter,2,False,False,False
opentom,48727468::location_fg_so::1,location_fg_so,answer_only_direct,Rory's kitchen counter,2,False,False,False
opentom,48727468::location_fg_so::1,location_fg_so,subjectesis_direct,on his kitchen counter,2,False,False,False
opentom,48727468::location_fg_so::1,location_fg_so,subjectesis_no_review,on his kitchen counter,2,False,False,False
opentom,48727468::location_fg_so::1,location_fg_so,subjectesis_review,on his kitchen counter,2,False,False,False
opentom,48727468::multihop_fo::0,multihop_fo_fullness,base_direct,less full,1,False,False,False
opentom,48727468::multihop_fo::0,multihop_fo_fullness,answer_only_direct,less full,1,False,False,False
opentom,48727468::multihop_fo::0,multihop_fo_fullness,subjectesis_direct,less full,1,False,False,False
opentom,48727468::multihop_fo::0,multihop_fo_fullness,subjectesis_no_review,less full,1,False,False,False
opentom,48727468::multihop_fo::0,multihop_fo_fullness,subjectesis_review,less full,1,False,False,False
opentom,48727468::multihop_fo::1,multihop_fo_fullness,base_direct,less full,1,False,False,False
opentom,48727468::multihop_fo::1,multihop_fo_fullness,answer_only_direct,less full,1,False,False,False
opentom,48727468::multihop_fo::1,multihop_fo_fullness,subjectesis_direct,less full,1,False,False,False
opentom,48727468::multihop_fo::1,multihop_fo_fullness,subjectesis_no_review,less full,1,False,False,False
opentom,48727468::multihop_fo::1,multihop_fo_fullness,subjectesis_review,less full,1,False,False,False
opentom,48727468::multihop_fo::2,multihop_fo_fullness,base_direct,more full,2,False,False,False
opentom,48727468::multihop_fo::2,multihop_fo_fullness,answer_only_direct,more full,2,False,False,False
opentom,48727468::multihop_fo::2,multihop_fo_fullness,subjectesis_direct,more full,2,False,False,False
opentom,48727468::multihop_fo::2,multihop_fo_fullness,subjectesis_no_review,more full,2,False,False,False
opentom,48727468::multihop_fo::2,multihop_fo_fullness,subjectesis_review,more full,2,False,False,False
opentom,48727468::multihop_fo::3,multihop_fo_fullness,base_direct,more full,2,False,False,False
opentom,48727468::multihop_fo::3,multihop_fo_fullness,answer_only_direct,more full,2,False,False,False
opentom,48727468::multihop_fo::3,multihop_fo_fullness,subjectesis_direct,more full,2,False,False,False
opentom,48727468::multihop_fo::3,multihop_fo_fullness,subjectesis_no_review,more full,2,False,False,False
opentom,48727468::multihop_fo::3,multihop_fo_fullness,subjectesis_review,more full,2,False,False,False
opentom,48727468::multihop_fo::4,multihop_fo_accessibility,base_direct,more accessible,1,False,False,False
opentom,48727468::multihop_fo::4,multihop_fo_accessibility,answer_only_direct,more accessible,1,False,False,False
opentom,48727468::multihop_fo::4,multihop_fo_accessibility,subjectesis_direct,more accessible,1,False,False,False
opentom,48727468::multihop_fo::4,multihop_fo_accessibility,subjectesis_no_review,more accessible,1,False,False,False
opentom,48727468::multihop_fo::4,multihop_fo_accessibility,subjectesis_review,more accessible,1,False,False,False
opentom,48727468::multihop_fo::5,multihop_fo_accessibility,base_direct,more accessible,1,False,False,False
opentom,48727468::multihop_fo::5,multihop_fo_accessibility,answer_only_direct,less accessible,2,False,False,False
opentom,48727468::multihop_fo::5,multihop_fo_accessibility,subjectesis_direct,less accessible,2,False,False,False
opentom,48727468::multihop_fo::5,multihop_fo_accessibility,subjectesis_no_review,less accessible,2,False,False,False
opentom,48727468::multihop_fo::5,multihop_fo_accessibility,subjectesis_review,less accessible,2,False,False,False
opentom,48727468::multihop_so::0,multihop_so_fullness,base_direct,less full,1,False,False,False
opentom,48727468::multihop_so::0,multihop_so_fullness,answer_only_direct,less full,1,False,False,False
opentom,48727468::multihop_so::0,multihop_so_fullness,subjectesis_direct,less full,1,False,False,False
opentom,48727468::multihop_so::0,multihop_so_fullness,subjectesis_no_review,less full,1,False,False,False
opentom,48727468::multihop_so::0,multihop_so_fullness,subjectesis_review,less full,1,False,False,False
opentom,48727468::multihop_so::1,multihop_so_fullness,base_direct,less full,1,False,False,False
opentom,48727468::multihop_so::1,multihop_so_fullness,answer_only_direct,less full,1,False,False,False
opentom,48727468::multihop_so::1,multihop_so_fullness,subjectesis_direct,less full,1,False,False,False
opentom,48727468::multihop_so::1,multihop_so_fullness,subjectesis_no_review,less full,1,False,False,False
opentom,48727468::multihop_so::1,multihop_so_fullness,subjectesis_review,less full,1,False,False,False
opentom,48727468::multihop_so::2,multihop_so_fullness,base_direct,more full,2,False,False,False
opentom,48727468::multihop_so::2,multihop_so_fullness,answer_only_direct,more full,2,False,False,False
opentom,48727468::multihop_so::2,multihop_so_fullness,subjectesis_direct,more full,2,False,False,False
opentom,48727468::multihop_so::2,multihop_so_fullness,subjectesis_no_review,more full,2,False,False,False
opentom,48727468::multihop_so::2,multihop_so_fullness,subjectesis_review,more full,2,False,False,False
opentom,48727468::multihop_so::3,multihop_so_fullness,base_direct,more full,2,False,False,False
opentom,48727468::multihop_so::3,multihop_so_fullness,answer_only_direct,more full,2,False,False,False
opentom,48727468::multihop_so::3,multihop_so_fullness,subjectesis_direct,more full,2,False,False,False
opentom,48727468::multihop_so::3,multihop_so_fullness,subjectesis_no_review,more full,2,False,False,False
opentom,48727468::multihop_so::3,multihop_so_fullness,subjectesis_review,more full,2,False,False,False
opentom,48727468::multihop_so::4,multihop_so_accessibility,base_direct,less accessible,2,False,False,False
opentom,48727468::multihop_so::4,multihop_so_accessibility,answer_only_direct,less accessible,2,False,False,False
opentom,48727468::multihop_so::4,multihop_so_accessibility,subjectesis_direct,less accessible,2,False,False,False
opentom,48727468::multihop_so::4,multihop_so_accessibility,subjectesis_no_review,less accessible,2,False,False,False
opentom,48727468::multihop_so::4,multihop_so_accessibility,subjectesis_review,less accessible,2,False,False,False
opentom,48727468::multihop_so::5,multihop_so_accessibility,base_direct,more accessible,1,False,False,False
opentom,48727468::multihop_so::5,multihop_so_accessibility,answer_only_direct,more accessible,1,False,False,False
opentom,48727468::multihop_so::5,multihop_so_accessibility,subjectesis_direct,more accessible,1,False,False,False
opentom,48727468::multihop_so::5,multihop_so_accessibility,subjectesis_no_review,more accessible,1,False,False,False
opentom,48727468::multihop_so::5,multihop_so_accessibility,subjectesis_review,more accessible,1,False,False,False
opentom,48727468::attitude::0,attitude,base_direct,negative,2,False,False,False
opentom,48727468::attitude::0,attitude,answer_only_direct,negative,2,False,False,False
opentom,48727468::attitude::0,attitude,subjectesis_direct,neutral,3,False,False,False
opentom,48727468::attitude::0,attitude,subjectesis_no_review,negative,2,False,False,False
opentom,48727468::attitude::0,attitude,subjectesis_review,negative,2,False,False,False
opentom,23953367::location_cg_fo::0,location_cg_fo,base_direct,No,0,False,False,False
opentom,23953367::location_cg_fo::0,location_cg_fo,answer_only_direct,No,0,False,False,False
opentom,23953367::location_cg_fo::0,location_cg_fo,subjectesis_direct,No,0,False,False,False
opentom,23953367::location_cg_fo::0,location_cg_fo,subjectesis_no_review,No,0,False,False,False
opentom,23953367::location_cg_fo::0,location_cg_fo,subjectesis_review,No,0,False,False,False
opentom,23953367::location_cg_fo::1,location_cg_fo,base_direct,No,0,False,False,False
opentom,23953367::location_cg_fo::1,location_cg_fo,answer_only_direct,No,0,False,False,False
opentom,23953367::location_cg_fo::1,location_cg_fo,subjectesis_direct,No,0,False,False,False
opentom,23953367::location_cg_fo::1,location_cg_fo,subjectesis_no_review,No,0,False,False,False
opentom,23953367::location_cg_fo::1,location_cg_fo,subjectesis_review,No,0,False,False,False
opentom,23953367::location_cg_so::0,location_cg_so,base_direct,No,0,False,False,False
opentom,23953367::location_cg_so::0,location_cg_so,answer_only_direct,No,0,False,False,False
opentom,23953367::location_cg_so::0,location_cg_so,subjectesis_direct,No,0,False,False,False
opentom,23953367::location_cg_so::0,location_cg_so,subjectesis_no_review,No,0,False,False,False
opentom,23953367::location_cg_so::0,location_cg_so,subjectesis_review,No,0,False,False,False
opentom,23953367::location_cg_so::1,location_cg_so,base_direct,No,0,False,False,False
opentom,23953367::location_cg_so::1,location_cg_so,answer_only_direct,No,0,False,False,False
opentom,23953367::location_cg_so::1,location_cg_so,subjectesis_direct,No,0,False,False,False
opentom,23953367::location_cg_so::1,location_cg_so,subjectesis_no_review,No,0,False,False,False
opentom,23953367::location_cg_so::1,location_cg_so,subjectesis_review,No,0,False,False,False
opentom,23953367::location_fg_fo::0,location_fg_fo,base_direct,in the freezer,2,False,False,False
opentom,23953367::location_fg_fo::0,location_fg_fo,answer_only_direct,in the freezer,2,False,False,False
opentom,23953367::location_fg_fo::0,location_fg_fo,subjectesis_direct,in the freezer,2,False,False,False
opentom,23953367::location_fg_fo::0,location_fg_fo,subjectesis_no_review,in the freezer,2,False,False,False
opentom,23953367::location_fg_fo::0,location_fg_fo,subjectesis_review,in the freezer,2,False,False,False
opentom,23953367::location_fg_fo::1,location_fg_fo,base_direct,in the basement,3,True,False,True
opentom,23953367::location_fg_fo::1,location_fg_fo,answer_only_direct,"in the green, leafy appearance",3,True,False,True
opentom,23953367::location_fg_fo::1,location_fg_fo,subjectesis_direct,in the basement,3,True,False,True
opentom,23953367::location_fg_fo::1,location_fg_fo,subjectesis_no_review,unknown,3,True,False,True
opentom,23953367::location_fg_fo::1,location_fg_fo,subjectesis_review,unknown,3,True,False,True
opentom,23953367::location_fg_fo::2,location_fg_fo,base_direct,in the freezer,2,False,False,False
opentom,23953367::location_fg_fo::2,location_fg_fo,answer_only_direct,in the freezer,2,False,False,False
opentom,23953367::location_fg_fo::2,location_fg_fo,subjectesis_direct,in the freezer,2,False,False,False
opentom,23953367::location_fg_fo::2,location_fg_fo,subjectesis_no_review,in the freezer,2,False,False,False
opentom,23953367::location_fg_fo::2,location_fg_fo,subjectesis_review,in the freezer,2,False,False,False
opentom,23953367::location_fg_fo::3,location_fg_fo,base_direct,in the freezer,2,False,False,False
opentom,23953367::location_fg_fo::3,location_fg_fo,answer_only_direct,in the freezer,2,False,False,False
opentom,23953367::location_fg_fo::3,location_fg_fo,subjectesis_direct,in the freezer,2,False,False,False
opentom,23953367::location_fg_fo::3,location_fg_fo,subjectesis_no_review,in the freezer,2,False,False,False
opentom,23953367::location_fg_fo::3,location_fg_fo,subjectesis_review,in the freezer,2,False,False,False
opentom,23953367::location_fg_so::0,location_fg_so,base_direct,in the freezer,2,False,False,False
opentom,23953367::location_fg_so::0,location_fg_so,answer_only_direct,in the freezer,2,False,False,False
opentom,23953367::location_fg_so::0,location_fg_so,subjectesis_direct,in the freezer,2,False,False,False
opentom,23953367::location_fg_so::0,location_fg_so,subjectesis_no_review,in the freezer,2,False,False,False
opentom,23953367::location_fg_so::0,location_fg_so,subjectesis_review,in the freezer,2,False,False,False
opentom,23953367::location_fg_so::1,location_fg_so,base_direct,in the freezer,2,False,False,False
opentom,23953367::location_fg_so::1,location_fg_so,answer_only_direct,the freezer,2,False,False,False
opentom,23953367::location_fg_so::1,location_fg_so,subjectesis_direct,in the freezer,2,False,False,False
opentom,23953367::location_fg_so::1,location_fg_so,subjectesis_no_review,in the freezer,2,False,False,False
opentom,23953367::location_fg_so::1,location_fg_so,subjectesis_review,in the freezer,2,False,False,False
opentom,23953367::multihop_fo::0,multihop_fo_fullness,base_direct,less full,1,False,False,False
opentom,23953367::multihop_fo::0,multihop_fo_fullness,answer_only_direct,less full,1,False,False,False
opentom,23953367::multihop_fo::0,multihop_fo_fullness,subjectesis_direct,less full,1,False,False,False
opentom,23953367::multihop_fo::0,multihop_fo_fullness,subjectesis_no_review,less full,1,False,False,False
opentom,23953367::multihop_fo::0,multihop_fo_fullness,subjectesis_review,less full,1,False,False,False
opentom,23953367::multihop_fo::1,multihop_fo_fullness,base_direct,less full,1,False,False,False
opentom,23953367::multihop_fo::1,multihop_fo_fullness,answer_only_direct,less full,1,False,False,False
opentom,23953367::multihop_fo::1,multihop_fo_fullness,subjectesis_direct,less full,1,False,False,False
opentom,23953367::multihop_fo::1,multihop_fo_fullness,subjectesis_no_review,less full,1,False,False,False
opentom,23953367::multihop_fo::1,multihop_fo_fullness,subjectesis_review,less full,1,False,False,False
opentom,23953367::multihop_fo::2,multihop_fo_fullness,base_direct,less full,1,False,False,False
opentom,23953367::multihop_fo::2,multihop_fo_fullness,answer_only_direct,more full,2,False,False,False
opentom,23953367::multihop_fo::2,multihop_fo_fullness,subjectesis_direct,more full,2,False,False,False
opentom,23953367::multihop_fo::2,multihop_fo_fullness,subjectesis_no_review,more full,2,False,False,False
opentom,23953367::multihop_fo::2,multihop_fo_fullness,subjectesis_review,more full,2,False,False,False
opentom,23953367::multihop_fo::3,multihop_fo_fullness,base_direct,more full,2,False,False,False
opentom,23953367::multihop_fo::3,multihop_fo_fullness,answer_only_direct,more full,2,False,False,False
opentom,23953367::multihop_fo::3,multihop_fo_fullness,subjectesis_direct,more full,2,False,False,False
opentom,23953367::multihop_fo::3,multihop_fo_fullness,subjectesis_no_review,more full,2,False,False,False
opentom,23953367::multihop_fo::3,multihop_fo_fullness,subjectesis_review,more full,2,False,False,False
opentom,23953367::multihop_fo::4,multihop_fo_accessibility,base_direct,less accessible,2,False,False,False
opentom,23953367::multihop_fo::4,multihop_fo_accessibility,answer_only_direct,less accessible,2,False,False,False
opentom,23953367::multihop_fo::4,multihop_fo_accessibility,subjectesis_direct,less accessible,2,False,False,False
opentom,23953367::multihop_fo::4,multihop_fo_accessibility,subjectesis_no_review,less accessible,2,False,False,False
opentom,23953367::multihop_fo::4,multihop_fo_accessibility,subjectesis_review,less accessible,2,False,False,False
opentom,23953367::multihop_fo::5,multihop_fo_accessibility,base_direct,less accessible,2,False,False,False
opentom,23953367::multihop_fo::5,multihop_fo_accessibility,answer_only_direct,more accessible,1,False,False,False
opentom,23953367::multihop_fo::5,multihop_fo_accessibility,subjectesis_direct,less accessible,2,False,False,False
opentom,23953367::multihop_fo::5,multihop_fo_accessibility,subjectesis_no_review,less accessible,2,False,False,False
opentom,23953367::multihop_fo::5,multihop_fo_accessibility,subjectesis_review,less accessible,2,False,False,False
opentom,23953367::multihop_so::0,multihop_so_fullness,base_direct,less full,1,False,False,False
opentom,23953367::multihop_so::0,multihop_so_fullness,answer_only_direct,less full,1,False,False,False
opentom,23953367::multihop_so::0,multihop_so_fullness,subjectesis_direct,less full,1,False,False,False
opentom,23953367::multihop_so::0,multihop_so_fullness,subjectesis_no_review,less full,1,False,False,False
opentom,23953367::multihop_so::0,multihop_so_fullness,subjectesis_review,less full,1,False,False,False
opentom,23953367::multihop_so::1,multihop_so_fullness,base_direct,less full,1,False,False,False
opentom,23953367::multihop_so::1,multihop_so_fullness,answer_only_direct,less full,1,False,False,False
opentom,23953367::multihop_so::1,multihop_so_fullness,subjectesis_direct,less full,1,False,False,False
opentom,23953367::multihop_so::1,multihop_so_fullness,subjectesis_no_review,less full,1,False,False,False
opentom,23953367::multihop_so::1,multihop_so_fullness,subjectesis_review,less full,1,False,False,False
opentom,23953367::multihop_so::2,multihop_so_fullness,base_direct,more full,2,False,False,False
opentom,23953367::multihop_so::2,multihop_so_fullness,answer_only_direct,more full,2,False,False,False
opentom,23953367::multihop_so::2,multihop_so_fullness,subjectesis_direct,more full,2,False,False,False
opentom,23953367::multihop_so::2,multihop_so_fullness,subjectesis_no_review,more full,2,False,False,False
opentom,23953367::multihop_so::2,multihop_so_fullness,subjectesis_review,more full,2,False,False,False
opentom,23953367::multihop_so::3,multihop_so_fullness,base_direct,more full,2,False,False,False
opentom,23953367::multihop_so::3,multihop_so_fullness,answer_only_direct,more full,2,False,False,False
opentom,23953367::multihop_so::3,multihop_so_fullness,subjectesis_direct,more full,2,False,False,False
opentom,23953367::multihop_so::3,multihop_so_fullness,subjectesis_no_review,more full,2,False,False,False
opentom,23953367::multihop_so::3,multihop_so_fullness,subjectesis_review,more full,2,False,False,False
opentom,23953367::multihop_so::4,multihop_so_accessibility,base_direct,less accessible,2,False,False,False
opentom,23953367::multihop_so::4,multihop_so_accessibility,answer_only_direct,less accessible,2,False,False,False
opentom,23953367::multihop_so::4,multihop_so_accessibility,subjectesis_direct,less accessible,2,False,False,False
opentom,23953367::multihop_so::4,multihop_so_accessibility,subjectesis_no_review,less accessible,2,False,False,False
opentom,23953367::multihop_so::4,multihop_so_accessibility,subjectesis_review,less accessible,2,False,False,False
opentom,23953367::multihop_so::5,multihop_so_accessibility,base_direct,less accessible,2,False,False,False
opentom,23953367::multihop_so::5,multihop_so_accessibility,answer_only_direct,less accessible,2,False,False,False
opentom,23953367::multihop_so::5,multihop_so_accessibility,subjectesis_direct,less accessible,2,False,False,False
opentom,23953367::multihop_so::5,multihop_so_accessibility,subjectesis_no_review,less accessible,2,False,False,False
opentom,23953367::multihop_so::5,multihop_so_accessibility,subjectesis_review,less accessible,2,False,False,False
opentom,23953367::attitude::0,attitude,base_direct,positive,1,False,False,False
opentom,23953367::attitude::0,attitude,answer_only_direct,positive,1,False,False,False
opentom,23953367::attitude::0,attitude,subjectesis_direct,negative,2,False,False,False
opentom,23953367::attitude::0,attitude,subjectesis_no_review,negative,2,False,False,False
opentom,23953367::attitude::0,attitude,subjectesis_review,negative,2,False,False,False
