record_id,field,decision,valid,old_value,new_value,value_changed,claim_changed,citation_changed,withdrawal
belief_0,proposer,preserve,True,seeker,seeker,False,False,False,False
belief_0,seen,retain_unknown,True,unknown,unknown,False,False,False,False
belief_0,appraisal,preserve,True,likes,likes,False,False,False,False
belief_1,proposer,preserve,True,seeker,seeker,False,False,False,False
belief_1,seen,revise,True,unknown,yes,True,True,True,False
belief_1,appraisal,preserve,True,likes,likes,False,False,False,False
belief_2,proposer,preserve,True,recommender,recommender,False,False,False,False
belief_2,seen,retain_unknown,True,unknown,unknown,False,False,False,False
belief_2,recommendation_response,preserve,True,accepted,accepted,False,False,False,False
belief_3,proposer,preserve,True,recommender,recommender,False,False,False,False
belief_3,seen,preserve,True,yes,yes,False,False,False,False
belief_3,recommendation_response,retain_unknown,True,unknown,unknown,False,False,False,False
belief_4,proposer,preserve,True,recommender,recommender,False,False,False,False
belief_4,seen,retain_unknown,True,unknown,unknown,False,False,False,False
belief_4,recommendation_response,preserve,True,declined,declined,False,False,False,False
belief_5,proposer,preserve,True,seeker,seeker,False,False,False,False
belief_5,seen,revise,True,yes,unknown,True,True,True,True
belief_5,appraisal,preserve,True,likes,likes,False,False,False,False
belief_6,proposer,preserve,True,recommender,recommender,False,False,False,False
belief_6,seen,retain_unknown,True,unknown,unknown,False,False,False,False
belief_6,recommendation_response,retain_unknown,True,unknown,unknown,False,False,False,False
belief_7,proposer,preserve,True,recommender,recommender,False,False,False,False
belief_7,seen,preserve,True,yes,yes,False,False,False,False
belief_7,recommendation_response,retain_unknown,True,unknown,unknown,False,False,False,False
belief_8,proposer,preserve,True,seeker,seeker,False,False,False,False
belief_8,seen,retain_unknown,True,unknown,unknown,False,False,False,False
belief_8,appraisal,preserve,True,dislikes,dislikes,False,False,False,False
belief_9,proposer,preserve,True,seeker,seeker,False,False,False,False
belief_9,seen,revise,True,yes,unknown,True,True,True,True
belief_9,appraisal,preserve,True,likes,likes,False,False,False,False
belief_124,proposer,preserve,True,recommender,recommender,False,False,False,False
belief_124,seen,retain_unknown,True,unknown,unknown,False,False,False,False
belief_124,recommendation_response,retain_unknown,True,unknown,unknown,False,False,False,False
belief_125,proposer,preserve,True,recommender,recommender,False,False,False,False
belief_125,seen,retain_unknown,True,unknown,unknown,False,False,False,False
belief_125,recommendation_response,preserve,True,declined,declined,False,False,False,False
belief_126,proposer,preserve,True,recommender,recommender,False,False,False,False
belief_126,seen,preserve,True,yes,yes,False,False,False,False
belief_126,recommendation_response,retain_unknown,True,unknown,unknown,False,False,False,False
belief_127,proposer,preserve,True,seeker,seeker,False,False,False,False
belief_127,seen,retain_unknown,True,unknown,unknown,False,False,False,False
belief_127,appraisal,preserve,True,likes,likes,False,False,False,False
belief_128,proposer,preserve,True,recommender,recommender,False,False,False,False
belief_128,seen,preserve,True,no,no,False,False,False,False
belief_128,recommendation_response,retain_unknown,True,unknown,unknown,False,False,False,False
belief_129,proposer,preserve,True,recommender,recommender,False,False,False,False
belief_129,seen,preserve,True,no,no,False,False,False,False
belief_129,recommendation_response,retain_unknown,True,unknown,unknown,False,False,False,False
belief_130,proposer,preserve,True,recommender,recommender,False,False,False,False
belief_130,seen,preserve,True,no,no,False,False,False,False
belief_130,recommendation_response,retain_unknown,True,unknown,unknown,False,False,False,False
belief_131,proposer,preserve,True,recommender,recommender,False,False,False,False
belief_131,seen,preserve,True,no,no,False,False,False,False
belief_131,recommendation_response,revise,True,accepted,unknown,True,True,True,True
belief_143,proposer,preserve,True,recommender,recommender,False,False,False,False
belief_143,seen,preserve,True,yes,yes,False,False,False,False
belief_143,recommendation_response,preserve,True,declined,declined,False,False,False,False
belief_144,proposer,preserve,True,seeker,seeker,False,False,False,False
belief_144,seen,preserve,True,yes,yes,False,False,False,False
belief_144,appraisal,preserve,True,likes,likes,False,False,False,False
belief_145,proposer,preserve,True,seeker,seeker,False,False,False,False
belief_145,seen,retain_unknown,True,unknown,unknown,False,False,False,False
belief_145,appraisal,preserve,True,likes,likes,False,False,False,False
belief_146,proposer,preserve,True,recommender,recommender,False,False,False,False
belief_146,seen,preserve,True,yes,yes,False,False,False,False
belief_146,recommendation_response,retain_unknown,True,unknown,unknown,False,False,False,False
belief_147,proposer,preserve,True,seeker,seeker,False,False,False,False
belief_147,seen,retain_unknown,True,unknown,unknown,False,False,False,False
belief_147,appraisal,preserve,True,likes,likes,False,False,False,False
belief_148,proposer,preserve,True,recommender,recommender,False,False,False,False
belief_148,seen,preserve,True,yes,yes,False,False,False,False
belief_148,recommendation_response,retain_unknown,True,unknown,unknown,False,False,False,False
belief_149,proposer,preserve,True,recommender,recommender,False,False,False,False
belief_149,seen,retain_unknown,True,unknown,unknown,False,False,False,False
belief_149,recommendation_response,retain_unknown,True,unknown,unknown,False,False,False,False
belief_150,proposer,preserve,True,recommender,recommender,False,False,False,False
belief_150,seen,retain_unknown,True,unknown,unknown,False,False,False,False
belief_150,recommendation_response,preserve,True,declined,declined,False,False,False,False
belief_151,proposer,preserve,True,seeker,seeker,False,False,False,False
belief_151,seen,retain_unknown,True,unknown,unknown,False,False,False,False
belief_151,appraisal,preserve,True,likes,likes,False,False,False,False
belief_152,proposer,preserve,True,seeker,seeker,False,False,False,False
belief_152,seen,retain_unknown,True,unknown,unknown,False,False,False,False
belief_152,appraisal,preserve,True,likes,likes,False,False,False,False
belief_153,proposer,preserve,True,recommender,recommender,False,False,False,False
belief_153,seen,revise,True,unknown,no,True,True,True,False
belief_153,recommendation_response,preserve,True,accepted,accepted,False,False,False,False
belief_154,proposer,preserve,True,seeker,seeker,False,False,False,False
belief_154,seen,retain_unknown,True,unknown,unknown,False,False,False,False
belief_154,appraisal,retain_unknown,True,unknown,unknown,False,False,False,False
belief_155,proposer,preserve,True,recommender,recommender,False,False,False,False
belief_155,seen,preserve,True,yes,yes,False,False,False,False
belief_155,recommendation_response,retain_unknown,True,unknown,unknown,False,False,False,False
belief_156,proposer,preserve,True,seeker,seeker,False,False,False,False
belief_156,seen,retain_unknown,True,unknown,unknown,False,False,False,False
belief_156,appraisal,preserve,True,likes,likes,False,False,False,False
belief_231,proposer,preserve,True,recommender,recommender,False,False,False,False
belief_231,seen,revise,True,yes,unknown,True,True,True,True
belief_231,recommendation_response,preserve,True,accepted,accepted,False,False,False,False
belief_232,proposer,preserve,True,recommender,recommender,False,False,False,False
belief_232,seen,preserve,True,yes,yes,False,False,False,False
belief_232,recommendation_response,retain_unknown,True,unknown,unknown,False,False,False,False
belief_233,proposer,preserve,True,seeker,seeker,False,False,False,False
belief_233,seen,preserve,True,yes,yes,False,False,False,False
belief_233,appraisal,preserve,True,likes,likes,False,False,False,False
belief_234,proposer,preserve,True,recommender,recommender,False,False,False,False
belief_234,seen,preserve,True,yes,yes,False,False,False,False
belief_234,recommendation_response,retain_unknown,True,unknown,unknown,False,False,False,False
belief_235,proposer,preserve,True,recommender,recommender,False,False,False,False
belief_235,seen,preserve,True,yes,yes,False,False,False,False
belief_235,recommendation_response,retain_unknown,True,unknown,unknown,False,False,False,False
belief_236,proposer,preserve,True,seeker,seeker,False,False,False,False
belief_236,seen,retain_unknown,True,unknown,unknown,False,False,False,False
belief_236,appraisal,preserve,True,likes,likes,False,False,False,False
belief_237,proposer,preserve,True,seeker,seeker,False,False,False,False
belief_237,seen,retain_unknown,True,unknown,unknown,False,False,False,False
belief_237,appraisal,preserve,True,likes,likes,False,False,False,False
belief_238,proposer,preserve,True,recommender,recommender,False,False,False,False
belief_238,seen,preserve,True,yes,yes,False,False,False,False
belief_238,recommendation_response,preserve,True,declined,declined,False,False,False,False
belief_259,proposer,preserve,True,recommender,recommender,False,False,False,False
belief_259,seen,preserve,True,no,no,False,False,False,False
belief_259,recommendation_response,preserve,True,accepted,accepted,False,False,False,False
belief_260,proposer,preserve,True,recommender,recommender,False,False,False,False
belief_260,seen,preserve,True,no,no,False,False,False,False
belief_260,recommendation_response,preserve,True,accepted,accepted,False,False,False,False
belief_261,proposer,preserve,True,recommender,recommender,False,False,False,False
belief_261,seen,preserve,True,yes,yes,False,False,False,False
belief_261,recommendation_response,retain_unknown,True,unknown,unknown,False,False,False,False
belief_262,proposer,preserve,True,seeker,seeker,False,False,False,False
belief_262,seen,preserve,True,no,no,False,False,False,False
belief_262,appraisal,retain_unknown,True,unknown,unknown,False,False,False,False
belief_263,proposer,preserve,True,recommender,recommender,False,False,False,False
belief_263,seen,preserve,True,yes,yes,False,False,False,False
belief_263,recommendation_response,preserve,True,declined,declined,False,False,False,False
belief_264,proposer,preserve,True,seeker,seeker,False,False,False,False
belief_264,seen,retain_unknown,True,unknown,unknown,False,False,False,False
belief_264,appraisal,preserve,True,likes,likes,False,False,False,False
belief_265,proposer,preserve,True,recommender,recommender,False,False,False,False
belief_265,seen,retain_unknown,True,unknown,unknown,False,False,False,False
belief_265,recommendation_response,retain_unknown,True,unknown,unknown,False,False,False,False
belief_266,proposer,preserve,True,recommender,recommender,False,False,False,False
belief_266,seen,preserve,True,yes,yes,False,False,False,False
belief_266,recommendation_response,retain_unknown,True,unknown,unknown,False,False,False,False
belief_267,proposer,preserve,True,seeker,seeker,False,False,False,False
belief_267,seen,retain_unknown,True,unknown,unknown,False,False,False,False
belief_267,appraisal,preserve,True,likes,likes,False,False,False,False
belief_268,proposer,preserve,True,seeker,seeker,False,False,False,False
belief_268,seen,retain_unknown,True,unknown,unknown,False,False,False,False
belief_268,appraisal,preserve,True,likes,likes,False,False,False,False
belief_269,proposer,preserve,True,recommender,recommender,False,False,False,False
belief_269,seen,preserve,True,no,no,False,False,False,False
belief_269,recommendation_response,preserve,True,accepted,accepted,False,False,False,False
belief_270,proposer,preserve,True,recommender,recommender,False,False,False,False
belief_270,seen,preserve,True,yes,yes,False,False,False,False
belief_270,recommendation_response,retain_unknown,True,unknown,unknown,False,False,False,False
belief_271,proposer,preserve,True,seeker,seeker,False,False,False,False
belief_271,seen,revise,True,yes,unknown,True,True,True,True
belief_271,appraisal,preserve,True,likes,likes,False,False,False,False
belief_272,proposer,preserve,True,recommender,recommender,False,False,False,False
belief_272,seen,preserve,True,yes,yes,False,False,False,False
belief_272,recommendation_response,preserve,True,declined,declined,False,False,False,False
belief_273,proposer,preserve,True,seeker,seeker,False,False,False,False
belief_273,seen,retain_unknown,True,unknown,unknown,False,False,False,False
belief_273,appraisal,preserve,True,likes,likes,False,False,False,False
belief_280,proposer,preserve,True,recommender,recommender,False,False,False,False
belief_280,seen,preserve,True,no,no,False,False,False,False
belief_280,recommendation_response,preserve,True,accepted,accepted,False,False,False,False
belief_281,proposer,preserve,True,recommender,recommender,False,False,False,False
belief_281,seen,preserve,True,yes,yes,False,False,False,False
belief_281,recommendation_response,retain_unknown,True,unknown,unknown,False,False,False,False
belief_282,proposer,preserve,True,recommender,recommender,False,False,False,False
belief_282,seen,retain_unknown,True,unknown,unknown,False,False,False,False
belief_282,recommendation_response,preserve,True,declined,declined,False,False,False,False
belief_283,proposer,preserve,True,recommender,recommender,False,False,False,False
belief_283,seen,preserve,True,yes,yes,False,False,False,False
belief_283,recommendation_response,retain_unknown,True,unknown,unknown,False,False,False,False
belief_321,proposer,preserve,True,recommender,recommender,False,False,False,False
belief_321,seen,retain_unknown,True,unknown,unknown,False,False,False,False
belief_321,recommendation_response,preserve,True,declined,declined,False,False,False,False
belief_322,proposer,preserve,True,recommender,recommender,False,False,False,False
belief_322,seen,retain_unknown,True,unknown,unknown,False,False,False,False
belief_322,recommendation_response,preserve,True,accepted,accepted,False,False,False,False
belief_323,proposer,preserve,True,recommender,recommender,False,False,False,False
belief_323,seen,retain_unknown,True,unknown,unknown,False,False,False,False
belief_323,recommendation_response,retain_unknown,True,unknown,unknown,False,False,False,False
belief_324,proposer,preserve,True,recommender,recommender,False,False,False,False
belief_324,seen,revise,True,unknown,no,True,True,True,False
belief_324,recommendation_response,preserve,True,accepted,accepted,False,False,False,False
belief_325,proposer,preserve,True,seeker,seeker,False,False,False,False
belief_325,seen,revise,True,yes,unknown,True,True,True,True
belief_325,appraisal,preserve,True,likes,likes,False,False,False,False
belief_326,proposer,preserve,True,recommender,recommender,False,False,False,False
belief_326,seen,retain_unknown,True,unknown,unknown,False,False,False,False
belief_326,recommendation_response,retain_unknown,True,unknown,unknown,False,False,False,False
belief_350,proposer,preserve,True,recommender,recommender,False,False,False,False
belief_350,seen,retain_unknown,True,unknown,unknown,False,False,False,False
belief_350,recommendation_response,retain_unknown,True,unknown,unknown,False,False,False,False
belief_351,proposer,preserve,True,recommender,recommender,False,False,False,False
belief_351,seen,preserve,True,yes,yes,False,False,False,False
belief_351,recommendation_response,retain_unknown,True,unknown,unknown,False,False,False,False
belief_352,proposer,preserve,True,recommender,recommender,False,False,False,False
belief_352,seen,retain_unknown,True,unknown,unknown,False,False,False,False
belief_352,recommendation_response,retain_unknown,True,unknown,unknown,False,False,False,False
belief_353,proposer,preserve,True,recommender,recommender,False,False,False,False
belief_353,seen,preserve,True,yes,yes,False,False,False,False
belief_353,recommendation_response,preserve,True,declined,declined,False,False,False,False
belief_354,proposer,preserve,True,recommender,recommender,False,False,False,False
belief_354,seen,retain_unknown,True,unknown,unknown,False,False,False,False
belief_354,recommendation_response,retain_unknown,True,unknown,unknown,False,False,False,False
belief_355,proposer,preserve,True,seeker,seeker,False,False,False,False
belief_355,seen,retain_unknown,True,unknown,unknown,False,False,False,False
belief_355,appraisal,preserve,True,likes,likes,False,False,False,False
belief_356,proposer,preserve,True,seeker,seeker,False,False,False,False
belief_356,seen,retain_unknown,True,unknown,unknown,False,False,False,False
belief_356,appraisal,preserve,True,likes,likes,False,False,False,False
belief_357,proposer,preserve,True,recommender,recommender,False,False,False,False
belief_357,seen,preserve,True,yes,yes,False,False,False,False
belief_357,recommendation_response,retain_unknown,True,unknown,unknown,False,False,False,False
belief_358,proposer,preserve,True,recommender,recommender,False,False,False,False
belief_358,seen,preserve,True,yes,yes,False,False,False,False
belief_358,recommendation_response,retain_unknown,True,unknown,unknown,False,False,False,False
belief_359,proposer,preserve,True,recommender,recommender,False,False,False,False
belief_359,seen,revise,True,yes,unknown,True,True,True,True
belief_359,recommendation_response,retain_unknown,True,unknown,unknown,False,False,False,False
belief_360,proposer,preserve,True,recommender,recommender,False,False,False,False
belief_360,seen,retain_unknown,True,unknown,unknown,False,False,False,False
belief_360,recommendation_response,preserve,True,declined,declined,False,False,False,False
belief_373,proposer,preserve,True,recommender,recommender,False,False,False,False
belief_373,seen,preserve,True,yes,yes,False,False,False,False
belief_373,recommendation_response,retain_unknown,True,unknown,unknown,False,False,False,False
belief_374,proposer,preserve,True,recommender,recommender,False,False,False,False
belief_374,seen,preserve,True,no,no,False,False,False,False
belief_374,recommendation_response,preserve,True,accepted,accepted,False,False,False,False
belief_375,proposer,preserve,True,recommender,recommender,False,False,False,False
belief_375,seen,revise,True,yes,unknown,True,True,True,True
belief_375,recommendation_response,preserve,True,declined,declined,False,False,False,False
belief_376,proposer,preserve,True,recommender,recommender,False,False,False,False
belief_376,seen,preserve,True,no,no,False,False,False,False
belief_376,recommendation_response,preserve,True,accepted,accepted,False,False,False,False
belief_377,proposer,preserve,True,recommender,recommender,False,False,False,False
belief_377,seen,retain_unknown,True,unknown,unknown,False,False,False,False
belief_377,recommendation_response,preserve,True,accepted,accepted,False,False,False,False
belief_378,proposer,preserve,True,seeker,seeker,False,False,False,False
belief_378,seen,preserve,True,yes,yes,False,False,False,False
belief_378,appraisal,preserve,True,likes,likes,False,False,False,False
belief_379,proposer,preserve,True,recommender,recommender,False,False,False,False
belief_379,seen,preserve,True,yes,yes,False,False,False,False
belief_379,recommendation_response,retain_unknown,True,unknown,unknown,False,False,False,False
belief_380,proposer,preserve,True,recommender,recommender,False,False,False,False
belief_380,seen,retain_unknown,True,unknown,unknown,False,False,False,False
belief_380,recommendation_response,preserve,True,declined,declined,False,False,False,False
belief_381,proposer,preserve,True,seeker,seeker,False,False,False,False
belief_381,seen,preserve,True,yes,yes,False,False,False,False
belief_381,appraisal,preserve,True,likes,likes,False,False,False,False
belief_382,proposer,preserve,True,recommender,recommender,False,False,False,False
belief_382,seen,retain_unknown,True,unknown,unknown,False,False,False,False
belief_382,recommendation_response,preserve,True,accepted,accepted,False,False,False,False
belief_391,proposer,preserve,True,recommender,recommender,False,False,False,False
belief_391,seen,retain_unknown,True,unknown,unknown,False,False,False,False
belief_391,recommendation_response,retain_unknown,True,unknown,unknown,False,False,False,False
belief_392,proposer,preserve,True,recommender,recommender,False,False,False,False
belief_392,seen,preserve,True,yes,yes,False,False,False,False
belief_392,recommendation_response,retain_unknown,True,unknown,unknown,False,False,False,False
belief_393,proposer,preserve,True,recommender,recommender,False,False,False,False
belief_393,seen,preserve,True,no,no,False,False,False,False
belief_393,recommendation_response,preserve,True,accepted,accepted,False,False,False,False
belief_394,proposer,preserve,True,recommender,recommender,False,False,False,False
belief_394,seen,preserve,True,no,no,False,False,False,False
belief_394,recommendation_response,preserve,True,accepted,accepted,False,False,False,False
belief_395,proposer,preserve,True,recommender,recommender,False,False,False,False
belief_395,seen,preserve,True,yes,yes,False,False,False,False
belief_395,recommendation_response,preserve,True,declined,declined,False,False,False,False
belief_396,proposer,preserve,True,recommender,recommender,False,False,False,False
belief_396,seen,preserve,True,yes,yes,False,False,False,False
belief_396,recommendation_response,retain_unknown,True,unknown,unknown,False,False,False,False
belief_397,proposer,preserve,True,recommender,recommender,False,False,False,False
belief_397,seen,retain_unknown,True,unknown,unknown,False,False,False,False
belief_397,recommendation_response,retain_unknown,True,unknown,unknown,False,False,False,False
belief_398,proposer,preserve,True,seeker,seeker,False,False,False,False
belief_398,seen,retain_unknown,True,unknown,unknown,False,False,False,False
belief_398,appraisal,preserve,True,likes,likes,False,False,False,False
belief_399,proposer,preserve,True,recommender,recommender,False,False,False,False
belief_399,seen,retain_unknown,True,unknown,unknown,False,False,False,False
belief_399,recommendation_response,preserve,True,declined,declined,False,False,False,False
belief_400,proposer,preserve,True,recommender,recommender,False,False,False,False
belief_400,seen,revise,True,yes,unknown,True,True,True,True
belief_400,recommendation_response,preserve,True,declined,declined,False,False,False,False
belief_401,proposer,preserve,True,seeker,seeker,False,False,False,False
belief_401,seen,retain_unknown,True,unknown,unknown,False,False,False,False
belief_401,appraisal,preserve,True,likes,likes,False,False,False,False
belief_402,proposer,preserve,True,recommender,recommender,False,False,False,False
belief_402,seen,preserve,True,yes,yes,False,False,False,False
belief_402,recommendation_response,retain_unknown,True,unknown,unknown,False,False,False,False
belief_403,proposer,preserve,True,recommender,recommender,False,False,False,False
belief_403,seen,retain_unknown,True,unknown,unknown,False,False,False,False
belief_403,recommendation_response,retain_unknown,True,unknown,unknown,False,False,False,False
belief_423,proposer,preserve,True,seeker,seeker,False,False,False,False
belief_423,seen,retain_unknown,True,unknown,unknown,False,False,False,False
belief_423,appraisal,preserve,True,likes,likes,False,False,False,False
belief_424,proposer,preserve,True,recommender,recommender,False,False,False,False
belief_424,seen,retain_unknown,True,unknown,unknown,False,False,False,False
belief_424,recommendation_response,preserve,True,accepted,accepted,False,False,False,False
belief_425,proposer,preserve,True,recommender,recommender,False,False,False,False
belief_425,seen,retain_unknown,True,unknown,unknown,False,False,False,False
belief_425,recommendation_response,retain_unknown,True,unknown,unknown,False,False,False,False
belief_426,proposer,preserve,True,recommender,recommender,False,False,False,False
belief_426,seen,preserve,True,no,no,False,False,False,False
belief_426,recommendation_response,preserve,True,declined,declined,False,False,False,False
belief_427,proposer,preserve,True,recommender,recommender,False,False,False,False
belief_427,seen,retain_unknown,True,unknown,unknown,False,False,False,False
belief_427,recommendation_response,retain_unknown,True,unknown,unknown,False,False,False,False
belief_428,proposer,preserve,True,recommender,recommender,False,False,False,False
belief_428,seen,preserve,True,yes,yes,False,False,False,False
belief_428,recommendation_response,preserve,True,declined,declined,False,False,False,False
belief_437,proposer,preserve,True,recommender,recommender,False,False,False,False
belief_437,seen,preserve,True,yes,yes,False,False,False,False
belief_437,recommendation_response,preserve,True,declined,declined,False,False,False,False
belief_438,proposer,preserve,True,recommender,recommender,False,False,False,False
belief_438,seen,preserve,True,no,no,False,False,False,False
belief_438,recommendation_response,preserve,True,declined,declined,False,False,False,False
belief_439,proposer,preserve,True,recommender,recommender,False,False,False,False
belief_439,seen,preserve,True,no,no,False,False,False,False
belief_439,recommendation_response,retain_unknown,True,unknown,unknown,False,False,False,False
belief_468,proposer,preserve,True,seeker,seeker,False,False,False,False
belief_468,seen,retain_unknown,True,unknown,unknown,False,False,False,False
belief_468,appraisal,preserve,True,likes,likes,False,False,False,False
belief_469,proposer,preserve,True,recommender,recommender,False,False,False,False
belief_469,seen,preserve,True,no,no,False,False,False,False
belief_469,recommendation_response,preserve,True,accepted,accepted,False,False,False,False
belief_470,proposer,preserve,True,recommender,recommender,False,False,False,False
belief_470,seen,preserve,True,yes,yes,False,False,False,False
belief_470,recommendation_response,preserve,True,declined,declined,False,False,False,False
belief_471,proposer,preserve,True,recommender,recommender,False,False,False,False
belief_471,seen,preserve,True,yes,yes,False,False,False,False
belief_471,recommendation_response,revise,True,unknown,accepted,True,True,True,False
belief_472,proposer,preserve,True,recommender,recommender,False,False,False,False
belief_472,seen,retain_unknown,True,unknown,unknown,False,False,False,False
belief_472,recommendation_response,retain_unknown,True,unknown,unknown,False,False,False,False
belief_489,proposer,preserve,True,recommender,recommender,False,False,False,False
belief_489,seen,preserve,True,no,no,False,False,False,False
belief_489,recommendation_response,preserve,True,declined,declined,False,False,False,False
belief_490,proposer,preserve,True,recommender,recommender,False,False,False,False
belief_490,seen,preserve,True,no,no,False,False,False,False
belief_490,recommendation_response,preserve,True,accepted,accepted,False,False,False,False
belief_491,proposer,preserve,True,seeker,seeker,False,False,False,False
belief_491,seen,retain_unknown,True,unknown,unknown,False,False,False,False
belief_491,appraisal,preserve,True,likes,likes,False,False,False,False
belief_492,proposer,preserve,True,recommender,recommender,False,False,False,False
belief_492,seen,revise,True,yes,unknown,True,True,True,True
belief_492,recommendation_response,revise,True,unknown,accepted,True,True,True,False
belief_493,proposer,preserve,True,seeker,seeker,False,False,False,False
belief_493,seen,retain_unknown,True,unknown,unknown,False,False,False,False
belief_493,appraisal,preserve,True,likes,likes,False,False,False,False
belief_494,proposer,preserve,True,recommender,recommender,False,False,False,False
belief_494,seen,revise,True,unknown,yes,True,True,True,False
belief_494,recommendation_response,retain_unknown,True,unknown,unknown,False,False,False,False
belief_515,proposer,preserve,True,recommender,recommender,False,False,False,False
belief_515,seen,retain_unknown,True,unknown,unknown,False,False,False,False
belief_515,recommendation_response,retain_unknown,True,unknown,unknown,False,False,False,False
belief_516,proposer,preserve,True,recommender,recommender,False,False,False,False
belief_516,seen,retain_unknown,True,unknown,unknown,False,False,False,False
belief_516,recommendation_response,retain_unknown,True,unknown,unknown,False,False,False,False
belief_517,proposer,preserve,True,recommender,recommender,False,False,False,False
belief_517,seen,revise,True,yes,unknown,True,True,True,True
belief_517,recommendation_response,retain_unknown,True,unknown,unknown,False,False,False,False
belief_591,proposer,preserve,True,recommender,recommender,False,False,False,False
belief_591,seen,preserve,True,yes,yes,False,False,False,False
belief_591,recommendation_response,retain_unknown,True,unknown,unknown,False,False,False,False
belief_592,proposer,preserve,True,recommender,recommender,False,False,False,False
belief_592,seen,preserve,True,yes,yes,False,False,False,False
belief_592,recommendation_response,retain_unknown,True,unknown,unknown,False,False,False,False
belief_593,proposer,preserve,True,recommender,recommender,False,False,False,False
belief_593,seen,retain_unknown,True,unknown,unknown,False,False,False,False
belief_593,recommendation_response,preserve,True,accepted,accepted,False,False,False,False
belief_594,proposer,preserve,True,recommender,recommender,False,False,False,False
belief_594,seen,retain_unknown,True,unknown,unknown,False,False,False,False
belief_594,recommendation_response,preserve,True,declined,declined,False,False,False,False
belief_595,proposer,preserve,True,recommender,recommender,False,False,False,False
belief_595,seen,preserve,True,yes,yes,False,False,False,False
belief_595,recommendation_response,retain_unknown,True,unknown,unknown,False,False,False,False
belief_645,proposer,preserve,True,recommender,recommender,False,False,False,False
belief_645,seen,retain_unknown,True,unknown,unknown,False,False,False,False
belief_645,recommendation_response,preserve,True,accepted,accepted,False,False,False,False
belief_646,proposer,preserve,True,seeker,seeker,False,False,False,False
belief_646,seen,revise,True,yes,unknown,True,True,True,True
belief_646,appraisal,preserve,True,likes,likes,False,False,False,False
belief_647,proposer,preserve,True,recommender,recommender,False,False,False,False
belief_647,seen,preserve,True,yes,yes,False,False,False,False
belief_647,recommendation_response,retain_unknown,True,unknown,unknown,False,False,False,False
belief_648,proposer,preserve,True,recommender,recommender,False,False,False,False
belief_648,seen,preserve,True,yes,yes,False,False,False,False
belief_648,recommendation_response,retain_unknown,True,unknown,unknown,False,False,False,False
belief_649,proposer,preserve,True,recommender,recommender,False,False,False,False
belief_649,seen,preserve,True,yes,yes,False,False,False,False
belief_649,recommendation_response,retain_unknown,True,unknown,unknown,False,False,False,False
belief_650,proposer,preserve,True,recommender,recommender,False,False,False,False
belief_650,seen,preserve,True,no,no,False,False,False,False
belief_650,recommendation_response,preserve,True,declined,declined,False,False,False,False
belief_651,proposer,preserve,True,recommender,recommender,False,False,False,False
belief_651,seen,preserve,True,no,no,False,False,False,False
belief_651,recommendation_response,preserve,True,accepted,accepted,False,False,False,False
belief_652,proposer,preserve,True,recommender,recommender,False,False,False,False
belief_652,seen,preserve,True,yes,yes,False,False,False,False
belief_652,recommendation_response,retain_unknown,True,unknown,unknown,False,False,False,False
belief_653,proposer,preserve,True,recommender,recommender,False,False,False,False
belief_653,seen,preserve,True,yes,yes,False,False,False,False
belief_653,recommendation_response,preserve,True,declined,declined,False,False,False,False
belief_654,proposer,preserve,True,recommender,recommender,False,False,False,False
belief_654,seen,preserve,True,yes,yes,False,False,False,False
belief_654,recommendation_response,retain_unknown,True,unknown,unknown,False,False,False,False
belief_724,proposer,preserve,True,recommender,recommender,False,False,False,False
belief_724,seen,retain_unknown,True,unknown,unknown,False,False,False,False
belief_724,recommendation_response,preserve,True,accepted,accepted,False,False,False,False
belief_725,proposer,preserve,True,recommender,recommender,False,False,False,False
belief_725,seen,preserve,True,no,no,False,False,False,False
belief_725,recommendation_response,retain_unknown,True,unknown,unknown,False,False,False,False
belief_726,proposer,preserve,True,recommender,recommender,False,False,False,False
belief_726,seen,preserve,True,yes,yes,False,False,False,False
belief_726,recommendation_response,retain_unknown,True,unknown,unknown,False,False,False,False
belief_727,proposer,preserve,True,recommender,recommender,False,False,False,False
belief_727,seen,retain_unknown,True,unknown,unknown,False,False,False,False
belief_727,recommendation_response,preserve,True,declined,declined,False,False,False,False
belief_728,proposer,preserve,True,seeker,seeker,False,False,False,False
belief_728,seen,retain_unknown,True,unknown,unknown,False,False,False,False
belief_728,appraisal,preserve,True,likes,likes,False,False,False,False
belief_776,proposer,preserve,True,recommender,recommender,False,False,False,False
belief_776,seen,retain_unknown,True,unknown,unknown,False,False,False,False
belief_776,recommendation_response,preserve,True,accepted,accepted,False,False,False,False
belief_777,proposer,preserve,True,seeker,seeker,False,False,False,False
belief_777,seen,retain_unknown,True,unknown,unknown,False,False,False,False
belief_777,appraisal,preserve,True,likes,likes,False,False,False,False
belief_778,proposer,preserve,True,seeker,seeker,False,False,False,False
belief_778,seen,retain_unknown,True,unknown,unknown,False,False,False,False
belief_778,appraisal,preserve,True,likes,likes,False,False,False,False
belief_779,proposer,preserve,True,recommender,recommender,False,False,False,False
belief_779,seen,retain_unknown,True,unknown,unknown,False,False,False,False
belief_779,recommendation_response,preserve,True,declined,declined,False,False,False,False
belief_833,proposer,preserve,True,recommender,recommender,False,False,False,False
belief_833,seen,retain_unknown,True,unknown,unknown,False,False,False,False
belief_833,recommendation_response,retain_unknown,True,unknown,unknown,False,False,False,False
belief_834,proposer,preserve,True,recommender,recommender,False,False,False,False
belief_834,seen,retain_unknown,True,unknown,unknown,False,False,False,False
belief_834,recommendation_response,retain_unknown,True,unknown,unknown,False,False,False,False
belief_835,proposer,preserve,True,recommender,recommender,False,False,False,False
belief_835,seen,retain_unknown,True,unknown,unknown,False,False,False,False
belief_835,recommendation_response,preserve,True,accepted,accepted,False,False,False,False
belief_836,proposer,preserve,True,recommender,recommender,False,False,False,False
belief_836,seen,preserve,True,no,no,False,False,False,False
belief_836,recommendation_response,preserve,True,accepted,accepted,False,False,False,False
belief_853,proposer,preserve,True,recommender,recommender,False,False,False,False
belief_853,seen,preserve,True,no,no,False,False,False,False
belief_853,recommendation_response,preserve,True,accepted,accepted,False,False,False,False
belief_854,proposer,preserve,True,seeker,seeker,False,False,False,False
belief_854,seen,revise,True,yes,unknown,True,True,True,True
belief_854,appraisal,preserve,True,likes,likes,False,False,False,False
belief_855,proposer,preserve,True,recommender,recommender,False,False,False,False
belief_855,seen,retain_unknown,True,unknown,unknown,False,False,False,False
belief_855,recommendation_response,retain_unknown,True,unknown,unknown,False,False,False,False
belief_856,proposer,preserve,True,recommender,recommender,False,False,False,False
belief_856,seen,preserve,True,yes,yes,False,False,False,False
belief_856,recommendation_response,retain_unknown,True,unknown,unknown,False,False,False,False
belief_857,proposer,preserve,True,seeker,seeker,False,False,False,False
belief_857,seen,revise,True,yes,unknown,True,True,True,True
belief_857,appraisal,preserve,True,likes,likes,False,False,False,False
belief_858,proposer,preserve,True,recommender,recommender,False,False,False,False
belief_858,seen,preserve,True,no,no,False,False,False,False
belief_858,recommendation_response,preserve,True,declined,declined,False,False,False,False
belief_877,proposer,preserve,True,recommender,recommender,False,False,False,False
belief_877,seen,preserve,True,yes,yes,False,False,False,False
belief_877,recommendation_response,revise,True,unknown,accepted,True,True,True,False
belief_878,proposer,preserve,True,recommender,recommender,False,False,False,False
belief_878,seen,revise,True,yes,no,True,True,False,False
belief_878,recommendation_response,retain_unknown,True,unknown,unknown,False,False,False,False
belief_879,proposer,preserve,True,recommender,recommender,False,False,False,False
belief_879,seen,retain_unknown,True,unknown,unknown,False,False,False,False
belief_879,recommendation_response,preserve,True,accepted,accepted,False,False,False,False
belief_880,proposer,preserve,True,seeker,seeker,False,False,False,False
belief_880,seen,retain_unknown,True,unknown,unknown,False,False,False,False
belief_880,appraisal,preserve,True,likes,likes,False,False,False,False
belief_881,proposer,preserve,True,seeker,seeker,False,False,False,False
belief_881,seen,retain_unknown,True,unknown,unknown,False,False,False,False
belief_881,appraisal,revise,True,likes,unknown,True,True,True,True
belief_882,proposer,preserve,True,recommender,recommender,False,False,False,False
belief_882,seen,preserve,True,no,no,False,False,False,False
belief_882,recommendation_response,preserve,True,declined,declined,False,False,False,False
belief_883,proposer,preserve,True,seeker,seeker,False,False,False,False
belief_883,seen,retain_unknown,True,unknown,unknown,False,False,False,False
belief_883,appraisal,preserve,True,likes,likes,False,False,False,False
belief_894,proposer,preserve,True,recommender,recommender,False,False,False,False
belief_894,seen,retain_unknown,True,unknown,unknown,False,False,False,False
belief_894,recommendation_response,preserve,True,accepted,accepted,False,False,False,False
belief_895,proposer,preserve,True,recommender,recommender,False,False,False,False
belief_895,seen,retain_unknown,True,unknown,unknown,False,False,False,False
belief_895,recommendation_response,preserve,True,accepted,accepted,False,False,False,False
belief_896,proposer,preserve,True,recommender,recommender,False,False,False,False
belief_896,seen,retain_unknown,True,unknown,unknown,False,False,False,False
belief_896,recommendation_response,preserve,True,accepted,accepted,False,False,False,False
belief_897,proposer,preserve,True,recommender,recommender,False,False,False,False
belief_897,seen,retain_unknown,True,unknown,unknown,False,False,False,False
belief_897,recommendation_response,retain_unknown,True,unknown,unknown,False,False,False,False
belief_898,proposer,preserve,True,recommender,recommender,False,False,False,False
belief_898,seen,retain_unknown,True,unknown,unknown,False,False,False,False
belief_898,recommendation_response,preserve,True,declined,declined,False,False,False,False
belief_923,proposer,preserve,True,seeker,seeker,False,False,False,False
belief_923,seen,retain_unknown,True,unknown,unknown,False,False,False,False
belief_923,appraisal,preserve,True,likes,likes,False,False,False,False
belief_924,proposer,preserve,True,recommender,recommender,False,False,False,False
belief_924,seen,preserve,True,no,no,False,False,False,False
belief_924,recommendation_response,retain_unknown,True,unknown,unknown,False,False,False,False
belief_925,proposer,preserve,True,recommender,recommender,False,False,False,False
belief_925,seen,retain_unknown,True,unknown,unknown,False,False,False,False
belief_925,recommendation_response,retain_unknown,True,unknown,unknown,False,False,False,False
belief_926,proposer,preserve,True,seeker,seeker,False,False,False,False
belief_926,seen,retain_unknown,True,unknown,unknown,False,False,False,False
belief_926,appraisal,preserve,True,likes,likes,False,False,False,False
belief_927,proposer,preserve,True,recommender,recommender,False,False,False,False
belief_927,seen,preserve,True,yes,yes,False,False,False,False
belief_927,recommendation_response,retain_unknown,True,unknown,unknown,False,False,False,False
belief_928,proposer,preserve,True,seeker,seeker,False,False,False,False
belief_928,seen,retain_unknown,True,unknown,unknown,False,False,False,False
belief_928,appraisal,revise,True,likes,unknown,True,True,True,True
belief_929,proposer,preserve,True,recommender,recommender,False,False,False,False
belief_929,seen,preserve,True,yes,yes,False,False,False,False
belief_929,recommendation_response,preserve,True,declined,declined,False,False,False,False
belief_933,proposer,preserve,True,recommender,recommender,False,False,False,False
belief_933,seen,revise,True,yes,unknown,True,True,True,True
belief_933,recommendation_response,retain_unknown,True,unknown,unknown,False,False,False,False
belief_934,proposer,preserve,True,recommender,recommender,False,False,False,False
belief_934,seen,preserve,True,yes,yes,False,False,False,False
belief_934,recommendation_response,retain_unknown,True,unknown,unknown,False,False,False,False
belief_935,proposer,preserve,True,recommender,recommender,False,False,False,False
belief_935,seen,preserve,True,yes,yes,False,False,False,False
belief_935,recommendation_response,retain_unknown,True,unknown,unknown,False,False,False,False
belief_936,proposer,preserve,True,recommender,recommender,False,False,False,False
belief_936,seen,preserve,True,no,no,False,False,False,False
belief_936,recommendation_response,preserve,True,accepted,accepted,False,False,False,False
belief_973,proposer,preserve,True,recommender,recommender,False,False,False,False
belief_973,seen,preserve,True,no,no,False,False,False,False
belief_973,recommendation_response,preserve,True,declined,declined,False,False,False,False
belief_974,proposer,preserve,True,recommender,recommender,False,False,False,False
belief_974,seen,preserve,True,no,no,False,False,False,False
belief_974,recommendation_response,retain_unknown,True,unknown,unknown,False,False,False,False
belief_975,proposer,preserve,True,recommender,recommender,False,False,False,False
belief_975,seen,revise,True,yes,unknown,True,True,True,True
belief_975,recommendation_response,retain_unknown,True,unknown,unknown,False,False,False,False
belief_976,proposer,preserve,True,recommender,recommender,False,False,False,False
belief_976,seen,revise,True,yes,unknown,True,True,True,True
belief_976,recommendation_response,retain_unknown,True,unknown,unknown,False,False,False,False
belief_977,proposer,preserve,True,recommender,recommender,False,False,False,False
belief_977,seen,retain_unknown,True,unknown,unknown,False,False,False,False
belief_977,recommendation_response,preserve,True,accepted,accepted,False,False,False,False
belief_978,proposer,preserve,True,recommender,recommender,False,False,False,False
belief_978,seen,preserve,True,no,no,False,False,False,False
belief_978,recommendation_response,preserve,True,declined,declined,False,False,False,False
belief_979,proposer,preserve,True,recommender,recommender,False,False,False,False
belief_979,seen,preserve,True,no,no,False,False,False,False
belief_979,recommendation_response,retain_unknown,True,unknown,unknown,False,False,False,False
belief_980,proposer,preserve,True,recommender,recommender,False,False,False,False
belief_980,seen,retain_unknown,True,unknown,unknown,False,False,False,False
belief_980,recommendation_response,retain_unknown,True,unknown,unknown,False,False,False,False
belief_981,proposer,preserve,True,seeker,seeker,False,False,False,False
belief_981,seen,retain_unknown,True,unknown,unknown,False,False,False,False
belief_981,appraisal,preserve,True,likes,likes,False,False,False,False
belief_982,proposer,preserve,True,recommender,recommender,False,False,False,False
belief_982,seen,preserve,True,yes,yes,False,False,False,False
belief_982,recommendation_response,preserve,True,declined,declined,False,False,False,False
belief_987,proposer,preserve,True,recommender,recommender,False,False,False,False
belief_987,seen,preserve,True,no,no,False,False,False,False
belief_987,recommendation_response,preserve,True,declined,declined,False,False,False,False
belief_988,proposer,preserve,True,recommender,recommender,False,False,False,False
belief_988,seen,preserve,True,no,no,False,False,False,False
belief_988,recommendation_response,preserve,True,declined,declined,False,False,False,False
belief_989,proposer,preserve,True,recommender,recommender,False,False,False,False
belief_989,seen,preserve,True,yes,yes,False,False,False,False
belief_989,recommendation_response,retain_unknown,True,unknown,unknown,False,False,False,False
belief_990,proposer,preserve,True,recommender,recommender,False,False,False,False
belief_990,seen,preserve,True,yes,yes,False,False,False,False
belief_990,recommendation_response,retain_unknown,True,unknown,unknown,False,False,False,False
belief_991,proposer,preserve,True,seeker,seeker,False,False,False,False
belief_991,seen,revise,True,yes,unknown,True,True,True,True
belief_991,appraisal,preserve,True,likes,likes,False,False,False,False
belief_992,proposer,preserve,True,seeker,seeker,False,False,False,False
belief_992,seen,revise,True,yes,unknown,True,True,True,True
belief_992,appraisal,preserve,True,likes,likes,False,False,False,False
belief_1020,proposer,preserve,True,recommender,recommender,False,False,False,False
belief_1020,seen,retain_unknown,True,unknown,unknown,False,False,False,False
belief_1020,recommendation_response,preserve,True,accepted,accepted,False,False,False,False
belief_1021,proposer,preserve,True,recommender,recommender,False,False,False,False
belief_1021,seen,retain_unknown,True,unknown,unknown,False,False,False,False
belief_1021,recommendation_response,preserve,True,declined,declined,False,False,False,False
belief_1022,proposer,preserve,True,recommender,recommender,False,False,False,False
belief_1022,seen,retain_unknown,True,unknown,unknown,False,False,False,False
belief_1022,recommendation_response,preserve,True,accepted,accepted,False,False,False,False
belief_1023,proposer,preserve,True,recommender,recommender,False,False,False,False
belief_1023,seen,retain_unknown,True,unknown,unknown,False,False,False,False
belief_1023,recommendation_response,preserve,True,accepted,accepted,False,False,False,False
belief_1033,proposer,preserve,True,recommender,recommender,False,False,False,False
belief_1033,seen,preserve,True,no,no,False,False,False,False
belief_1033,recommendation_response,retain_unknown,True,unknown,unknown,False,False,False,False
belief_1034,proposer,preserve,True,recommender,recommender,False,False,False,False
belief_1034,seen,preserve,True,yes,yes,False,False,False,False
belief_1034,recommendation_response,retain_unknown,True,unknown,unknown,False,False,False,False
belief_1035,proposer,preserve,True,recommender,recommender,False,False,False,False
belief_1035,seen,retain_unknown,True,unknown,unknown,False,False,False,False
belief_1035,recommendation_response,preserve,True,declined,declined,False,False,False,False
belief_1036,proposer,preserve,True,recommender,recommender,False,False,False,False
belief_1036,seen,preserve,True,yes,yes,False,False,False,False
belief_1036,recommendation_response,retain_unknown,True,unknown,unknown,False,False,False,False
belief_1064,proposer,preserve,True,recommender,recommender,False,False,False,False
belief_1064,seen,retain_unknown,True,unknown,unknown,False,False,False,False
belief_1064,recommendation_response,preserve,True,accepted,accepted,False,False,False,False
belief_1065,proposer,preserve,True,recommender,recommender,False,False,False,False
belief_1065,seen,preserve,True,yes,yes,False,False,False,False
belief_1065,recommendation_response,preserve,True,declined,declined,False,False,False,False
belief_1066,proposer,preserve,True,recommender,recommender,False,False,False,False
belief_1066,seen,preserve,True,no,no,False,False,False,False
belief_1066,recommendation_response,preserve,True,accepted,accepted,False,False,False,False
belief_1067,proposer,preserve,True,recommender,recommender,False,False,False,False
belief_1067,seen,preserve,True,yes,yes,False,False,False,False
belief_1067,recommendation_response,retain_unknown,True,unknown,unknown,False,False,False,False
belief_1076,proposer,preserve,True,recommender,recommender,False,False,False,False
belief_1076,seen,retain_unknown,True,unknown,unknown,False,False,False,False
belief_1076,recommendation_response,retain_unknown,True,unknown,unknown,False,False,False,False
belief_1077,proposer,preserve,True,recommender,recommender,False,False,False,False
belief_1077,seen,preserve,True,yes,yes,False,False,False,False
belief_1077,recommendation_response,retain_unknown,True,unknown,unknown,False,False,False,False
belief_1078,proposer,preserve,True,recommender,recommender,False,False,False,False
belief_1078,seen,retain_unknown,True,unknown,unknown,False,False,False,False
belief_1078,recommendation_response,preserve,True,accepted,accepted,False,False,False,False
belief_1079,proposer,preserve,True,seeker,seeker,False,False,False,False
belief_1079,seen,retain_unknown,True,unknown,unknown,False,False,False,False
belief_1079,appraisal,preserve,True,likes,likes,False,False,False,False
belief_1080,proposer,preserve,True,recommender,recommender,False,False,False,False
belief_1080,seen,retain_unknown,True,unknown,unknown,False,False,False,False
belief_1080,recommendation_response,preserve,True,declined,declined,False,False,False,False
belief_1081,proposer,preserve,True,recommender,recommender,False,False,False,False
belief_1081,seen,retain_unknown,True,unknown,unknown,False,False,False,False
belief_1081,recommendation_response,retain_unknown,True,unknown,unknown,False,False,False,False
belief_1082,proposer,preserve,True,recommender,recommender,False,False,False,False
belief_1082,seen,preserve,True,no,no,False,False,False,False
belief_1082,recommendation_response,retain_unknown,True,unknown,unknown,False,False,False,False
belief_1083,proposer,preserve,True,recommender,recommender,False,False,False,False
belief_1083,seen,preserve,True,yes,yes,False,False,False,False
belief_1083,recommendation_response,retain_unknown,True,unknown,unknown,False,False,False,False
belief_1084,proposer,preserve,True,recommender,recommender,False,False,False,False
belief_1084,seen,preserve,True,yes,yes,False,False,False,False
belief_1084,recommendation_response,retain_unknown,True,unknown,unknown,False,False,False,False
belief_1085,proposer,preserve,True,seeker,seeker,False,False,False,False
belief_1085,seen,preserve,True,yes,yes,False,False,False,False
belief_1085,appraisal,preserve,True,likes,likes,False,False,False,False
belief_1091,proposer,preserve,True,recommender,recommender,False,False,False,False
belief_1091,seen,preserve,True,no,no,False,False,False,False
belief_1091,recommendation_response,preserve,True,accepted,accepted,False,False,False,False
belief_1092,proposer,preserve,True,recommender,recommender,False,False,False,False
belief_1092,seen,retain_unknown,True,unknown,unknown,False,False,False,False
belief_1092,recommendation_response,preserve,True,accepted,accepted,False,False,False,False
belief_1093,proposer,preserve,True,recommender,recommender,False,False,False,False
belief_1093,seen,preserve,True,no,no,False,False,False,False
belief_1093,recommendation_response,preserve,True,accepted,accepted,False,False,False,False
belief_1094,proposer,preserve,True,recommender,recommender,False,False,False,False
belief_1094,seen,retain_unknown,True,unknown,unknown,False,False,False,False
belief_1094,recommendation_response,preserve,True,declined,declined,False,False,False,False
belief_1095,proposer,preserve,True,recommender,recommender,False,False,False,False
belief_1095,seen,preserve,True,no,no,False,False,False,False
belief_1095,recommendation_response,preserve,True,accepted,accepted,False,False,False,False
belief_1102,proposer,preserve,True,recommender,recommender,False,False,False,False
belief_1102,seen,revise,True,yes,unknown,True,True,True,True
belief_1102,recommendation_response,retain_unknown,True,unknown,unknown,False,False,False,False
belief_1103,proposer,preserve,True,recommender,recommender,False,False,False,False
belief_1103,seen,preserve,True,no,no,False,False,False,False
belief_1103,recommendation_response,preserve,True,accepted,accepted,False,False,False,False
belief_1104,proposer,preserve,True,seeker,seeker,False,False,False,False
belief_1104,seen,retain_unknown,True,unknown,unknown,False,False,False,False
belief_1104,appraisal,retain_unknown,True,unknown,unknown,False,False,False,False
belief_1105,proposer,preserve,True,seeker,seeker,False,False,False,False
belief_1105,seen,preserve,True,yes,yes,False,False,False,False
belief_1105,appraisal,preserve,True,likes,likes,False,False,False,False
belief_1106,proposer,preserve,True,recommender,recommender,False,False,False,False
belief_1106,seen,preserve,True,yes,yes,False,False,False,False
belief_1106,recommendation_response,preserve,True,declined,declined,False,False,False,False
belief_1107,proposer,preserve,True,recommender,recommender,False,False,False,False
belief_1107,seen,revise,True,unknown,yes,True,True,True,False
belief_1107,recommendation_response,retain_unknown,True,unknown,unknown,False,False,False,False
belief_1108,proposer,preserve,True,seeker,seeker,False,False,False,False
belief_1108,seen,preserve,True,yes,yes,False,False,False,False
belief_1108,appraisal,preserve,True,likes,likes,False,False,False,False
belief_1109,proposer,preserve,True,recommender,recommender,False,False,False,False
belief_1109,seen,preserve,True,no,no,False,False,False,False
belief_1109,recommendation_response,preserve,True,accepted,accepted,False,False,False,False
belief_1110,proposer,preserve,True,recommender,recommender,False,False,False,False
belief_1110,seen,preserve,True,yes,yes,False,False,False,False
belief_1110,recommendation_response,revise,True,unknown,declined,True,True,True,False
belief_1111,proposer,preserve,True,recommender,recommender,False,False,False,False
belief_1111,seen,revise,True,unknown,no,True,True,True,False
belief_1111,recommendation_response,retain_unknown,True,unknown,unknown,False,False,False,False
belief_1112,proposer,preserve,True,recommender,recommender,False,False,False,False
belief_1112,seen,preserve,True,no,no,False,False,False,False
belief_1112,recommendation_response,preserve,True,declined,declined,False,False,False,False
belief_1113,proposer,preserve,True,recommender,recommender,False,False,False,False
belief_1113,seen,preserve,True,no,no,False,False,False,False
belief_1113,recommendation_response,retain_unknown,True,unknown,unknown,False,False,False,False
belief_1135,proposer,preserve,True,recommender,recommender,False,False,False,False
belief_1135,seen,revise,True,yes,unknown,True,True,True,True
belief_1135,recommendation_response,retain_unknown,True,unknown,unknown,False,False,False,False
belief_1136,proposer,preserve,True,seeker,seeker,False,False,False,False
belief_1136,seen,revise,True,yes,unknown,True,True,True,True
belief_1136,appraisal,preserve,True,likes,likes,False,False,False,False
belief_1137,proposer,preserve,True,recommender,recommender,False,False,False,False
belief_1137,seen,retain_unknown,True,unknown,unknown,False,False,False,False
belief_1137,recommendation_response,retain_unknown,True,unknown,unknown,False,False,False,False
belief_1138,proposer,preserve,True,recommender,recommender,False,False,False,False
belief_1138,seen,retain_unknown,True,unknown,unknown,False,False,False,False
belief_1138,recommendation_response,preserve,True,accepted,accepted,False,False,False,False
belief_1139,proposer,preserve,True,recommender,recommender,False,False,False,False
belief_1139,seen,preserve,True,yes,yes,False,False,False,False
belief_1139,recommendation_response,preserve,True,declined,declined,False,False,False,False
belief_1212,proposer,preserve,True,recommender,recommender,False,False,False,False
belief_1212,seen,preserve,True,no,no,False,False,False,False
belief_1212,recommendation_response,preserve,True,accepted,accepted,False,False,False,False
belief_1213,proposer,preserve,True,recommender,recommender,False,False,False,False
belief_1213,seen,preserve,True,yes,yes,False,False,False,False
belief_1213,recommendation_response,preserve,True,declined,declined,False,False,False,False
belief_1214,proposer,preserve,True,recommender,recommender,False,False,False,False
belief_1214,seen,preserve,True,no,no,False,False,False,False
belief_1214,recommendation_response,preserve,True,accepted,accepted,False,False,False,False
belief_1215,proposer,preserve,True,recommender,recommender,False,False,False,False
belief_1215,seen,retain_unknown,True,unknown,unknown,False,False,False,False
belief_1215,recommendation_response,preserve,True,accepted,accepted,False,False,False,False
belief_1216,proposer,preserve,True,seeker,seeker,False,False,False,False
belief_1216,seen,preserve,True,yes,yes,False,False,False,False
belief_1216,appraisal,preserve,True,likes,likes,False,False,False,False
belief_1217,proposer,preserve,True,seeker,seeker,False,False,False,False
belief_1217,seen,preserve,True,yes,yes,False,False,False,False
belief_1217,appraisal,preserve,True,likes,likes,False,False,False,False
belief_1218,proposer,preserve,True,recommender,recommender,False,False,False,False
belief_1218,seen,preserve,True,no,no,False,False,False,False
belief_1218,recommendation_response,preserve,True,accepted,accepted,False,False,False,False
belief_1219,proposer,preserve,True,recommender,recommender,False,False,False,False
belief_1219,seen,preserve,True,no,no,False,False,False,False
belief_1219,recommendation_response,preserve,True,declined,declined,False,False,False,False
belief_1220,proposer,preserve,True,recommender,recommender,False,False,False,False
belief_1220,seen,preserve,True,no,no,False,False,False,False
belief_1220,recommendation_response,preserve,True,accepted,accepted,False,False,False,False
belief_1269,proposer,preserve,True,recommender,recommender,False,False,False,False
belief_1269,seen,retain_unknown,True,unknown,unknown,False,False,False,False
belief_1269,recommendation_response,preserve,True,accepted,accepted,False,False,False,False
belief_1270,proposer,preserve,True,recommender,recommender,False,False,False,False
belief_1270,seen,preserve,True,yes,yes,False,False,False,False
belief_1270,recommendation_response,preserve,True,declined,declined,False,False,False,False
belief_1271,proposer,preserve,True,recommender,recommender,False,False,False,False
belief_1271,seen,preserve,True,yes,yes,False,False,False,False
belief_1271,recommendation_response,retain_unknown,True,unknown,unknown,False,False,False,False
belief_1272,proposer,preserve,True,recommender,recommender,False,False,False,False
belief_1272,seen,retain_unknown,True,unknown,unknown,False,False,False,False
belief_1272,recommendation_response,preserve,True,accepted,accepted,False,False,False,False
belief_1273,proposer,preserve,True,recommender,recommender,False,False,False,False
belief_1273,seen,retain_unknown,True,unknown,unknown,False,False,False,False
belief_1273,recommendation_response,retain_unknown,True,unknown,unknown,False,False,False,False
belief_1278,proposer,preserve,True,recommender,recommender,False,False,False,False
belief_1278,seen,preserve,True,yes,yes,False,False,False,False
belief_1278,recommendation_response,preserve,True,declined,declined,False,False,False,False
belief_1279,proposer,preserve,True,recommender,recommender,False,False,False,False
belief_1279,seen,revise,True,unknown,yes,True,True,True,False
belief_1279,recommendation_response,retain_unknown,True,unknown,unknown,False,False,False,False
belief_1280,proposer,preserve,True,recommender,recommender,False,False,False,False
belief_1280,seen,preserve,True,no,no,False,False,False,False
belief_1280,recommendation_response,preserve,True,accepted,accepted,False,False,False,False
belief_1281,proposer,preserve,True,seeker,seeker,False,False,False,False
belief_1281,seen,retain_unknown,True,unknown,unknown,False,False,False,False
belief_1281,appraisal,preserve,True,likes,likes,False,False,False,False
belief_1282,proposer,preserve,True,recommender,recommender,False,False,False,False
belief_1282,seen,preserve,True,yes,yes,False,False,False,False
belief_1282,recommendation_response,retain_unknown,True,unknown,unknown,False,False,False,False
belief_1283,proposer,preserve,True,recommender,recommender,False,False,False,False
belief_1283,seen,retain_unknown,True,unknown,unknown,False,False,False,False
belief_1283,recommendation_response,preserve,True,declined,declined,False,False,False,False
belief_1284,proposer,preserve,True,recommender,recommender,False,False,False,False
belief_1284,seen,preserve,True,yes,yes,False,False,False,False
belief_1284,recommendation_response,retain_unknown,True,unknown,unknown,False,False,False,False
belief_1285,proposer,preserve,True,seeker,seeker,False,False,False,False
belief_1285,seen,preserve,True,yes,yes,False,False,False,False
belief_1285,appraisal,preserve,True,likes,likes,False,False,False,False
belief_1286,proposer,preserve,True,recommender,recommender,False,False,False,False
belief_1286,seen,retain_unknown,True,unknown,unknown,False,False,False,False
belief_1286,recommendation_response,preserve,True,accepted,accepted,False,False,False,False
belief_1287,proposer,preserve,True,recommender,recommender,False,False,False,False
belief_1287,seen,preserve,True,no,no,False,False,False,False
belief_1287,recommendation_response,preserve,True,accepted,accepted,False,False,False,False
belief_1316,proposer,preserve,True,recommender,recommender,False,False,False,False
belief_1316,seen,retain_unknown,True,unknown,unknown,False,False,False,False
belief_1316,recommendation_response,preserve,True,declined,declined,False,False,False,False
belief_1317,proposer,preserve,True,recommender,recommender,False,False,False,False
belief_1317,seen,preserve,True,yes,yes,False,False,False,False
belief_1317,recommendation_response,retain_unknown,True,unknown,unknown,False,False,False,False
belief_1318,proposer,preserve,True,recommender,recommender,False,False,False,False
belief_1318,seen,retain_unknown,True,unknown,unknown,False,False,False,False
belief_1318,recommendation_response,retain_unknown,True,unknown,unknown,False,False,False,False
belief_1319,proposer,preserve,True,seeker,seeker,False,False,False,False
belief_1319,seen,retain_unknown,True,unknown,unknown,False,False,False,False
belief_1319,appraisal,revise,True,likes,unknown,True,True,True,True
belief_1320,proposer,preserve,True,recommender,recommender,False,False,False,False
belief_1320,seen,preserve,True,no,no,False,False,False,False
belief_1320,recommendation_response,preserve,True,accepted,accepted,False,False,False,False
belief_1321,proposer,preserve,True,recommender,recommender,False,False,False,False
belief_1321,seen,retain_unknown,True,unknown,unknown,False,False,False,False
belief_1321,recommendation_response,preserve,True,accepted,accepted,False,False,False,False
belief_1345,proposer,preserve,True,recommender,recommender,False,False,False,False
belief_1345,seen,preserve,True,yes,yes,False,False,False,False
belief_1345,recommendation_response,retain_unknown,True,unknown,unknown,False,False,False,False
belief_1346,proposer,preserve,True,recommender,recommender,False,False,False,False
belief_1346,seen,retain_unknown,True,unknown,unknown,False,False,False,False
belief_1346,recommendation_response,preserve,True,accepted,accepted,False,False,False,False
belief_1347,proposer,preserve,True,recommender,recommender,False,False,False,False
belief_1347,seen,preserve,True,yes,yes,False,False,False,False
belief_1347,recommendation_response,retain_unknown,True,unknown,unknown,False,False,False,False
belief_1348,proposer,preserve,True,recommender,recommender,False,False,False,False
belief_1348,seen,preserve,True,no,no,False,False,False,False
belief_1348,recommendation_response,preserve,True,declined,declined,False,False,False,False
belief_1357,proposer,preserve,True,recommender,recommender,False,False,False,False
belief_1357,seen,retain_unknown,True,unknown,unknown,False,False,False,False
belief_1357,recommendation_response,preserve,True,declined,declined,False,False,False,False
belief_1358,proposer,preserve,True,recommender,recommender,False,False,False,False
belief_1358,seen,retain_unknown,True,unknown,unknown,False,False,False,False
belief_1358,recommendation_response,preserve,True,declined,declined,False,False,False,False
belief_1359,proposer,preserve,True,seeker,seeker,False,False,False,False
belief_1359,seen,retain_unknown,True,unknown,unknown,False,False,False,False
belief_1359,appraisal,preserve,True,likes,likes,False,False,False,False
belief_1360,proposer,preserve,True,recommender,recommender,False,False,False,False
belief_1360,seen,preserve,True,no,no,False,False,False,False
belief_1360,recommendation_response,preserve,True,accepted,accepted,False,False,False,False
belief_1417,proposer,preserve,True,seeker,seeker,False,False,False,False
belief_1417,seen,retain_unknown,True,unknown,unknown,False,False,False,False
belief_1417,appraisal,preserve,True,likes,likes,False,False,False,False
belief_1418,proposer,preserve,True,seeker,seeker,False,False,False,False
belief_1418,seen,retain_unknown,True,unknown,unknown,False,False,False,False
belief_1418,appraisal,preserve,True,likes,likes,False,False,False,False
belief_1419,proposer,preserve,True,recommender,recommender,False,False,False,False
belief_1419,seen,retain_unknown,True,unknown,unknown,False,False,False,False
belief_1419,recommendation_response,preserve,True,declined,declined,False,False,False,False
belief_1420,proposer,preserve,True,recommender,recommender,False,False,False,False
belief_1420,seen,preserve,True,no,no,False,False,False,False
belief_1420,recommendation_response,preserve,True,accepted,accepted,False,False,False,False
belief_1421,proposer,preserve,True,recommender,recommender,False,False,False,False
belief_1421,seen,preserve,True,yes,yes,False,False,False,False
belief_1421,recommendation_response,revise,True,unknown,accepted,True,True,True,False
belief_1422,proposer,preserve,True,recommender,recommender,False,False,False,False
belief_1422,seen,preserve,True,yes,yes,False,False,False,False
belief_1422,recommendation_response,retain_unknown,True,unknown,unknown,False,False,False,False
belief_1460,proposer,preserve,True,recommender,recommender,False,False,False,False
belief_1460,seen,revise,True,yes,unknown,True,True,True,True
belief_1460,recommendation_response,revise,True,unknown,accepted,True,True,True,False
belief_1461,proposer,preserve,True,recommender,recommender,False,False,False,False
belief_1461,seen,preserve,True,no,no,False,False,False,False
belief_1461,recommendation_response,preserve,True,declined,declined,False,False,False,False
belief_1462,proposer,preserve,True,seeker,seeker,False,False,False,False
belief_1462,seen,retain_unknown,True,unknown,unknown,False,False,False,False
belief_1462,appraisal,preserve,True,likes,likes,False,False,False,False
belief_1463,proposer,preserve,True,seeker,seeker,False,False,False,False
belief_1463,seen,retain_unknown,True,unknown,unknown,False,False,False,False
belief_1463,appraisal,preserve,True,likes,likes,False,False,False,False
belief_1469,proposer,preserve,True,recommender,recommender,False,False,False,False
belief_1469,seen,retain_unknown,True,unknown,unknown,False,False,False,False
belief_1469,recommendation_response,retain_unknown,True,unknown,unknown,False,False,False,False
belief_1470,proposer,preserve,True,recommender,recommender,False,False,False,False
belief_1470,seen,preserve,True,yes,yes,False,False,False,False
belief_1470,recommendation_response,preserve,True,declined,declined,False,False,False,False
belief_1526,proposer,preserve,True,recommender,recommender,False,False,False,False
belief_1526,seen,retain_unknown,True,unknown,unknown,False,False,False,False
belief_1526,recommendation_response,preserve,True,accepted,accepted,False,False,False,False
belief_1527,proposer,preserve,True,recommender,recommender,False,False,False,False
belief_1527,seen,revise,True,yes,no,True,True,False,False
belief_1527,recommendation_response,revise,True,unknown,accepted,True,True,True,False
belief_1528,proposer,preserve,True,seeker,seeker,False,False,False,False
belief_1528,seen,retain_unknown,True,unknown,unknown,False,False,False,False
belief_1528,appraisal,preserve,True,likes,likes,False,False,False,False
belief_1529,proposer,preserve,True,seeker,seeker,False,False,False,False
belief_1529,seen,retain_unknown,True,unknown,unknown,False,False,False,False
belief_1529,appraisal,preserve,True,likes,likes,False,False,False,False
belief_1530,proposer,preserve,True,recommender,recommender,False,False,False,False
belief_1530,seen,preserve,True,yes,yes,False,False,False,False
belief_1530,recommendation_response,revise,True,unknown,accepted,True,True,True,False
belief_1531,proposer,preserve,True,recommender,recommender,False,False,False,False
belief_1531,seen,preserve,True,no,no,False,False,False,False
belief_1531,recommendation_response,preserve,True,declined,declined,False,False,False,False
belief_1571,proposer,preserve,True,recommender,recommender,False,False,False,False
belief_1571,seen,retain_unknown,True,unknown,unknown,False,False,False,False
belief_1571,recommendation_response,preserve,True,declined,declined,False,False,False,False
belief_1572,proposer,preserve,True,recommender,recommender,False,False,False,False
belief_1572,seen,retain_unknown,True,unknown,unknown,False,False,False,False
belief_1572,recommendation_response,preserve,True,declined,declined,False,False,False,False
belief_1573,proposer,preserve,True,seeker,seeker,False,False,False,False
belief_1573,seen,retain_unknown,True,unknown,unknown,False,False,False,False
belief_1573,appraisal,revise,True,likes,unknown,True,True,True,True
belief_1574,proposer,preserve,True,seeker,seeker,False,False,False,False
belief_1574,seen,retain_unknown,True,unknown,unknown,False,False,False,False
belief_1574,appraisal,preserve,True,likes,likes,False,False,False,False
belief_1575,proposer,preserve,True,recommender,recommender,False,False,False,False
belief_1575,seen,preserve,True,yes,yes,False,False,False,False
belief_1575,recommendation_response,retain_unknown,True,unknown,unknown,False,False,False,False
belief_1592,proposer,preserve,True,seeker,seeker,False,False,False,False
belief_1592,seen,retain_unknown,True,unknown,unknown,False,False,False,False
belief_1592,appraisal,retain_unknown,True,unknown,unknown,False,False,False,False
belief_1593,proposer,preserve,True,recommender,recommender,False,False,False,False
belief_1593,seen,preserve,True,yes,yes,False,False,False,False
belief_1593,recommendation_response,retain_unknown,True,unknown,unknown,False,False,False,False
belief_1594,proposer,preserve,True,recommender,recommender,False,False,False,False
belief_1594,seen,preserve,True,yes,yes,False,False,False,False
belief_1594,recommendation_response,retain_unknown,True,unknown,unknown,False,False,False,False
belief_1595,proposer,preserve,True,recommender,recommender,False,False,False,False
belief_1595,seen,preserve,True,yes,yes,False,False,False,False
belief_1595,recommendation_response,retain_unknown,True,unknown,unknown,False,False,False,False
belief_1609,proposer,preserve,True,recommender,recommender,False,False,False,False
belief_1609,seen,preserve,True,yes,yes,False,False,False,False
belief_1609,recommendation_response,preserve,True,declined,declined,False,False,False,False
belief_1610,proposer,preserve,True,recommender,recommender,False,False,False,False
belief_1610,seen,preserve,True,yes,yes,False,False,False,False
belief_1610,recommendation_response,retain_unknown,True,unknown,unknown,False,False,False,False
belief_1611,proposer,preserve,True,recommender,recommender,False,False,False,False
belief_1611,seen,preserve,True,yes,yes,False,False,False,False
belief_1611,recommendation_response,retain_unknown,True,unknown,unknown,False,False,False,False
belief_1612,proposer,preserve,True,recommender,recommender,False,False,False,False
belief_1612,seen,retain_unknown,True,unknown,unknown,False,False,False,False
belief_1612,recommendation_response,retain_unknown,True,unknown,unknown,False,False,False,False
belief_1613,proposer,preserve,True,recommender,recommender,False,False,False,False
belief_1613,seen,retain_unknown,True,unknown,unknown,False,False,False,False
belief_1613,recommendation_response,retain_unknown,True,unknown,unknown,False,False,False,False
belief_1614,proposer,preserve,True,seeker,seeker,False,False,False,False
belief_1614,seen,retain_unknown,True,unknown,unknown,False,False,False,False
belief_1614,appraisal,retain_unknown,True,unknown,unknown,False,False,False,False
belief_1615,proposer,preserve,True,recommender,recommender,False,False,False,False
belief_1615,seen,retain_unknown,True,unknown,unknown,False,False,False,False
belief_1615,recommendation_response,retain_unknown,True,unknown,unknown,False,False,False,False
belief_1616,proposer,preserve,True,seeker,seeker,False,False,False,False
belief_1616,seen,retain_unknown,True,unknown,unknown,False,False,False,False
belief_1616,appraisal,preserve,True,likes,likes,False,False,False,False
belief_1617,proposer,preserve,True,recommender,recommender,False,False,False,False
belief_1617,seen,retain_unknown,True,unknown,unknown,False,False,False,False
belief_1617,recommendation_response,retain_unknown,True,unknown,unknown,False,False,False,False
belief_1618,proposer,preserve,True,seeker,seeker,False,False,False,False
belief_1618,seen,retain_unknown,True,unknown,unknown,False,False,False,False
belief_1618,appraisal,retain_unknown,True,unknown,unknown,False,False,False,False
belief_1619,proposer,preserve,True,recommender,recommender,False,False,False,False
belief_1619,seen,preserve,True,yes,yes,False,False,False,False
belief_1619,recommendation_response,retain_unknown,True,unknown,unknown,False,False,False,False
belief_1620,proposer,preserve,True,recommender,recommender,False,False,False,False
belief_1620,seen,preserve,True,yes,yes,False,False,False,False
belief_1620,recommendation_response,preserve,True,declined,declined,False,False,False,False
belief_1621,proposer,preserve,True,recommender,recommender,False,False,False,False
belief_1621,seen,preserve,True,yes,yes,False,False,False,False
belief_1621,recommendation_response,retain_unknown,True,unknown,unknown,False,False,False,False
belief_1622,proposer,preserve,True,recommender,recommender,False,False,False,False
belief_1622,seen,preserve,True,yes,yes,False,False,False,False
belief_1622,recommendation_response,preserve,True,declined,declined,False,False,False,False
belief_1631,proposer,preserve,True,recommender,recommender,False,False,False,False
belief_1631,seen,retain_unknown,True,unknown,unknown,False,False,False,False
belief_1631,recommendation_response,preserve,True,accepted,accepted,False,False,False,False
belief_1632,proposer,preserve,True,recommender,recommender,False,False,False,False
belief_1632,seen,preserve,True,yes,yes,False,False,False,False
belief_1632,recommendation_response,retain_unknown,True,unknown,unknown,False,False,False,False
belief_1633,proposer,preserve,True,recommender,recommender,False,False,False,False
belief_1633,seen,preserve,True,yes,yes,False,False,False,False
belief_1633,recommendation_response,retain_unknown,True,unknown,unknown,False,False,False,False
belief_1634,proposer,preserve,True,recommender,recommender,False,False,False,False
belief_1634,seen,retain_unknown,True,unknown,unknown,False,False,False,False
belief_1634,recommendation_response,preserve,True,declined,declined,False,False,False,False
belief_1640,proposer,preserve,True,recommender,recommender,False,False,False,False
belief_1640,seen,preserve,True,yes,yes,False,False,False,False
belief_1640,recommendation_response,retain_unknown,True,unknown,unknown,False,False,False,False
belief_1641,proposer,preserve,True,recommender,recommender,False,False,False,False
belief_1641,seen,retain_unknown,True,unknown,unknown,False,False,False,False
belief_1641,recommendation_response,preserve,True,accepted,accepted,False,False,False,False
belief_1642,proposer,preserve,True,recommender,recommender,False,False,False,False
belief_1642,seen,preserve,True,no,no,False,False,False,False
belief_1642,recommendation_response,preserve,True,declined,declined,False,False,False,False
belief_1643,proposer,preserve,True,recommender,recommender,False,False,False,False
belief_1643,seen,preserve,True,no,no,False,False,False,False
belief_1643,recommendation_response,preserve,True,declined,declined,False,False,False,False
belief_1672,proposer,preserve,True,recommender,recommender,False,False,False,False
belief_1672,seen,preserve,True,yes,yes,False,False,False,False
belief_1672,recommendation_response,retain_unknown,True,unknown,unknown,False,False,False,False
belief_1673,proposer,preserve,True,recommender,recommender,False,False,False,False
belief_1673,seen,preserve,True,no,no,False,False,False,False
belief_1673,recommendation_response,preserve,True,declined,declined,False,False,False,False
belief_1674,proposer,preserve,True,seeker,seeker,False,False,False,False
belief_1674,seen,retain_unknown,True,unknown,unknown,False,False,False,False
belief_1674,appraisal,preserve,True,likes,likes,False,False,False,False
belief_1675,proposer,preserve,True,recommender,recommender,False,False,False,False
belief_1675,seen,retain_unknown,True,unknown,unknown,False,False,False,False
belief_1675,recommendation_response,preserve,True,accepted,accepted,False,False,False,False
belief_1676,proposer,preserve,True,recommender,recommender,False,False,False,False
belief_1676,seen,preserve,True,no,no,False,False,False,False
belief_1676,recommendation_response,retain_unknown,True,unknown,unknown,False,False,False,False
belief_1677,proposer,preserve,True,recommender,recommender,False,False,False,False
belief_1677,seen,revise,True,yes,unknown,True,True,True,True
belief_1677,recommendation_response,retain_unknown,True,unknown,unknown,False,False,False,False
belief_1678,proposer,preserve,True,recommender,recommender,False,False,False,False
belief_1678,seen,retain_unknown,True,unknown,unknown,False,False,False,False
belief_1678,recommendation_response,preserve,True,accepted,accepted,False,False,False,False
belief_1679,proposer,preserve,True,recommender,recommender,False,False,False,False
belief_1679,seen,preserve,True,no,no,False,False,False,False
belief_1679,recommendation_response,preserve,True,accepted,accepted,False,False,False,False
belief_1680,proposer,preserve,True,recommender,recommender,False,False,False,False
belief_1680,seen,preserve,True,yes,yes,False,False,False,False
belief_1680,recommendation_response,preserve,True,declined,declined,False,False,False,False
belief_1681,proposer,preserve,True,seeker,seeker,False,False,False,False
belief_1681,seen,revise,True,yes,unknown,True,True,True,True
belief_1681,appraisal,preserve,True,likes,likes,False,False,False,False
belief_1685,proposer,preserve,True,recommender,recommender,False,False,False,False
belief_1685,seen,preserve,True,yes,yes,False,False,False,False
belief_1685,recommendation_response,preserve,True,declined,declined,False,False,False,False
belief_1686,proposer,preserve,True,recommender,recommender,False,False,False,False
belief_1686,seen,preserve,True,yes,yes,False,False,False,False
belief_1686,recommendation_response,preserve,True,declined,declined,False,False,False,False
belief_1687,proposer,preserve,True,recommender,recommender,False,False,False,False
belief_1687,seen,retain_unknown,True,unknown,unknown,False,False,False,False
belief_1687,recommendation_response,preserve,True,accepted,accepted,False,False,False,False
belief_1688,proposer,preserve,True,recommender,recommender,False,False,False,False
belief_1688,seen,retain_unknown,True,unknown,unknown,False,False,False,False
belief_1688,recommendation_response,retain_unknown,True,unknown,unknown,False,False,False,False
belief_1689,proposer,preserve,True,seeker,seeker,False,False,False,False
belief_1689,seen,retain_unknown,True,unknown,unknown,False,False,False,False
belief_1689,appraisal,preserve,True,likes,likes,False,False,False,False
belief_1746,proposer,preserve,True,recommender,recommender,False,False,False,False
belief_1746,seen,preserve,True,yes,yes,False,False,False,False
belief_1746,recommendation_response,preserve,True,declined,declined,False,False,False,False
belief_1747,proposer,preserve,True,recommender,recommender,False,False,False,False
belief_1747,seen,preserve,True,yes,yes,False,False,False,False
belief_1747,recommendation_response,preserve,True,declined,declined,False,False,False,False
belief_1748,proposer,preserve,True,recommender,recommender,False,False,False,False
belief_1748,seen,preserve,True,no,no,False,False,False,False
belief_1748,recommendation_response,preserve,True,accepted,accepted,False,False,False,False
belief_1749,proposer,preserve,True,seeker,seeker,False,False,False,False
belief_1749,seen,revise,True,yes,unknown,True,True,True,True
belief_1749,appraisal,preserve,True,likes,likes,False,False,False,False
belief_1750,proposer,preserve,True,seeker,seeker,False,False,False,False
belief_1750,seen,preserve,True,yes,yes,False,False,False,False
belief_1750,appraisal,preserve,True,likes,likes,False,False,False,False
desire_0,intends_to_watch,preserve,True,yes,yes,False,False,False,False
desire_1,intends_to_watch,preserve,True,yes,yes,False,False,False,False
desire_2,intends_to_watch,preserve,True,no,no,False,False,False,False
desire_3,intends_to_watch,retain_unknown,True,unknown,unknown,False,False,False,False
desire_4,intends_to_watch,preserve,True,yes,yes,False,False,False,False
desire_93,intends_to_watch,retain_unknown,True,unknown,unknown,False,False,False,False
desire_94,intends_to_watch,preserve,True,no,no,False,False,False,False
desire_95,intends_to_watch,preserve,True,yes,yes,False,False,False,False
desire_96,intends_to_watch,retain_unknown,True,unknown,unknown,False,False,False,False
desire_97,intends_to_watch,retain_unknown,True,unknown,unknown,False,False,False,False
desire_98,intends_to_watch,retain_unknown,True,unknown,unknown,False,False,False,False
desire_99,intends_to_watch,retain_unknown,True,unknown,unknown,False,False,False,False
desire_106,intends_to_watch,preserve,True,no,no,False,False,False,False
desire_107,intends_to_watch,preserve,True,yes,yes,False,False,False,False
desire_108,intends_to_watch,preserve,True,yes,yes,False,False,False,False
desire_109,intends_to_watch,retain_unknown,True,unknown,unknown,False,False,False,False
desire_110,intends_to_watch,preserve,True,no,no,False,False,False,False
desire_111,intends_to_watch,preserve,True,yes,yes,False,False,False,False
desire_112,intends_to_watch,preserve,True,yes,yes,False,False,False,False
desire_163,intends_to_watch,preserve,True,yes,yes,False,False,False,False
desire_164,intends_to_watch,preserve,True,yes,yes,False,False,False,False
desire_165,intends_to_watch,preserve,True,yes,yes,False,False,False,False
desire_166,intends_to_watch,preserve,True,yes,yes,False,False,False,False
desire_167,intends_to_watch,preserve,True,no,no,False,False,False,False
desire_181,intends_to_watch,preserve,True,yes,yes,False,False,False,False
desire_182,intends_to_watch,preserve,True,yes,yes,False,False,False,False
desire_183,intends_to_watch,preserve,True,yes,yes,False,False,False,False
desire_184,intends_to_watch,preserve,True,no,no,False,False,False,False
desire_185,intends_to_watch,preserve,True,yes,yes,False,False,False,False
desire_186,intends_to_watch,preserve,True,yes,yes,False,False,False,False
desire_187,intends_to_watch,preserve,True,yes,yes,False,False,False,False
desire_188,intends_to_watch,preserve,True,yes,yes,False,False,False,False
desire_189,intends_to_watch,preserve,True,no,no,False,False,False,False
desire_195,intends_to_watch,preserve,True,yes,yes,False,False,False,False
desire_196,intends_to_watch,preserve,True,yes,yes,False,False,False,False
desire_197,intends_to_watch,preserve,True,no,no,False,False,False,False
desire_198,intends_to_watch,retain_unknown,True,unknown,unknown,False,False,False,False
desire_227,intends_to_watch,preserve,True,no,no,False,False,False,False
desire_228,intends_to_watch,preserve,True,yes,yes,False,False,False,False
desire_229,intends_to_watch,retain_unknown,True,unknown,unknown,False,False,False,False
desire_230,intends_to_watch,preserve,True,yes,yes,False,False,False,False
desire_231,intends_to_watch,preserve,True,yes,yes,False,False,False,False
desire_253,intends_to_watch,preserve,True,yes,yes,False,False,False,False
desire_254,intends_to_watch,preserve,True,yes,yes,False,False,False,False
desire_255,intends_to_watch,preserve,True,yes,yes,False,False,False,False
desire_256,intends_to_watch,preserve,True,no,no,False,False,False,False
desire_257,intends_to_watch,preserve,True,yes,yes,False,False,False,False
desire_258,intends_to_watch,retain_unknown,True,unknown,unknown,False,False,False,False
desire_259,intends_to_watch,preserve,True,yes,yes,False,False,False,False
desire_260,intends_to_watch,preserve,True,yes,yes,False,False,False,False
desire_261,intends_to_watch,preserve,True,no,no,False,False,False,False
desire_271,intends_to_watch,preserve,True,yes,yes,False,False,False,False
desire_272,intends_to_watch,preserve,True,yes,yes,False,False,False,False
desire_273,intends_to_watch,preserve,True,no,no,False,False,False,False
desire_274,intends_to_watch,preserve,True,yes,yes,False,False,False,False
desire_275,intends_to_watch,preserve,True,yes,yes,False,False,False,False
desire_276,intends_to_watch,preserve,True,yes,yes,False,False,False,False
desire_277,intends_to_watch,preserve,True,no,no,False,False,False,False
desire_278,intends_to_watch,preserve,True,yes,yes,False,False,False,False
desire_287,intends_to_watch,preserve,True,yes,yes,False,False,False,False
desire_288,intends_to_watch,preserve,True,yes,yes,False,False,False,False
desire_289,intends_to_watch,preserve,True,yes,yes,False,False,False,False
desire_290,intends_to_watch,preserve,True,yes,yes,False,False,False,False
desire_291,intends_to_watch,preserve,True,no,no,False,False,False,False
desire_292,intends_to_watch,preserve,True,yes,yes,False,False,False,False
desire_293,intends_to_watch,retain_unknown,True,unknown,unknown,False,False,False,False
desire_294,intends_to_watch,preserve,True,no,no,False,False,False,False
desire_295,intends_to_watch,preserve,True,yes,yes,False,False,False,False
desire_296,intends_to_watch,preserve,True,yes,yes,False,False,False,False
desire_297,intends_to_watch,retain_unknown,True,unknown,unknown,False,False,False,False
desire_315,intends_to_watch,preserve,True,yes,yes,False,False,False,False
desire_316,intends_to_watch,preserve,True,yes,yes,False,False,False,False
desire_317,intends_to_watch,preserve,True,no,no,False,False,False,False
desire_318,intends_to_watch,retain_unknown,True,unknown,unknown,False,False,False,False
desire_319,intends_to_watch,preserve,True,no,no,False,False,False,False
desire_327,intends_to_watch,preserve,True,no,no,False,False,False,False
desire_328,intends_to_watch,retain_unknown,True,unknown,unknown,False,False,False,False
desire_329,intends_to_watch,retain_unknown,True,unknown,unknown,False,False,False,False
desire_354,intends_to_watch,preserve,True,yes,yes,False,False,False,False
desire_355,intends_to_watch,preserve,True,no,no,False,False,False,False
desire_356,intends_to_watch,preserve,True,yes,yes,False,False,False,False
desire_357,intends_to_watch,preserve,True,yes,yes,False,False,False,False
desire_373,intends_to_watch,retain_unknown,True,unknown,unknown,False,False,False,False
desire_374,intends_to_watch,preserve,True,yes,yes,False,False,False,False
desire_375,intends_to_watch,preserve,True,yes,yes,False,False,False,False
desire_376,intends_to_watch,preserve,True,yes,yes,False,False,False,False
desire_393,intends_to_watch,preserve,True,yes,yes,False,False,False,False
desire_394,intends_to_watch,preserve,True,yes,yes,False,False,False,False
desire_395,intends_to_watch,preserve,True,yes,yes,False,False,False,False
desire_454,intends_to_watch,preserve,True,yes,yes,False,False,False,False
desire_455,intends_to_watch,preserve,True,yes,yes,False,False,False,False
desire_456,intends_to_watch,preserve,True,yes,yes,False,False,False,False
desire_457,intends_to_watch,preserve,True,no,no,False,False,False,False
desire_458,intends_to_watch,retain_unknown,True,unknown,unknown,False,False,False,False
desire_502,intends_to_watch,preserve,True,yes,yes,False,False,False,False
desire_503,intends_to_watch,retain_unknown,True,unknown,unknown,False,False,False,False
desire_504,intends_to_watch,preserve,True,yes,yes,False,False,False,False
desire_505,intends_to_watch,preserve,True,yes,yes,False,False,False,False
desire_506,intends_to_watch,preserve,True,no,no,False,False,False,False
desire_507,intends_to_watch,preserve,True,yes,yes,False,False,False,False
desire_508,intends_to_watch,preserve,True,yes,yes,False,False,False,False
desire_509,intends_to_watch,preserve,True,no,no,False,False,False,False
desire_510,intends_to_watch,preserve,True,yes,yes,False,False,False,False
desire_573,intends_to_watch,preserve,True,yes,yes,False,False,False,False
desire_574,intends_to_watch,retain_unknown,True,unknown,unknown,False,False,False,False
desire_575,intends_to_watch,preserve,True,yes,yes,False,False,False,False
desire_576,intends_to_watch,preserve,True,no,no,False,False,False,False
desire_615,intends_to_watch,preserve,True,yes,yes,False,False,False,False
desire_616,intends_to_watch,preserve,True,yes,yes,False,False,False,False
desire_617,intends_to_watch,preserve,True,no,no,False,False,False,False
desire_664,intends_to_watch,retain_unknown,True,unknown,unknown,False,False,False,False
desire_665,intends_to_watch,preserve,True,yes,yes,False,False,False,False
desire_666,intends_to_watch,preserve,True,yes,yes,False,False,False,False
desire_667,intends_to_watch,preserve,True,yes,yes,False,False,False,False
desire_680,intends_to_watch,preserve,True,yes,yes,False,False,False,False
desire_681,intends_to_watch,retain_unknown,True,unknown,unknown,False,False,False,False
desire_682,intends_to_watch,preserve,True,yes,yes,False,False,False,False
desire_683,intends_to_watch,preserve,True,no,no,False,False,False,False
desire_697,intends_to_watch,preserve,True,yes,yes,False,False,False,False
desire_698,intends_to_watch,preserve,True,no,no,False,False,False,False
desire_699,intends_to_watch,preserve,True,yes,yes,False,False,False,False
desire_700,intends_to_watch,preserve,True,yes,yes,False,False,False,False
desire_701,intends_to_watch,preserve,True,no,no,False,False,False,False
desire_702,intends_to_watch,preserve,True,no,no,False,False,False,False
desire_703,intends_to_watch,preserve,True,no,no,False,False,False,False
desire_714,intends_to_watch,preserve,True,yes,yes,False,False,False,False
desire_715,intends_to_watch,preserve,True,yes,yes,False,False,False,False
desire_716,intends_to_watch,preserve,True,yes,yes,False,False,False,False
desire_717,intends_to_watch,retain_unknown,True,unknown,unknown,False,False,False,False
desire_718,intends_to_watch,preserve,True,no,no,False,False,False,False
desire_740,intends_to_watch,retain_unknown,True,unknown,unknown,False,False,False,False
desire_741,intends_to_watch,preserve,True,yes,yes,False,False,False,False
desire_742,intends_to_watch,preserve,True,yes,yes,False,False,False,False
desire_743,intends_to_watch,preserve,True,no,no,False,False,False,False
desire_747,intends_to_watch,preserve,True,yes,yes,False,False,False,False
desire_748,intends_to_watch,preserve,True,yes,yes,False,False,False,False
desire_749,intends_to_watch,preserve,True,no,no,False,False,False,False
desire_750,intends_to_watch,preserve,True,yes,yes,False,False,False,False
desire_788,intends_to_watch,preserve,True,no,no,False,False,False,False
desire_789,intends_to_watch,retain_unknown,True,unknown,unknown,False,False,False,False
desire_790,intends_to_watch,preserve,True,yes,yes,False,False,False,False
desire_791,intends_to_watch,preserve,True,yes,yes,False,False,False,False
desire_792,intends_to_watch,preserve,True,yes,yes,False,False,False,False
desire_793,intends_to_watch,preserve,True,no,no,False,False,False,False
desire_794,intends_to_watch,retain_unknown,True,unknown,unknown,False,False,False,False
desire_795,intends_to_watch,preserve,True,yes,yes,False,False,False,False
desire_796,intends_to_watch,preserve,True,yes,yes,False,False,False,False
desire_797,intends_to_watch,preserve,True,no,no,False,False,False,False
desire_802,intends_to_watch,preserve,True,no,no,False,False,False,False
desire_803,intends_to_watch,preserve,True,no,no,False,False,False,False
desire_804,intends_to_watch,preserve,True,yes,yes,False,False,False,False
desire_805,intends_to_watch,preserve,True,yes,yes,False,False,False,False
desire_828,intends_to_watch,preserve,True,yes,yes,False,False,False,False
desire_829,intends_to_watch,preserve,True,no,no,False,False,False,False
desire_830,intends_to_watch,preserve,True,yes,yes,False,False,False,False
desire_831,intends_to_watch,preserve,True,yes,yes,False,False,False,False
desire_839,intends_to_watch,retain_unknown,True,unknown,unknown,False,False,False,False
desire_840,intends_to_watch,preserve,True,yes,yes,False,False,False,False
desire_841,intends_to_watch,preserve,True,no,no,False,False,False,False
desire_842,intends_to_watch,preserve,True,yes,yes,False,False,False,False
desire_868,intends_to_watch,preserve,True,yes,yes,False,False,False,False
desire_869,intends_to_watch,preserve,True,no,no,False,False,False,False
desire_870,intends_to_watch,preserve,True,yes,yes,False,False,False,False
desire_871,intends_to_watch,preserve,True,yes,yes,False,False,False,False
desire_882,intends_to_watch,retain_unknown,True,unknown,unknown,False,False,False,False
desire_883,intends_to_watch,preserve,True,yes,yes,False,False,False,False
desire_884,intends_to_watch,preserve,True,yes,yes,False,False,False,False
desire_885,intends_to_watch,retain_unknown,True,unknown,unknown,False,False,False,False
desire_886,intends_to_watch,retain_unknown,True,unknown,unknown,False,False,False,False
desire_887,intends_to_watch,retain_unknown,True,unknown,unknown,False,False,False,False
desire_888,intends_to_watch,preserve,True,yes,yes,False,False,False,False
desire_889,intends_to_watch,preserve,True,yes,yes,False,False,False,False
desire_894,intends_to_watch,retain_unknown,True,unknown,unknown,False,False,False,False
desire_895,intends_to_watch,preserve,True,yes,yes,False,False,False,False
desire_896,intends_to_watch,preserve,True,yes,yes,False,False,False,False
desire_897,intends_to_watch,preserve,True,no,no,False,False,False,False
desire_898,intends_to_watch,preserve,True,yes,yes,False,False,False,False
desire_907,intends_to_watch,preserve,True,yes,yes,False,False,False,False
desire_908,intends_to_watch,preserve,True,yes,yes,False,False,False,False
desire_909,intends_to_watch,preserve,True,no,no,False,False,False,False
desire_910,intends_to_watch,preserve,True,yes,yes,False,False,False,False
desire_911,intends_to_watch,preserve,True,yes,yes,False,False,False,False
desire_912,intends_to_watch,preserve,True,no,no,False,False,False,False
desire_913,intends_to_watch,retain_unknown,True,unknown,unknown,False,False,False,False
desire_914,intends_to_watch,preserve,True,no,no,False,False,False,False
desire_915,intends_to_watch,retain_unknown,True,unknown,unknown,False,False,False,False
desire_930,intends_to_watch,preserve,True,yes,yes,False,False,False,False
desire_931,intends_to_watch,retain_unknown,True,unknown,unknown,False,False,False,False
desire_932,intends_to_watch,preserve,True,yes,yes,False,False,False,False
desire_933,intends_to_watch,preserve,True,no,no,False,False,False,False
desire_996,intends_to_watch,preserve,True,yes,yes,False,False,False,False
desire_997,intends_to_watch,preserve,True,no,no,False,False,False,False
desire_998,intends_to_watch,preserve,True,yes,yes,False,False,False,False
desire_999,intends_to_watch,preserve,True,yes,yes,False,False,False,False
desire_1000,intends_to_watch,preserve,True,yes,yes,False,False,False,False
desire_1001,intends_to_watch,preserve,True,no,no,False,False,False,False
desire_1002,intends_to_watch,preserve,True,yes,yes,False,False,False,False
desire_1042,intends_to_watch,preserve,True,yes,yes,False,False,False,False
desire_1043,intends_to_watch,preserve,True,no,no,False,False,False,False
desire_1044,intends_to_watch,preserve,True,yes,yes,False,False,False,False
desire_1045,intends_to_watch,preserve,True,yes,yes,False,False,False,False
desire_1046,intends_to_watch,preserve,True,yes,yes,False,False,False,False
desire_1053,intends_to_watch,preserve,True,no,no,False,False,False,False
desire_1054,intends_to_watch,preserve,True,yes,yes,False,False,False,False
desire_1055,intends_to_watch,retain_unknown,True,unknown,unknown,False,False,False,False
desire_1056,intends_to_watch,preserve,True,yes,yes,False,False,False,False
desire_1057,intends_to_watch,preserve,True,no,no,False,False,False,False
desire_1058,intends_to_watch,preserve,True,yes,yes,False,False,False,False
desire_1059,intends_to_watch,preserve,True,yes,yes,False,False,False,False
desire_1060,intends_to_watch,preserve,True,yes,yes,False,False,False,False
desire_1080,intends_to_watch,preserve,True,no,no,False,False,False,False
desire_1081,intends_to_watch,preserve,True,yes,yes,False,False,False,False
desire_1082,intends_to_watch,preserve,True,yes,yes,False,False,False,False
desire_1083,intends_to_watch,preserve,True,yes,yes,False,False,False,False
desire_1084,intends_to_watch,preserve,True,yes,yes,False,False,False,False
desire_1102,intends_to_watch,retain_unknown,True,unknown,unknown,False,False,False,False
desire_1103,intends_to_watch,preserve,True,yes,yes,False,False,False,False
desire_1104,intends_to_watch,preserve,True,yes,yes,False,False,False,False
desire_1105,intends_to_watch,preserve,True,no,no,False,False,False,False
desire_1114,intends_to_watch,preserve,True,no,no,False,False,False,False
desire_1115,intends_to_watch,preserve,True,no,no,False,False,False,False
desire_1116,intends_to_watch,preserve,True,no,no,False,False,False,False
desire_1117,intends_to_watch,preserve,True,yes,yes,False,False,False,False
desire_1158,intends_to_watch,preserve,True,no,no,False,False,False,False
desire_1159,intends_to_watch,preserve,True,yes,yes,False,False,False,False
desire_1160,intends_to_watch,preserve,True,yes,yes,False,False,False,False
desire_1161,intends_to_watch,preserve,True,yes,yes,False,False,False,False
desire_1198,intends_to_watch,preserve,True,yes,yes,False,False,False,False
desire_1199,intends_to_watch,preserve,True,no,no,False,False,False,False
desire_1205,intends_to_watch,retain_unknown,True,unknown,unknown,False,False,False,False
desire_1206,intends_to_watch,preserve,True,no,no,False,False,False,False
desire_1252,intends_to_watch,preserve,True,yes,yes,False,False,False,False
desire_1253,intends_to_watch,preserve,True,yes,yes,False,False,False,False
desire_1254,intends_to_watch,preserve,True,yes,yes,False,False,False,False
desire_1255,intends_to_watch,preserve,True,no,no,False,False,False,False
desire_1287,intends_to_watch,preserve,True,no,no,False,False,False,False
desire_1288,intends_to_watch,preserve,True,no,no,False,False,False,False
desire_1289,intends_to_watch,preserve,True,yes,yes,False,False,False,False
desire_1303,intends_to_watch,preserve,True,yes,yes,False,False,False,False
desire_1304,intends_to_watch,preserve,True,no,no,False,False,False,False
desire_1305,intends_to_watch,revise,True,yes,unknown,True,True,True,True
desire_1318,intends_to_watch,preserve,True,no,no,False,False,False,False
desire_1319,intends_to_watch,preserve,True,yes,yes,False,False,False,False
desire_1320,intends_to_watch,preserve,True,yes,yes,False,False,False,False
desire_1321,intends_to_watch,preserve,True,yes,yes,False,False,False,False
desire_1322,intends_to_watch,preserve,True,yes,yes,False,False,False,False
desire_1323,intends_to_watch,retain_unknown,True,unknown,unknown,False,False,False,False
desire_1324,intends_to_watch,retain_unknown,True,unknown,unknown,False,False,False,False
desire_1325,intends_to_watch,retain_unknown,True,unknown,unknown,False,False,False,False
desire_1326,intends_to_watch,preserve,True,no,no,False,False,False,False
desire_1327,intends_to_watch,preserve,True,yes,yes,False,False,False,False
desire_1328,intends_to_watch,preserve,True,no,no,False,False,False,False
desire_1336,intends_to_watch,preserve,True,yes,yes,False,False,False,False
desire_1337,intends_to_watch,preserve,True,yes,yes,False,False,False,False
desire_1338,intends_to_watch,retain_unknown,True,unknown,unknown,False,False,False,False
desire_1339,intends_to_watch,preserve,True,no,no,False,False,False,False
desire_1345,intends_to_watch,preserve,True,yes,yes,False,False,False,False
desire_1346,intends_to_watch,preserve,True,yes,yes,False,False,False,False
desire_1347,intends_to_watch,preserve,True,no,no,False,False,False,False
desire_1348,intends_to_watch,preserve,True,no,no,False,False,False,False
desire_1371,intends_to_watch,preserve,True,yes,yes,False,False,False,False
desire_1372,intends_to_watch,preserve,True,no,no,False,False,False,False
desire_1373,intends_to_watch,preserve,True,yes,yes,False,False,False,False
desire_1374,intends_to_watch,retain_unknown,True,unknown,unknown,False,False,False,False
desire_1375,intends_to_watch,preserve,True,yes,yes,False,False,False,False
desire_1376,intends_to_watch,preserve,True,yes,yes,False,False,False,False
desire_1377,intends_to_watch,preserve,True,yes,yes,False,False,False,False
desire_1378,intends_to_watch,preserve,True,no,no,False,False,False,False
desire_1383,intends_to_watch,preserve,True,no,no,False,False,False,False
desire_1384,intends_to_watch,preserve,True,no,no,False,False,False,False
desire_1385,intends_to_watch,preserve,True,yes,yes,False,False,False,False
desire_1386,intends_to_watch,preserve,True,yes,yes,False,False,False,False
desire_1435,intends_to_watch,preserve,True,no,no,False,False,False,False
desire_1436,intends_to_watch,preserve,True,no,no,False,False,False,False
desire_1437,intends_to_watch,preserve,True,yes,yes,False,False,False,False
